[Licensing::Module] Trying to connect to existing licensing client channel...
Built from '6000.5/staging' branch; Version is '6000.5.7f1 (017862109af0) revision 96354'; Using compiler version '194234433'; Build Type 'Release'
OS: 'Windows 11  (10.0.26200) Enterprise' Language: 'en' Physical Memory: 32454 MB
[Licensing::IpcConnector] Successfully connected to: "LicenseClient-cgardner4864" at "2026-10-08T13:51:24.0286134Z"
BatchMode: 1, IsHumanControllingUs: 0, StartBugReporterOnCrash: 0, Is64bit: 1
System  architecture: x64
Process architecture: x64
Date: 2026-10-08T13:51:24Z

COMMAND LINE ARGUMENTS:
C:\Program Files\Unity\Hub\Editor\6000.5.7f1\Editor\Unity.exe
-adb2
-batchMode
-noUpm
-name
AssetImportWorkerHW0
-projectPath
C:/Users/cgardner4864/Documents/GitHub/Holy-Guac/Holy guac map
-logFile
Logs/AssetImportWorkerHW0.log
-srvPort
54099
-parentPid
21828
-analyticsCloudUserId
anonymous
-analyticsLocalProjectId
21b3dadeee59b0048aedcd49aa4fde60
-editorAnalyticsEnabled
1
-cbmEditorLicense
e62f810343b40be27bccfa1e0e9823e8db3c45d3
-cbmMachineId
o6y3aD8r9/j/Q5p9E9OV5pnfgJ8=
-licensingIpc
LicenseClient-cgardner4864
-noDiagnosticSwitchPersistentStore
-job-worker-count
15
-background-job-worker-count
8
-asset-garbage-collectors
1
-force-d3d12
-name
AssetImport
Successfully changed project path to: C:/Users/cgardner4864/Documents/GitHub/Holy-Guac/Holy guac map
C:/Users/cgardner4864/Documents/GitHub/Holy-Guac/Holy guac map
[UnityMemory] Configuration Parameters - Can be set up in boot.config
    "memorysetup-temp-allocator-size-gi-baking-worker=262144"
    "memorysetup-temp-allocator-size-gi-baking-worker=262144"
    "memorysetup-temp-allocator-size-gi-baking-worker=262144"
    "memorysetup-temp-allocator-size-gi-baking-worker=262144"
    "memorysetup-temp-allocator-size-gi-baking-worker=262144"
    "memorysetup-temp-allocator-size-nav-mesh-worker=65536"
    "memorysetup-temp-allocator-size-audio-worker=65536"
    "memorysetup-temp-allocator-size-cloud-worker=32768"
    "memorysetup-temp-allocator-size-gfx=262144"
    "memorysetup-temp-allocator-size-preload-manager=33554432"
    "memorysetup-allocator-temp-initial-block-size-main=262144"
    "memorysetup-allocator-temp-initial-block-size-worker=262144"
    "memorysetup-temp-allocator-size-job-worker=262144"
    "memorysetup-temp-allocator-size-background-worker=32768"
    "memorysetup-bucket-allocator-granularity=16"
    "memorysetup-bucket-allocator-bucket-count=8"
    "memorysetup-bucket-allocator-block-size=33554432"
    "memorysetup-bucket-allocator-block-count=8"
    "memorysetup-main-allocator-block-size=16777216"
    "memorysetup-thread-allocator-block-size=16777216"
    "memorysetup-main-allocator-mimalloc-enabled=0"
    "memorysetup-gfx-main-allocator-block-size=16777216"
    "memorysetup-gfx-thread-allocator-block-size=16777216"
    "memorysetup-cache-allocator-block-size=4194304"
    "memorysetup-typetree-allocator-block-size=2097152"
    "memorysetup-profiler-bucket-allocator-granularity=16"
    "memorysetup-profiler-bucket-allocator-bucket-count=8"
    "memorysetup-profiler-bucket-allocator-block-size=33554432"
    "memorysetup-profiler-bucket-allocator-block-count=8"
    "memorysetup-profiler-allocator-block-size=16777216"
    "memorysetup-profiler-editor-allocator-block-size=1048576"
    "memorysetup-temp-allocator-size-main=16777216"
    "memorysetup-job-temp-allocator-block-size=2097152"
    "memorysetup-job-temp-allocator-block-size-background=1048576"
    "memorysetup-job-temp-allocator-reduction-small-platforms=262144"
Player connection [24868]  Target information:

Player connection [24868]  * "[IP] 172.17.162.22 [Port] 0 [Flags] 2 [Guid] 1096869732 [EditorId] 1096869732 [Version] 1048832 [Id] WindowsEditor(7,CTE-D-BUS-05) [Debug] 1 [PackageName] WindowsEditor [ProjectName] Editor" 

Player connection [24868] Host joined multi-casting on [225.0.0.222:54997]...
Player connection [24868] Host joined alternative multi-casting on [225.0.0.222:34997]...
JobSystem: Creating JobQueue using job-worker-count value 15
Input System module state changed to: Initialized.
[Physics::Module] Initialized fallback backend.
[Physics::Module] Id: 0xdecafbad
Library Redirect Path: Library/
[Physics::Module] Selected backend.
[Physics::Module] Name: PhysX
[Physics::Module] Id: 0xf2b8ea05
[Physics::Module] SDK Version: 4.1.2
[Physics::Module] Integration Version: 1.0.0
[Physics::Module] Threading Mode: Multi-Threaded
Initialize engine version: 6000.5.7f1 (017862109af0)
[Subsystems] Discovering subsystems at path C:/Program Files/Unity/Hub/Editor/6000.5.7f1/Editor/Data/Resources/UnitySubsystems
[Subsystems] Discovering subsystems at path C:/Users/cgardner4864/Documents/GitHub/Holy-Guac/Holy guac map/Assets
Forcing GfxDevice: Direct3D 12
GfxDevice: creating device client; kGfxThreadingModeNonThreaded
d3d12: failed to query info queue interface (0x80004002).
Direct3D:
    Version:         Direct3D 12 [level 12.1]
    Renderer:        NVIDIA T1000 8GB (ID=0x1ff0)
    Vendor:          NVIDIA
    VRAM:            8015 MB
    App VRAM Budget: 7247 MB
    Driver:          32.0.15.9671
Initialize mono
Mono path[0] = 'C:/Program Files/Unity/Hub/Editor/6000.5.7f1/Editor/Data/Managed'
Mono path[1] = 'C:/Program Files/Unity/Hub/Editor/6000.5.7f1/Editor/Data/BCLExtensions/runtime/netstandard2.1'
Mono path[2] = 'C:/Program Files/Unity/Hub/Editor/6000.5.7f1/Editor/Data/MonoBleedingEdge/lib/mono/unityjit-win32'
Mono config path = 'C:/Program Files/Unity/Hub/Editor/6000.5.7f1/Editor/Data/MonoBleedingEdge/etc'
Using monoOptions --debugger-agent=transport=dt_socket,embedding=1,server=y,suspend=n,address=127.0.0.1:56392
CodeReloadManager initialized
Begin MonoManager ReloadAssembly
Registering precompiled unity dll's ...
Register platform support module: C:/Program Files/Unity/Hub/Editor/6000.5.7f1/Editor/Data/PlaybackEngines/WindowsStandaloneSupport/UnityEditor.WindowsStandalone.Extensions.dll
Registered in 0.001195 seconds.
Native extension for WindowsStandalone target not found
Package Manager log level set to [2]
[Package Manager] Failed to launch server process. Reason: Unity was launched with the -noUpm command-line argument
[Package Manager] Unable to send message (not connected to server process).
[Package Manager] Cannot connect to Unity Package Manager local server
ScheduleIndexationOnStartup MainProcess:False IndexOnStartup:False
Mono: successfully reloaded assembly
- Finished resetting the current domain, in  0.281 seconds
Domain Reload Profiling: 643ms
	BeginReloadAssembly (92ms)
	RebuildCommonClasses (3ms)
	RebuildNativeTypeToScriptingClass (12ms)
	initialDomainReloadingComplete (48ms)
	LoadAllAssembliesAndSetupDomain (204ms)
		LoadAssemblies (90ms)
		AnalyzeDomain (151ms)
			TypeCache.Refresh (150ms)
				TypeCache.ScanAssembly (140ms)
	FinalizeReload (283ms)
		SetupLoadedEditorAssemblies (0ms)
			BeforeProcessingInitializeOnLoad (70ms)
			ProcessInitializeOnLoadAttributes (68ms)
			ProcessInitializeOnLoadMethodAttributes (93ms)
Initializing Unity extensions:
[Licensing::Module] Licensing is not yet initialized.
[Licensing::Client] Error: HandshakeResponse reported an error:
	ResponseCode: 505
	ResponseStatus: Unsupported protocol version '1.18.1'.
[Licensing::Module] Error: Failed to handshake to channel: "LicenseClient-cgardner4864"
[Licensing::IpcConnector] LicenseClient-cgardner4864 channel disconnected successfully.
[Licensing::IpcConnector] Successfully connected to: "LicenseClient-cgardner4864-6000.5.7" at "2026-10-08T13:51:25.4763343Z"
[Licensing::Client] Code 10 while verifying Licensing Client signature (process Id: 29088, path: "C:/Program Files/Unity/Hub/Editor/6000.5.7f1/Editor/Data/Resources/Licensing/Client/Unity.Licensing.Client.exe")
[Licensing::Module] LicensingClient has failed validation; ignoring
[Licensing::Client] Handshaking with LicensingClient:
  Version:                 1.18.1+9fbee8e
  Session Id:              0f3a7aba1fac4b4f9d510c076dd42126
  Correlation Id:          f1f7b936c8fcdadd6369157f742402ec
  External correlation Id: 758572160709497508
  Machine Id:              o6y3aD8r9/j/Q5p9E9OV5pnfgJ8=
[Licensing::Module] Successfully connected to LicensingClient on channel: "LicenseClient-cgardner4864-6000.5.7" (connect: 0.00s, validation: 0.00s, handshake: 0.01s)
[Licensing::IpcConnector] Successfully connected to: "LicenseClient-cgardner4864-6000.5.7-notifications" at "2026-10-08T13:51:25.4846199Z"
[Licensing::Module] Licensing Background thread has ended after 1.46s
[Licensing::Module] Licensing is initialized (took 0.23s).
[Licensing::Client] Successfully resolved entitlement details
[Licensing::Module] License group:
  Id: 2475879046101-UnityPersXXXX
  Product: Unity Personal
  Type: Assigned
  Expiration: Unlimited
========================================================================
Worker process is ready to serve import requests
Import Worker Mode flag is 0x00
Begin MonoManager ReloadAssembly
Native extension for WindowsStandalone target not found
[Package Manager] Failed to launch server process. Reason: Unity was launched with the -noUpm command-line argument
[Package Manager] Unable to send message (not connected to server process).
[Package Manager] Cannot connect to Unity Package Manager local server
ScheduleIndexationOnStartup MainProcess:False IndexOnStartup:False
Mono: successfully reloaded assembly
- Finished resetting the current domain, in  0.289 seconds
Domain Reload Profiling: 582ms
	BeginReloadAssembly (161ms)
		DisableScriptedObjects (18ms)
		CreateAndSetChildDomain (22ms)
	RebuildCommonClasses (8ms)
	RebuildNativeTypeToScriptingClass (14ms)
	initialDomainReloadingComplete (33ms)
	LoadAllAssembliesAndSetupDomain (77ms)
		LoadAssemblies (79ms)
		AnalyzeDomain (11ms)
			TypeCache.Refresh (6ms)
			BuildScriptInfoCaches (3ms)
	FinalizeReload (290ms)
		SetupLoadedEditorAssemblies (0ms)
			BeforeProcessingInitializeOnLoad (68ms)
			ProcessInitializeOnLoadAttributes (54ms)
			ProcessInitializeOnLoadMethodAttributes (52ms)
			AfterProcessingInitializeOnLoad (4ms)
		AwakeInstancesAfterBackupRestoration (3ms)
AcceleratorClientConnectionCallback - disconnected - :0
Launched and connected shader compiler UnityShaderCompiler.exe after 0.01 seconds
Unloading 1 Unused Serialized files (Serialized files now loaded: 0)
Curl error 3: URL rejected: Malformed input to a URL function
Unloading 64 unused Assets / (31.9 KB). Loaded Objects now: 672.
Memory consumption went from 162.3 MB to 162.3 MB.
Total: 3.114700 ms (FindLiveObjects: 0.046900 ms CreateObjectMapping: 0.022100 ms MarkObjects: 2.970600 ms  DeleteObjects: 0.073300 ms)

========================================================================
Received Import Request.
  Time of request: 2026-10-08T13:51:26.6702606Z
  Time since last request: 169580.54859200000647 seconds.
  importAddress: GUID: 5d2ebd7da37f535499adc9b57dd2eaa4 - Path: Assets/wall4 (3).prefab - Importer: PreviewImporter
Importing 'GUID: 5d2ebd7da37f535499adc9b57dd2eaa4 - Path: Assets/wall4 (3).prefab - Importer: PreviewImporter' with importer (PreviewImporter)
Imported 'GUID: 5d2ebd7da37f535499adc9b57dd2eaa4' -> (Import Result ID: '3cc2f847cadc66e2b6ede22d37a06ce2') in 0.031 seconds [static and dynamic dependencies]. Details - ImportResultOutputID=e358f3b70f978948934dff8a94348e03 DependenciesID=37170565a4f28d59aea3922204d796f5 StaticDependenciesID=3cf083ddf8a0a9460a3fa870e771b165 
Number of updated asset objects reloaded before import = 0
Number of asset objects unloaded after import = 6
========================================================================
Received Import Request.
  Time of request: 2026-10-08T13:51:26.7025355Z
  Time since last request: 0.0002035 seconds.
  importAddress: GUID: d0ec0d0eeb3f3e24cb26d1b4515a162f - Path: Assets/wall4 (5).prefab - Importer: PreviewImporter
Importing 'GUID: d0ec0d0eeb3f3e24cb26d1b4515a162f - Path: Assets/wall4 (5).prefab - Importer: PreviewImporter' with importer (PreviewImporter)
Imported 'GUID: d0ec0d0eeb3f3e24cb26d1b4515a162f' -> (Import Result ID: '7c4f6a8b8072ae762509f47a783676d2') in 0.001 seconds [static and dynamic dependencies]. Details - ImportResultOutputID=3fde983f6d3ebc0c7c1c9c6b9d8c88db DependenciesID=aa614868bc06908fbd01d61785c39297 StaticDependenciesID=1ac9457f49793edd0bc821778de11188 
Number of updated asset objects reloaded before import = 0
Number of asset objects unloaded after import = 6
========================================================================
Received Import Request.
  Time of request: 2026-10-08T13:51:26.703711Z
  Time since last request: 0.0001974 seconds.
  importAddress: GUID: a55cf07cebaec724dad75544c4344340 - Path: Assets/wall7 (7).prefab - Importer: PreviewImporter
Importing 'GUID: a55cf07cebaec724dad75544c4344340 - Path: Assets/wall7 (7).prefab - Importer: PreviewImporter' with importer (PreviewImporter)
Imported 'GUID: a55cf07cebaec724dad75544c4344340' -> (Import Result ID: '311690ee09bb8fbba391a875ef8b5115') in 0.001 seconds [static and dynamic dependencies]. Details - ImportResultOutputID=cbc789ffde6e1d065a89eb86175a24af DependenciesID=4cbb5ed03f84de18b510fd1731ca8f8b StaticDependenciesID=be8ca0b0c1ccfc2e4a846eb82c638932 
Number of updated asset objects reloaded before import = 0
Number of asset objects unloaded after import = 6
========================================================================
Received Import Request.
  Time of request: 2026-10-08T13:51:26.7046553Z
  Time since last request: 0.0001647 seconds.
  importAddress: GUID: 93720045080c28a488fd81301407c122 - Path: Assets/wall4 (4).prefab - Importer: PreviewImporter
Importing 'GUID: 93720045080c28a488fd81301407c122 - Path: Assets/wall4 (4).prefab - Importer: PreviewImporter' with importer (PreviewImporter)
Imported 'GUID: 93720045080c28a488fd81301407c122' -> (Import Result ID: '5c323047c3ab5c991c0b5bc10c6c1d35') in 0.001 seconds [static and dynamic dependencies]. Details - ImportResultOutputID=f5f52cfb1366783df7fa94ef430dcce8 DependenciesID=98c88d290f05a665ed193734dbe22d89 StaticDependenciesID=532a4c0fc252b77e89407291c3e325b4 
Number of updated asset objects reloaded before import = 0
Number of asset objects unloaded after import = 6
========================================================================
Received Import Request.
  Time of request: 2026-10-08T13:51:26.7054659Z
  Time since last request: 0.0001395 seconds.
  importAddress: GUID: 95d04b02a9d7c434aa04141a28665aba - Path: Assets/wall7 (8).prefab - Importer: PreviewImporter
Importing 'GUID: 95d04b02a9d7c434aa04141a28665aba - Path: Assets/wall7 (8).prefab - Importer: PreviewImporter' with importer (PreviewImporter)
Imported 'GUID: 95d04b02a9d7c434aa04141a28665aba' -> (Import Result ID: 'd1780a1d6095efad5accda9d01f44175') in 0.001 seconds [static and dynamic dependencies]. Details - ImportResultOutputID=b5bd4e41fc965d2352e97c898a4d10fe DependenciesID=cd223136cefeb9ded0d4df35e9f67d4d StaticDependenciesID=d0acbe1f31c0af1f29b3094d0a353335 
Number of updated asset objects reloaded before import = 0
Number of asset objects unloaded after import = 6
========================================================================
Received Import Request.
  Time of request: 2026-10-08T13:51:26.7063668Z
  Time since last request: 0.0001816 seconds.
  importAddress: GUID: 8c1a4bd9a1cb842459f7e1ec9eb4da70 - Path: Assets/wall4 (6).prefab - Importer: PreviewImporter
Importing 'GUID: 8c1a4bd9a1cb842459f7e1ec9eb4da70 - Path: Assets/wall4 (6).prefab - Importer: PreviewImporter' with importer (PreviewImporter)
Imported 'GUID: 8c1a4bd9a1cb842459f7e1ec9eb4da70' -> (Import Result ID: '6299667629c8fee5d20ca938774753d6') in 0.001 seconds [static and dynamic dependencies]. Details - ImportResultOutputID=2417ace6ab1216b2cf567e5f6f080c75 DependenciesID=162a8472cffc6b9f3bfeef4216962384 StaticDependenciesID=14c16ca157e4fdc87bf8b718b90c1396 
Number of updated asset objects reloaded before import = 0
Number of asset objects unloaded after import = 6
========================================================================
Received Import Request.
  Time of request: 2026-10-08T13:51:26.7072315Z
  Time since last request: 0.0001507 seconds.
  importAddress: GUID: 67547139f0b1dc743b54d018908d9091 - Path: Assets/wall7 (10).prefab - Importer: PreviewImporter
Importing 'GUID: 67547139f0b1dc743b54d018908d9091 - Path: Assets/wall7 (10).prefab - Importer: PreviewImporter' with importer (PreviewImporter)
Imported 'GUID: 67547139f0b1dc743b54d018908d9091' -> (Import Result ID: 'ff3f86280e7cbe3c7171db135f925229') in 0.001 seconds [static and dynamic dependencies]. Details - ImportResultOutputID=c2d1544aee93d2281585a335c6983884 DependenciesID=e7008cb6dc1980cc79945181c21f84ed StaticDependenciesID=008115c926ddb6ab82da73dbf9512827 
Number of updated asset objects reloaded before import = 0
Number of asset objects unloaded after import = 6
========================================================================
Received Import Request.
  Time of request: 2026-10-08T13:51:26.835093Z
  Time since last request: 0.1270868 seconds.
  importAddress: GUID: d2a69d63cf3e858419644a2091720f17 - Path: Assets/Free Pack/scenes/HDRP_Demo.unity - Importer: ScriptedImporter/UnityEditor.QuickSearchModule:UnityEditor.Search:ASIAI0B
Importing 'GUID: d2a69d63cf3e858419644a2091720f17 - Path: Assets/Free Pack/scenes/HDRP_Demo.unity - Importer: ScriptedImporter/UnityEditor.QuickSearchModule:UnityEditor.Search:ASIAI0B' with importer (ScriptedImporter : UnityEditor.QuickSearchModule:UnityEditor.Search:ASIAI0B)
Imported 'GUID: d2a69d63cf3e858419644a2091720f17' -> (Import Result ID: '37bd60d7357bee70c5b73071cbfed54b') in 0.059 seconds [static and dynamic dependencies]. Details - ImportResultOutputID=d7f9f577609d9676dd145963f725ed2c DependenciesID=33193486b0083006fc7ac932907bb9b1 StaticDependenciesID=e21b05b181f6b2811f5f990f06a8d406 
Number of updated asset objects reloaded before import = 0
Number of asset objects unloaded after import = 1
========================================================================
Received Import Request.
  Time of request: 2026-10-08T13:51:26.894533Z
  Time since last request: 0.0003859 seconds.
  importAddress: GUID: ac19a7cba80b6234c8ae9d26dbbcd50a - Path: Assets/Free Pack/Textures/T_Batch_Small_01_MetallicSmoothness.png - Importer: ScriptedImporter/UnityEditor.QuickSearchModule:UnityEditor.Search:ASIAI0B
Importing 'GUID: ac19a7cba80b6234c8ae9d26dbbcd50a - Path: Assets/Free Pack/Textures/T_Batch_Small_01_MetallicSmoothness.png - Importer: ScriptedImporter/UnityEditor.QuickSearchModule:UnityEditor.Search:ASIAI0B' with importer (ScriptedImporter : UnityEditor.QuickSearchModule:UnityEditor.Search:ASIAI0B)
Imported 'GUID: ac19a7cba80b6234c8ae9d26dbbcd50a' -> (Import Result ID: '157e9986b483d367f70280ada8b15571') in 0.049 seconds [static and dynamic dependencies]. Details - ImportResultOutputID=1e3ea906e024cd200fa00aba4df45289 DependenciesID=8b6e29d7e3824022a1019b46915a3069 StaticDependenciesID=e61e88e0da76f16f2948321f0b367b8c 
Number of updated asset objects reloaded before import = 0
Number of asset objects unloaded after import = 1
========================================================================
Received Import Request.
  Time of request: 2026-10-08T13:51:26.9436514Z
  Time since last request: 0.000327 seconds.
  importAddress: GUID: 473314c828cc99e439b2d01de2ec3476 - Path: Assets/Free Pack/Meshes/SM_Packet_16.fbx - Importer: ScriptedImporter/UnityEditor.QuickSearchModule:UnityEditor.Search:ASIAI0B
Importing 'GUID: 473314c828cc99e439b2d01de2ec3476 - Path: Assets/Free Pack/Meshes/SM_Packet_16.fbx - Importer: ScriptedImporter/UnityEditor.QuickSearchModule:UnityEditor.Search:ASIAI0B' with importer (ScriptedImporter : UnityEditor.QuickSearchModule:UnityEditor.Search:ASIAI0B)
Imported 'GUID: 473314c828cc99e439b2d01de2ec3476' -> (Import Result ID: '7a5484c893504e6492f921d3f742e221') in 0.024 seconds [static and dynamic dependencies]. Details - ImportResultOutputID=f72d6d25760742a22e412aea1b17a770 DependenciesID=2cb262da5bf9ee108d21bff1fa6bf0fa StaticDependenciesID=e1b38c05ff157b26a51972b75a94e770 
Number of updated asset objects reloaded before import = 0
Number of asset objects unloaded after import = 25
========================================================================
Received Import Request.
  Time of request: 2026-10-08T13:51:26.9680201Z
  Time since last request: 0.0002921 seconds.
  importAddress: GUID: 2ea976573cca94646b0a7bd3936324b0 - Path: Assets/Free Pack/scenes/Demo.unity - Importer: ScriptedImporter/UnityEditor.QuickSearchModule:UnityEditor.Search:ASIAI0B
Importing 'GUID: 2ea976573cca94646b0a7bd3936324b0 - Path: Assets/Free Pack/scenes/Demo.unity - Importer: ScriptedImporter/UnityEditor.QuickSearchModule:UnityEditor.Search:ASIAI0B' with importer (ScriptedImporter : UnityEditor.QuickSearchModule:UnityEditor.Search:ASIAI0B)
Imported 'GUID: 2ea976573cca94646b0a7bd3936324b0' -> (Import Result ID: '46de9ae62ebc92dc195cbcf5f03d15d9') in 0.005 seconds [static and dynamic dependencies]. Details - ImportResultOutputID=4008fea7e4e32ac97f6c1cd87a1c3f1d DependenciesID=7e7b3cfc088f4515e00428d6a6e96dfd StaticDependenciesID=1a0a738d0c1bf7667d1847dcde5c3122 
Number of updated asset objects reloaded before import = 0
Number of asset objects unloaded after import = 1
========================================================================
Received Import Request.
  Time of request: 2026-10-08T13:51:26.9737376Z
  Time since last request: 0.0003778 seconds.
  importAddress: GUID: e591867826f3ff14da56d8bee455a71a - Path: Assets/Free Pack/scenes/URP_Overview.unity - Importer: ScriptedImporter/UnityEditor.QuickSearchModule:UnityEditor.Search:ASIAI0B
Importing 'GUID: e591867826f3ff14da56d8bee455a71a - Path: Assets/Free Pack/scenes/URP_Overview.unity - Importer: ScriptedImporter/UnityEditor.QuickSearchModule:UnityEditor.Search:ASIAI0B' with importer (ScriptedImporter : UnityEditor.QuickSearchModule:UnityEditor.Search:ASIAI0B)
Imported 'GUID: e591867826f3ff14da56d8bee455a71a' -> (Import Result ID: '811ec5df93f1ddc0808a763498ac09f9') in 0.004 seconds [static and dynamic dependencies]. Details - ImportResultOutputID=32f1386643aa9908562f74eba16fa567 DependenciesID=be4080d76a9f9f2d2b4384e0969499c7 StaticDependenciesID=9b8dad3dc8d955bc6cdd04b4fb8ea37b 
Number of updated asset objects reloaded before import = 0
Number of asset objects unloaded after import = 1
========================================================================
Received Import Request.
  Time of request: 2026-10-08T13:51:26.9784605Z
  Time since last request: 0.0003259 seconds.
  importAddress: GUID: 307f10ffb3d76d540a873bda1ffac600 - Path: Assets/Free Pack/Meshes/SM_Spoon_05.fbx - Importer: ScriptedImporter/UnityEditor.QuickSearchModule:UnityEditor.Search:ASIAI0B
Importing 'GUID: 307f10ffb3d76d540a873bda1ffac600 - Path: Assets/Free Pack/Meshes/SM_Spoon_05.fbx - Importer: ScriptedImporter/UnityEditor.QuickSearchModule:UnityEditor.Search:ASIAI0B' with importer (ScriptedImporter : UnityEditor.QuickSearchModule:UnityEditor.Search:ASIAI0B)
Imported 'GUID: 307f10ffb3d76d540a873bda1ffac600' -> (Import Result ID: 'c340d8b4488866b22ac6a17cecc81428') in 0.007 seconds [static and dynamic dependencies]. Details - ImportResultOutputID=c9fc798c38b44d9b9be5a52fb9f5b40c DependenciesID=dc3735a55ba1966b32b2a82496781ba0 StaticDependenciesID=fb68f13722c9f9f689a0a33ae791c97b 
Number of updated asset objects reloaded before import = 0
Number of asset objects unloaded after import = 25
========================================================================
Received Import Request.
  Time of request: 2026-10-08T13:51:26.9857139Z
  Time since last request: 0.0002438 seconds.
  importAddress: GUID: 49b32191294d21a4bb56fb59d239ef32 - Path: Assets/Free Pack/Textures/T_Batch_Small_02_BaseOp.png - Importer: ScriptedImporter/UnityEditor.QuickSearchModule:UnityEditor.Search:ASIAI0B
Importing 'GUID: 49b32191294d21a4bb56fb59d239ef32 - Path: Assets/Free Pack/Textures/T_Batch_Small_02_BaseOp.png - Importer: ScriptedImporter/UnityEditor.QuickSearchModule:UnityEditor.Search:ASIAI0B' with importer (ScriptedImporter : UnityEditor.QuickSearchModule:UnityEditor.Search:ASIAI0B)
Imported 'GUID: 49b32191294d21a4bb56fb59d239ef32' -> (Import Result ID: '71a804a36363cb35d945d93381b498d7') in 0.007 seconds [static and dynamic dependencies]. Details - ImportResultOutputID=f4c6b2da1993f5c8eeb7ec17b455c620 DependenciesID=dc93ffa9426d7ad0281283ef9e6d0015 StaticDependenciesID=d87c92ec32c98c058ea277a7841d5d07 
Number of updated asset objects reloaded before import = 0
Number of asset objects unloaded after import = 1
========================================================================
Received Import Request.
  Time of request: 2026-10-08T13:51:26.9933764Z
  Time since last request: 0.0004045 seconds.
  importAddress: GUID: cab241df09e03574e831095392f0f50b - Path: Assets/Free Pack/Meshes/SM_Grapes_02.fbx - Importer: ScriptedImporter/UnityEditor.QuickSearchModule:UnityEditor.Search:ASIAI0B
Importing 'GUID: cab241df09e03574e831095392f0f50b - Path: Assets/Free Pack/Meshes/SM_Grapes_02.fbx - Importer: ScriptedImporter/UnityEditor.QuickSearchModule:UnityEditor.Search:ASIAI0B' with importer (ScriptedImporter : UnityEditor.QuickSearchModule:UnityEditor.Search:ASIAI0B)
Imported 'GUID: cab241df09e03574e831095392f0f50b' -> (Import Result ID: 'f058e6b7e24194c14a81a8fc54d9818b') in 0.008 seconds [static and dynamic dependencies]. Details - ImportResultOutputID=a8341ad06fcac6560f70e259915530ee DependenciesID=ade1571706b1fb3df781430f8947e804 StaticDependenciesID=48b2eb46036ec4358168663a16b04deb 
Number of updated asset objects reloaded before import = 0
Number of asset objects unloaded after import = 25
========================================================================
Received Import Request.
  Time of request: 2026-10-08T13:51:27.0024196Z
  Time since last request: 0.0003653 seconds.
  importAddress: GUID: de5d0cff30cd91e45aefa4e02d8e5aca - Path: Assets/Free Pack/Textures/T_Batch_Small_01_AO.png - Importer: ScriptedImporter/UnityEditor.QuickSearchModule:UnityEditor.Search:ASIAI0B
Importing 'GUID: de5d0cff30cd91e45aefa4e02d8e5aca - Path: Assets/Free Pack/Textures/T_Batch_Small_01_AO.png - Importer: ScriptedImporter/UnityEditor.QuickSearchModule:UnityEditor.Search:ASIAI0B' with importer (ScriptedImporter : UnityEditor.QuickSearchModule:UnityEditor.Search:ASIAI0B)
Imported 'GUID: de5d0cff30cd91e45aefa4e02d8e5aca' -> (Import Result ID: '42d9f828407d72799b80fb96ece6749c') in 0.008 seconds [static and dynamic dependencies]. Details - ImportResultOutputID=5cd2ae7ddd887a62561bf7162c1edd18 DependenciesID=30f35d682702207c0f3d76c70507571c StaticDependenciesID=91951b90f02443091d9559c404be16a2 
Number of updated asset objects reloaded before import = 0
Number of asset objects unloaded after import = 1
========================================================================
Received Import Request.
  Time of request: 2026-10-08T13:51:27.0114521Z
  Time since last request: 0.0005009 seconds.
  importAddress: GUID: 306594fd7978855428db9aac6cb62455 - Path: Assets/Free Pack/Meshes/SM_Cereal_Bowl.fbx - Importer: ScriptedImporter/UnityEditor.QuickSearchModule:UnityEditor.Search:ASIAI0B
Importing 'GUID: 306594fd7978855428db9aac6cb62455 - Path: Assets/Free Pack/Meshes/SM_Cereal_Bowl.fbx - Importer: ScriptedImporter/UnityEditor.QuickSearchModule:UnityEditor.Search:ASIAI0B' with importer (ScriptedImporter : UnityEditor.QuickSearchModule:UnityEditor.Search:ASIAI0B)
Imported 'GUID: 306594fd7978855428db9aac6cb62455' -> (Import Result ID: 'a1d176a89064d0080b9aea9daa7de7e8') in 0.010 seconds [static and dynamic dependencies]. Details - ImportResultOutputID=63a2f9014692c0dc8fe2c7ae29662d46 DependenciesID=0fe4c8fc9cbbf9b7ac2b30ac931e623a StaticDependenciesID=41418630580f592866038fa9eb48be36 
Number of updated asset objects reloaded before import = 0
Number of asset objects unloaded after import = 25
========================================================================
Received Import Request.
  Time of request: 2026-10-08T13:51:27.0217799Z
  Time since last request: 0.000261 seconds.
  importAddress: GUID: a152dd3f3bf972e4a9d103936509a5c2 - Path: Assets/Free Pack/Meshes/SM_EggplantDish.fbx - Importer: ScriptedImporter/UnityEditor.QuickSearchModule:UnityEditor.Search:ASIAI0B
Importing 'GUID: a152dd3f3bf972e4a9d103936509a5c2 - Path: Assets/Free Pack/Meshes/SM_EggplantDish.fbx - Importer: ScriptedImporter/UnityEditor.QuickSearchModule:UnityEditor.Search:ASIAI0B' with importer (ScriptedImporter : UnityEditor.QuickSearchModule:UnityEditor.Search:ASIAI0B)
Imported 'GUID: a152dd3f3bf972e4a9d103936509a5c2' -> (Import Result ID: 'ec2078881e1e10346d58abcddf191ce6') in 0.008 seconds [static and dynamic dependencies]. Details - ImportResultOutputID=ce46f4be78adaa841e3d7ef0a55c9991 DependenciesID=e653f6b699dc1b783eaadfd34ba45bad StaticDependenciesID=88ff7606b89a67e18e0b7348bdc41ef8 
Number of updated asset objects reloaded before import = 0
Number of asset objects unloaded after import = 25
========================================================================
Received Import Request.
  Time of request: 2026-10-08T13:51:27.0301313Z
  Time since last request: 0.0003128 seconds.
  importAddress: GUID: 658f09911b2a51143b7e9f49704d92bb - Path: Assets/Free Pack/Meshes/SM_Packet_11.fbx - Importer: ScriptedImporter/UnityEditor.QuickSearchModule:UnityEditor.Search:ASIAI0B
Importing 'GUID: 658f09911b2a51143b7e9f49704d92bb - Path: Assets/Free Pack/Meshes/SM_Packet_11.fbx - Importer: ScriptedImporter/UnityEditor.QuickSearchModule:UnityEditor.Search:ASIAI0B' with importer (ScriptedImporter : UnityEditor.QuickSearchModule:UnityEditor.Search:ASIAI0B)
Imported 'GUID: 658f09911b2a51143b7e9f49704d92bb' -> (Import Result ID: 'f4dbc88a2f65a85614019b8472afdd21') in 0.009 seconds [static and dynamic dependencies]. Details - ImportResultOutputID=5722757760093a3737f32855f98779c3 DependenciesID=0ba8493de9ee4b5124813875defccab7 StaticDependenciesID=9c848b86347a4d3657b36ec5cb254784 
Number of updated asset objects reloaded before import = 0
Number of asset objects unloaded after import = 25
========================================================================
Received Import Request.
  Time of request: 2026-10-08T13:51:27.0392879Z
  Time since last request: 0.0002719 seconds.
  importAddress: GUID: eaf832853694adb40a1f2ad19876d1b5 - Path: Assets/Free Pack/Meshes/SM_Plate.fbx - Importer: ScriptedImporter/UnityEditor.QuickSearchModule:UnityEditor.Search:ASIAI0B
Importing 'GUID: eaf832853694adb40a1f2ad19876d1b5 - Path: Assets/Free Pack/Meshes/SM_Plate.fbx - Importer: ScriptedImporter/UnityEditor.QuickSearchModule:UnityEditor.Search:ASIAI0B' with importer (ScriptedImporter : UnityEditor.QuickSearchModule:UnityEditor.Search:ASIAI0B)
Imported 'GUID: eaf832853694adb40a1f2ad19876d1b5' -> (Import Result ID: 'b002ecc131bc4cd95ee86d62961fbea8') in 0.007 seconds [static and dynamic dependencies]. Details - ImportResultOutputID=8985beb74e2fb16ce57ae99109d172b5 DependenciesID=c13ab3ba68e504a68974d4df0e8ed821 StaticDependenciesID=7b4edef6b1279ced40c879960be79560 
Number of updated asset objects reloaded before import = 0
Number of asset objects unloaded after import = 25
========================================================================
Received Import Request.
  Time of request: 2026-10-08T13:51:27.0466763Z
  Time since last request: 0.0003689 seconds.
  importAddress: GUID: 8637e8b8d01bbd64f9c08697caae4f92 - Path: Assets/Free Pack/Intro/Thankyou.txt - Importer: ScriptedImporter/UnityEditor.QuickSearchModule:UnityEditor.Search:ASIAI0B
Importing 'GUID: 8637e8b8d01bbd64f9c08697caae4f92 - Path: Assets/Free Pack/Intro/Thankyou.txt - Importer: ScriptedImporter/UnityEditor.QuickSearchModule:UnityEditor.Search:ASIAI0B' with importer (ScriptedImporter : UnityEditor.QuickSearchModule:UnityEditor.Search:ASIAI0B)
Imported 'GUID: 8637e8b8d01bbd64f9c08697caae4f92' -> (Import Result ID: 'a0bd296f61e9754b4a396bc5bc6a0423') in 0.004 seconds [static and dynamic dependencies]. Details - ImportResultOutputID=7ab7672c9fe9d28a74f9fbea3f0ce4e5 DependenciesID=a82cf42f626fb40293af8e45ee71363e StaticDependenciesID=fc21c9681f276ee24951ea306d86edeb 
Number of updated asset objects reloaded before import = 0
Number of asset objects unloaded after import = 1
========================================================================
Received Import Request.
  Time of request: 2026-10-08T13:51:27.0513656Z
  Time since last request: 0.0003306 seconds.
  importAddress: GUID: 5d2ebd7da37f535499adc9b57dd2eaa4 - Path: Assets/wall4 (3).prefab - Importer: ScriptedImporter/UnityEditor.QuickSearchModule:UnityEditor.Search:ASIAI0B
Importing 'GUID: 5d2ebd7da37f535499adc9b57dd2eaa4 - Path: Assets/wall4 (3).prefab - Importer: ScriptedImporter/UnityEditor.QuickSearchModule:UnityEditor.Search:ASIAI0B' with importer (ScriptedImporter : UnityEditor.QuickSearchModule:UnityEditor.Search:ASIAI0B)
Imported 'GUID: 5d2ebd7da37f535499adc9b57dd2eaa4' -> (Import Result ID: 'ae73d6b6e7ac9ce4ac0a7db746492ffb') in 0.011 seconds [static and dynamic dependencies]. Details - ImportResultOutputID=6628a1c74292858ca28e405de6b9577f DependenciesID=1732daeb343449795a93b5a099f32611 StaticDependenciesID=e8963c3df9af1f8f2fc964e64405084f 
Number of updated asset objects reloaded before import = 0
Number of asset objects unloaded after import = 6
========================================================================
Received Import Request.
  Time of request: 2026-10-08T13:51:27.0632401Z
  Time since last request: 0.000228 seconds.
  importAddress: GUID: 0de22df6cdf5ea34c8010e2910352b1c - Path: Assets/Free Pack/Textures/T_Batch_Small_02_AO.png - Importer: ScriptedImporter/UnityEditor.QuickSearchModule:UnityEditor.Search:ASIAI0B
Importing 'GUID: 0de22df6cdf5ea34c8010e2910352b1c - Path: Assets/Free Pack/Textures/T_Batch_Small_02_AO.png - Importer: ScriptedImporter/UnityEditor.QuickSearchModule:UnityEditor.Search:ASIAI0B' with importer (ScriptedImporter : UnityEditor.QuickSearchModule:UnityEditor.Search:ASIAI0B)
Imported 'GUID: 0de22df6cdf5ea34c8010e2910352b1c' -> (Import Result ID: 'b174a04db7602fee00f42515fe788138') in 0.009 seconds [static and dynamic dependencies]. Details - ImportResultOutputID=38225adda310e9e3b6c7e2f3fd768892 DependenciesID=fa88969a6d678a40f1d12c96194142e1 StaticDependenciesID=2087a09b88d40c59a52381c53c22b982 
Number of updated asset objects reloaded before import = 0
Number of asset objects unloaded after import = 1
========================================================================
Received Import Request.
  Time of request: 2026-10-08T13:51:27.0731991Z
  Time since last request: 0.0004968 seconds.
  importAddress: GUID: 4d99847aac8da704f926f46658bce68b - Path: Assets/Free Pack/Meshes/SM_Apple.fbx - Importer: ScriptedImporter/UnityEditor.QuickSearchModule:UnityEditor.Search:ASIAI0B
Importing 'GUID: 4d99847aac8da704f926f46658bce68b - Path: Assets/Free Pack/Meshes/SM_Apple.fbx - Importer: ScriptedImporter/UnityEditor.QuickSearchModule:UnityEditor.Search:ASIAI0B' with importer (ScriptedImporter : UnityEditor.QuickSearchModule:UnityEditor.Search:ASIAI0B)
Imported 'GUID: 4d99847aac8da704f926f46658bce68b' -> (Import Result ID: '85007baa4d64d481c062ade61810bd9d') in 0.010 seconds [static and dynamic dependencies]. Details - ImportResultOutputID=7fa40e7ce36df69515675c13d5f24506 DependenciesID=7d2bd1a7366ae74ebbf7ae1667264952 StaticDependenciesID=9f0ad88be7c7cb935cf5c8721fe47a56 
Number of updated asset objects reloaded before import = 0
Number of asset objects unloaded after import = 25
========================================================================
Received Import Request.
  Time of request: 2026-10-08T13:51:27.0834304Z
  Time since last request: 0.0003819 seconds.
  importAddress: GUID: 67f858dd9fa2bc8458e983132f2a6d23 - Path: Assets/Free Pack/Meshes/SM_Candle_stand_04.fbx - Importer: ScriptedImporter/UnityEditor.QuickSearchModule:UnityEditor.Search:ASIAI0B
Importing 'GUID: 67f858dd9fa2bc8458e983132f2a6d23 - Path: Assets/Free Pack/Meshes/SM_Candle_stand_04.fbx - Importer: ScriptedImporter/UnityEditor.QuickSearchModule:UnityEditor.Search:ASIAI0B' with importer (ScriptedImporter : UnityEditor.QuickSearchModule:UnityEditor.Search:ASIAI0B)
Imported 'GUID: 67f858dd9fa2bc8458e983132f2a6d23' -> (Import Result ID: 'b4d06d7dc8521423c798f10c1daf6569') in 0.009 seconds [static and dynamic dependencies]. Details - ImportResultOutputID=428d42ad63103929a14ef84bc0244aa2 DependenciesID=e95266b23643571e9c71d4bae8039ffa StaticDependenciesID=6de209aaf7ce7964403f90e7ff5db9e4 
Number of updated asset objects reloaded before import = 0
Number of asset objects unloaded after import = 25
========================================================================
Received Import Request.
  Time of request: 2026-10-08T13:51:27.0930195Z
  Time since last request: 0.0003094 seconds.
  importAddress: GUID: a80929ca766e8004e80c4e2dae15a7d7 - Path: Assets/Free Pack/Meshes/SM_Carpet_02.fbx - Importer: ScriptedImporter/UnityEditor.QuickSearchModule:UnityEditor.Search:ASIAI0B
Importing 'GUID: a80929ca766e8004e80c4e2dae15a7d7 - Path: Assets/Free Pack/Meshes/SM_Carpet_02.fbx - Importer: ScriptedImporter/UnityEditor.QuickSearchModule:UnityEditor.Search:ASIAI0B' with importer (ScriptedImporter : UnityEditor.QuickSearchModule:UnityEditor.Search:ASIAI0B)
Imported 'GUID: a80929ca766e8004e80c4e2dae15a7d7' -> (Import Result ID: '0be9a903f3df11b9fd18d21d629f378b') in 0.009 seconds [static and dynamic dependencies]. Details - ImportResultOutputID=2e59bb84870175b60903b96384d0619a DependenciesID=04d6626394186122c2908e1f8c5f0fc5 StaticDependenciesID=8d1583ed114d2a199ca455b3b2610f35 
Number of updated asset objects reloaded before import = 0
Number of asset objects unloaded after import = 8
========================================================================
Received Import Request.
  Time of request: 2026-10-08T13:51:27.1022097Z
  Time since last request: 0.0001953 seconds.
  importAddress: GUID: 343520c80c38fde448564717b4ef886b - Path: Assets/Free Pack/Textures/T_All_Banana_MetallicSmoothness.png - Importer: ScriptedImporter/UnityEditor.QuickSearchModule:UnityEditor.Search:ASIAI0B
Importing 'GUID: 343520c80c38fde448564717b4ef886b - Path: Assets/Free Pack/Textures/T_All_Banana_MetallicSmoothness.png - Importer: ScriptedImporter/UnityEditor.QuickSearchModule:UnityEditor.Search:ASIAI0B' with importer (ScriptedImporter : UnityEditor.QuickSearchModule:UnityEditor.Search:ASIAI0B)
Imported 'GUID: 343520c80c38fde448564717b4ef886b' -> (Import Result ID: 'a21fb274d4f4b9bd1634de1cc3eee1c6') in 0.010 seconds [static and dynamic dependencies]. Details - ImportResultOutputID=e54edc6d41356980c339e3baf07b676f DependenciesID=45d32e6fd5ae48ffbb1e367ce8c4f863 StaticDependenciesID=623ccca13f4fbfce0d1013f542357e4a 
Number of updated asset objects reloaded before import = 0
Number of asset objects unloaded after import = 1
========================================================================
Received Import Request.
  Time of request: 2026-10-08T13:51:27.1126137Z
  Time since last request: 0.0004545 seconds.
  importAddress: GUID: 6a7d5c2007348f345a93f6eea75bfec5 - Path: Assets/Free Pack/Textures/T_Apple_V4_BaseOp.png - Importer: ScriptedImporter/UnityEditor.QuickSearchModule:UnityEditor.Search:ASIAI0B
Importing 'GUID: 6a7d5c2007348f345a93f6eea75bfec5 - Path: Assets/Free Pack/Textures/T_Apple_V4_BaseOp.png - Importer: ScriptedImporter/UnityEditor.QuickSearchModule:UnityEditor.Search:ASIAI0B' with importer (ScriptedImporter : UnityEditor.QuickSearchModule:UnityEditor.Search:ASIAI0B)
Imported 'GUID: 6a7d5c2007348f345a93f6eea75bfec5' -> (Import Result ID: 'c8df44005c1722f7cbe90a460110ef30') in 0.010 seconds [static and dynamic dependencies]. Details - ImportResultOutputID=7dd761308998abf7d7442077b7e76cec DependenciesID=f7bb90498897966d877dfd44d4f41f58 StaticDependenciesID=f7e52835096cbcf7dd1743765698bd45 
Number of updated asset objects reloaded before import = 0
Number of asset objects unloaded after import = 1
========================================================================
Received Import Request.
  Time of request: 2026-10-08T13:51:27.1230876Z
  Time since last request: 0.00039 seconds.
  importAddress: GUID: 266fe29b1c1ef94449cd8335f7c36504 - Path: Assets/Free Pack/Meshes/SM_Microwave_Oven.fbx - Importer: ScriptedImporter/UnityEditor.QuickSearchModule:UnityEditor.Search:ASIAI0B
Importing 'GUID: 266fe29b1c1ef94449cd8335f7c36504 - Path: Assets/Free Pack/Meshes/SM_Microwave_Oven.fbx - Importer: ScriptedImporter/UnityEditor.QuickSearchModule:UnityEditor.Search:ASIAI0B' with importer (ScriptedImporter : UnityEditor.QuickSearchModule:UnityEditor.Search:ASIAI0B)
Imported 'GUID: 266fe29b1c1ef94449cd8335f7c36504' -> (Import Result ID: 'd8e60ba9c7db41f3b5e067cc9f5ac19f') in 0.011 seconds [static and dynamic dependencies]. Details - ImportResultOutputID=989459f2cf361c611c84aa79c021b8a4 DependenciesID=cc73cbbc7dfded09d9764422192804e8 StaticDependenciesID=3669174436b5f5fe9d4e50544ac7857b 
Number of updated asset objects reloaded before import = 0
Number of asset objects unloaded after import = 25
========================================================================
Received Import Request.
  Time of request: 2026-10-08T13:51:27.1348284Z
  Time since last request: 0.0003935 seconds.
  importAddress: GUID: d0ec0d0eeb3f3e24cb26d1b4515a162f - Path: Assets/wall4 (5).prefab - Importer: ScriptedImporter/UnityEditor.QuickSearchModule:UnityEditor.Search:ASIAI0B
Importing 'GUID: d0ec0d0eeb3f3e24cb26d1b4515a162f - Path: Assets/wall4 (5).prefab - Importer: ScriptedImporter/UnityEditor.QuickSearchModule:UnityEditor.Search:ASIAI0B' with importer (ScriptedImporter : UnityEditor.QuickSearchModule:UnityEditor.Search:ASIAI0B)
Imported 'GUID: d0ec0d0eeb3f3e24cb26d1b4515a162f' -> (Import Result ID: 'dd38afbceffcfff65f31d359b2009a7f') in 0.007 seconds [static and dynamic dependencies]. Details - ImportResultOutputID=fd3110812a63455d2de2d94273dc3f1a DependenciesID=bf498e0eecb33c1a6c32573f2166f6bd StaticDependenciesID=136c8e6bd128dfd25a6c06339560abe5 
Number of updated asset objects reloaded before import = 0
Number of asset objects unloaded after import = 6
========================================================================
Received Import Request.
  Time of request: 2026-10-08T13:51:27.1424305Z
  Time since last request: 0.0002229 seconds.
  importAddress: GUID: 93720045080c28a488fd81301407c122 - Path: Assets/wall4 (4).prefab - Importer: ScriptedImporter/UnityEditor.QuickSearchModule:UnityEditor.Search:ASIAI0B
Importing 'GUID: 93720045080c28a488fd81301407c122 - Path: Assets/wall4 (4).prefab - Importer: ScriptedImporter/UnityEditor.QuickSearchModule:UnityEditor.Search:ASIAI0B' with importer (ScriptedImporter : UnityEditor.QuickSearchModule:UnityEditor.Search:ASIAI0B)
Imported 'GUID: 93720045080c28a488fd81301407c122' -> (Import Result ID: '62aad736d28f75fcd70c9a624dc1fc02') in 0.005 seconds [static and dynamic dependencies]. Details - ImportResultOutputID=e64e2aa0f0c668683fa07f275f4ff5ba DependenciesID=26f66079f73ea968a9139b9fcddca116 StaticDependenciesID=249ba003cec686cfa773bcbcdb8a79de 
Number of updated asset objects reloaded before import = 0
Number of asset objects unloaded after import = 6
========================================================================
Received Import Request.
  Time of request: 2026-10-08T13:51:27.1483501Z
  Time since last request: 0.0002477 seconds.
  importAddress: GUID: 2d2f5a76692f8924eb746f39ce5beadd - Path: Assets/Free Pack/Meshes/SM_Table_V8.fbx - Importer: ScriptedImporter/UnityEditor.QuickSearchModule:UnityEditor.Search:ASIAI0B
Importing 'GUID: 2d2f5a76692f8924eb746f39ce5beadd - Path: Assets/Free Pack/Meshes/SM_Table_V8.fbx - Importer: ScriptedImporter/UnityEditor.QuickSearchModule:UnityEditor.Search:ASIAI0B' with importer (ScriptedImporter : UnityEditor.QuickSearchModule:UnityEditor.Search:ASIAI0B)
Imported 'GUID: 2d2f5a76692f8924eb746f39ce5beadd' -> (Import Result ID: 'c46724daf65054971712c6f2aa38fb13') in 0.008 seconds [static and dynamic dependencies]. Details - ImportResultOutputID=fc7bd0c74ee26d77fb6bc482ed95fb2f DependenciesID=a41d72f988cb57c9eda4a5f3162e092c StaticDependenciesID=173086a2b1b1321c671ddb379c9d24a3 
Number of updated asset objects reloaded before import = 0
Number of asset objects unloaded after import = 25
========================================================================
Received Import Request.
  Time of request: 2026-10-08T13:51:27.1565858Z
  Time since last request: 0.0003934 seconds.
  importAddress: GUID: 95d04b02a9d7c434aa04141a28665aba - Path: Assets/wall7 (8).prefab - Importer: ScriptedImporter/UnityEditor.QuickSearchModule:UnityEditor.Search:ASIAI0B
Importing 'GUID: 95d04b02a9d7c434aa04141a28665aba - Path: Assets/wall7 (8).prefab - Importer: ScriptedImporter/UnityEditor.QuickSearchModule:UnityEditor.Search:ASIAI0B' with importer (ScriptedImporter : UnityEditor.QuickSearchModule:UnityEditor.Search:ASIAI0B)
Imported 'GUID: 95d04b02a9d7c434aa04141a28665aba' -> (Import Result ID: '3db2c33a756f6201e2b286657a491a3f') in 0.006 seconds [static and dynamic dependencies]. Details - ImportResultOutputID=ae0f22dd0d6a36912d905d31386bb8b6 DependenciesID=16cecbab671c45ddddd11e8bfa6dc8b7 StaticDependenciesID=3ebaf9294c58d18d9f0ff7096a54b9bd 
Number of updated asset objects reloaded before import = 0
Number of asset objects unloaded after import = 6
========================================================================
Received Import Request.
  Time of request: 2026-10-08T13:51:27.1632206Z
  Time since last request: 0.0002851 seconds.
  importAddress: GUID: 3b587e77ae1b93f4e9c2a20d78edc71d - Path: Assets/Free Pack/Meshes/SM_Tube_Light.fbx - Importer: ScriptedImporter/UnityEditor.QuickSearchModule:UnityEditor.Search:ASIAI0B
Importing 'GUID: 3b587e77ae1b93f4e9c2a20d78edc71d - Path: Assets/Free Pack/Meshes/SM_Tube_Light.fbx - Importer: ScriptedImporter/UnityEditor.QuickSearchModule:UnityEditor.Search:ASIAI0B' with importer (ScriptedImporter : UnityEditor.QuickSearchModule:UnityEditor.Search:ASIAI0B)
Imported 'GUID: 3b587e77ae1b93f4e9c2a20d78edc71d' -> (Import Result ID: '3091ac63b5098fee0caec6cef835efb2') in 0.008 seconds [static and dynamic dependencies]. Details - ImportResultOutputID=731b1312fb385180be9ff48a5a342433 DependenciesID=e18e67fea6a6287deb3bdc7ec13317df StaticDependenciesID=38105e8bc80fec97d5f8e354da50562a 
Number of updated asset objects reloaded before import = 0
Number of asset objects unloaded after import = 25
========================================================================
Received Import Request.
  Time of request: 2026-10-08T13:51:27.171938Z
  Time since last request: 0.0002064 seconds.
  importAddress: GUID: a97c00a5f54a41b4e9dfd9ecd91b8545 - Path: Assets/Free Pack/Textures/T_Batch_Small_01_Normal.png - Importer: ScriptedImporter/UnityEditor.QuickSearchModule:UnityEditor.Search:ASIAI0B
Importing 'GUID: a97c00a5f54a41b4e9dfd9ecd91b8545 - Path: Assets/Free Pack/Textures/T_Batch_Small_01_Normal.png - Importer: ScriptedImporter/UnityEditor.QuickSearchModule:UnityEditor.Search:ASIAI0B' with importer (ScriptedImporter : UnityEditor.QuickSearchModule:UnityEditor.Search:ASIAI0B)
Imported 'GUID: a97c00a5f54a41b4e9dfd9ecd91b8545' -> (Import Result ID: '19cb9980717a450e61b9387d5b784560') in 0.009 seconds [static and dynamic dependencies]. Details - ImportResultOutputID=e9a2a5a715d08f9176345fefaf90501e DependenciesID=349f7e5e13f361a146b2a725c2916412 StaticDependenciesID=ab224fe6734cab5a849ad1ade679ad60 
Number of updated asset objects reloaded before import = 0
Number of asset objects unloaded after import = 1
========================================================================
Received Import Request.
  Time of request: 2026-10-08T13:51:27.1817711Z
  Time since last request: 0.0003158 seconds.
  importAddress: GUID: 2dd55d893787ce74a821c49112c77943 - Path: Assets/Free Pack/Textures/T_Batch_Small_01_Emissive.png - Importer: ScriptedImporter/UnityEditor.QuickSearchModule:UnityEditor.Search:ASIAI0B
Importing 'GUID: 2dd55d893787ce74a821c49112c77943 - Path: Assets/Free Pack/Textures/T_Batch_Small_01_Emissive.png - Importer: ScriptedImporter/UnityEditor.QuickSearchModule:UnityEditor.Search:ASIAI0B' with importer (ScriptedImporter : UnityEditor.QuickSearchModule:UnityEditor.Search:ASIAI0B)
Imported 'GUID: 2dd55d893787ce74a821c49112c77943' -> (Import Result ID: 'ad29172edc0ea9233df1a192f726227c') in 0.007 seconds [static and dynamic dependencies]. Details - ImportResultOutputID=b3a11c1f8b2041c4021de62211bcf520 DependenciesID=5ce29d1b6d14733febd616ce68555e20 StaticDependenciesID=d64b1bc178ac304be04e897ff728dbb2 
Number of updated asset objects reloaded before import = 0
Number of asset objects unloaded after import = 1
========================================================================
Received Import Request.
  Time of request: 2026-10-08T13:51:27.1897036Z
  Time since last request: 0.0003705 seconds.
  importAddress: GUID: b627f8389b42371489513b959e80cd42 - Path: Assets/Free Pack/Textures/T_All_Banana_Normal.png - Importer: ScriptedImporter/UnityEditor.QuickSearchModule:UnityEditor.Search:ASIAI0B
Importing 'GUID: b627f8389b42371489513b959e80cd42 - Path: Assets/Free Pack/Textures/T_All_Banana_Normal.png - Importer: ScriptedImporter/UnityEditor.QuickSearchModule:UnityEditor.Search:ASIAI0B' with importer (ScriptedImporter : UnityEditor.QuickSearchModule:UnityEditor.Search:ASIAI0B)
Imported 'GUID: b627f8389b42371489513b959e80cd42' -> (Import Result ID: '316db8eb0464f2a9dd66e41f69b84eca') in 0.010 seconds [static and dynamic dependencies]. Details - ImportResultOutputID=ab964e92e6a7959a6af18d7a89392580 DependenciesID=fce63a6186d23bc62e921207d7016d04 StaticDependenciesID=b1c31d42751ea97e8eda050556de1ab5 
Number of updated asset objects reloaded before import = 0
Number of asset objects unloaded after import = 1
========================================================================
Received Import Request.
  Time of request: 2026-10-08T13:51:27.2003914Z
  Time since last request: 0.0004768 seconds.
  importAddress: GUID: f7797cc4c79503d4eb1c7d756a009edb - Path: Assets/Free Pack/Meshes/SM_Mug_02.fbx - Importer: ScriptedImporter/UnityEditor.QuickSearchModule:UnityEditor.Search:ASIAI0B
Importing 'GUID: f7797cc4c79503d4eb1c7d756a009edb - Path: Assets/Free Pack/Meshes/SM_Mug_02.fbx - Importer: ScriptedImporter/UnityEditor.QuickSearchModule:UnityEditor.Search:ASIAI0B' with importer (ScriptedImporter : UnityEditor.QuickSearchModule:UnityEditor.Search:ASIAI0B)
Imported 'GUID: f7797cc4c79503d4eb1c7d756a009edb' -> (Import Result ID: '62f7d5fb7e34a65eb3ce4f94130ff85b') in 0.010 seconds [static and dynamic dependencies]. Details - ImportResultOutputID=03a42dd06faec16622cd1c3223bd8f19 DependenciesID=a1d25adb869ef392fbbfd7562199c62e StaticDependenciesID=8966813f5c6683f2730a9a9355c8f4ae 
Number of updated asset objects reloaded before import = 0
Number of asset objects unloaded after import = 25
========================================================================
Received Import Request.
  Time of request: 2026-10-08T13:51:27.2109786Z
  Time since last request: 0.0002845 seconds.
  importAddress: GUID: e0cfa863159472b4bac71ee880576818 - Path: Assets/Mini Chibi Free Demo/Readme.asset - Importer: ScriptedImporter/UnityEditor.QuickSearchModule:UnityEditor.Search:ASIAI0B
Importing 'GUID: e0cfa863159472b4bac71ee880576818 - Path: Assets/Mini Chibi Free Demo/Readme.asset - Importer: ScriptedImporter/UnityEditor.QuickSearchModule:UnityEditor.Search:ASIAI0B' with importer (ScriptedImporter : UnityEditor.QuickSearchModule:UnityEditor.Search:ASIAI0B)
Imported 'GUID: e0cfa863159472b4bac71ee880576818' -> (Import Result ID: 'ce5bafd5c5924e492c35ee85fdf9c601') in 0.004 seconds [static and dynamic dependencies]. Details - ImportResultOutputID=75c395bb0683a6f445cc11ac00eea394 DependenciesID=2c7c5f319118a340f877f8745becd12c StaticDependenciesID=7ab85ca72d7800b40fa91abf059758c6 
Number of updated asset objects reloaded before import = 0
Number of asset objects unloaded after import = 1
========================================================================
Received Import Request.
  Time of request: 2026-10-08T13:51:27.2154606Z
  Time since last request: 0.0002658 seconds.
  importAddress: GUID: c3d37a44a84b7824da2b1546eb2984fd - Path: Assets/Free Pack/Meshes/SM_CS_Chair_01.fbx - Importer: ScriptedImporter/UnityEditor.QuickSearchModule:UnityEditor.Search:ASIAI0B
Importing 'GUID: c3d37a44a84b7824da2b1546eb2984fd - Path: Assets/Free Pack/Meshes/SM_CS_Chair_01.fbx - Importer: ScriptedImporter/UnityEditor.QuickSearchModule:UnityEditor.Search:ASIAI0B' with importer (ScriptedImporter : UnityEditor.QuickSearchModule:UnityEditor.Search:ASIAI0B)
Imported 'GUID: c3d37a44a84b7824da2b1546eb2984fd' -> (Import Result ID: '5577c44ea2e3c012717574d0f79ef987') in 0.008 seconds [static and dynamic dependencies]. Details - ImportResultOutputID=fd322b2d8b2379981fb24c012bb52156 DependenciesID=1738c8c4bd1941969924c3da6e03853d StaticDependenciesID=a8086f7b4e857b80c346cb2f59905ef9 
Number of updated asset objects reloaded before import = 0
Number of asset objects unloaded after import = 25
========================================================================
Received Import Request.
  Time of request: 2026-10-08T13:51:27.2241272Z
  Time since last request: 0.0003573 seconds.
  importAddress: GUID: 67547139f0b1dc743b54d018908d9091 - Path: Assets/wall7 (10).prefab - Importer: ScriptedImporter/UnityEditor.QuickSearchModule:UnityEditor.Search:ASIAI0B
Importing 'GUID: 67547139f0b1dc743b54d018908d9091 - Path: Assets/wall7 (10).prefab - Importer: ScriptedImporter/UnityEditor.QuickSearchModule:UnityEditor.Search:ASIAI0B' with importer (ScriptedImporter : UnityEditor.QuickSearchModule:UnityEditor.Search:ASIAI0B)
Imported 'GUID: 67547139f0b1dc743b54d018908d9091' -> (Import Result ID: 'a1b9adcf34d9ba4a7d09857706c7e312') in 0.006 seconds [static and dynamic dependencies]. Details - ImportResultOutputID=4c4326571bea365affedc5b5045e32a2 DependenciesID=d6fdb2737e48637a5fcfe65e12d465ce StaticDependenciesID=c4e2c6c3fb8d12e1b64b5814731253a5 
Number of updated asset objects reloaded before import = 0
Number of asset objects unloaded after import = 6
========================================================================
Received Import Request.
  Time of request: 2026-10-08T13:51:27.2309251Z
  Time since last request: 0.000476 seconds.
  importAddress: GUID: 01d1173a24dac214caea7bfa321936b3 - Path: Assets/Free Pack/Meshes/SM_Jar_07.fbx - Importer: ScriptedImporter/UnityEditor.QuickSearchModule:UnityEditor.Search:ASIAI0B
Importing 'GUID: 01d1173a24dac214caea7bfa321936b3 - Path: Assets/Free Pack/Meshes/SM_Jar_07.fbx - Importer: ScriptedImporter/UnityEditor.QuickSearchModule:UnityEditor.Search:ASIAI0B' with importer (ScriptedImporter : UnityEditor.QuickSearchModule:UnityEditor.Search:ASIAI0B)
Imported 'GUID: 01d1173a24dac214caea7bfa321936b3' -> (Import Result ID: '174b7d4b5a90dd76b8f960c92062ff7a') in 0.008 seconds [static and dynamic dependencies]. Details - ImportResultOutputID=3f3a493e0149280221992c3eeacb53d0 DependenciesID=e6d07a2728d742c89f7ac9dcecb36a45 StaticDependenciesID=99d34782c7a9bf83accc3a605b063f19 
Number of updated asset objects reloaded before import = 0
Number of asset objects unloaded after import = 25
========================================================================
Received Import Request.
  Time of request: 2026-10-08T13:51:27.2399421Z
  Time since last request: 0.0005022 seconds.
  importAddress: GUID: bf1e88a0111205643be0997ca59a3ddf - Path: Assets/Free Pack/Meshes/SM_Chickenfull.fbx - Importer: ScriptedImporter/UnityEditor.QuickSearchModule:UnityEditor.Search:ASIAI0B
Importing 'GUID: bf1e88a0111205643be0997ca59a3ddf - Path: Assets/Free Pack/Meshes/SM_Chickenfull.fbx - Importer: ScriptedImporter/UnityEditor.QuickSearchModule:UnityEditor.Search:ASIAI0B' with importer (ScriptedImporter : UnityEditor.QuickSearchModule:UnityEditor.Search:ASIAI0B)
Imported 'GUID: bf1e88a0111205643be0997ca59a3ddf' -> (Import Result ID: 'c34143ac337a650e896517f8a63ef47f') in 0.008 seconds [static and dynamic dependencies]. Details - ImportResultOutputID=8ed17bc409302b2b4488c1b7cb346277 DependenciesID=f92927b319b8e1697deddb130db596da StaticDependenciesID=19f58316d61754428f353457c54594a2 
Number of updated asset objects reloaded before import = 0
Number of asset objects unloaded after import = 25
========================================================================
Received Import Request.
  Time of request: 2026-10-08T13:51:27.2487667Z
  Time since last request: 0.0004399 seconds.
  importAddress: GUID: 69a0ffd1e1990274e88fff26181a8a06 - Path: Assets/Free Pack/Meshes/SM_Cereal_box.fbx - Importer: ScriptedImporter/UnityEditor.QuickSearchModule:UnityEditor.Search:ASIAI0B
Importing 'GUID: 69a0ffd1e1990274e88fff26181a8a06 - Path: Assets/Free Pack/Meshes/SM_Cereal_box.fbx - Importer: ScriptedImporter/UnityEditor.QuickSearchModule:UnityEditor.Search:ASIAI0B' with importer (ScriptedImporter : UnityEditor.QuickSearchModule:UnityEditor.Search:ASIAI0B)
Imported 'GUID: 69a0ffd1e1990274e88fff26181a8a06' -> (Import Result ID: 'c562f3c8eb469bdd6066a14446615cd7') in 0.008 seconds [static and dynamic dependencies]. Details - ImportResultOutputID=1cc35d0900513888f154e4b70ab0a932 DependenciesID=9b73ee5232a6c92a6eedc27463e142af StaticDependenciesID=d023102ff34bd19a559eb1e253186ed6 
Number of updated asset objects reloaded before import = 0
Number of asset objects unloaded after import = 25
========================================================================
Received Import Request.
  Time of request: 2026-10-08T13:51:27.259223Z
  Time since last request: 0.0019733 seconds.
  importAddress: GUID: 90782c083a6c14042a527d74a9e75d9f - Path: Assets/Free Pack/Meshes/SM_HH_Basket_04.fbx - Importer: ScriptedImporter/UnityEditor.QuickSearchModule:UnityEditor.Search:ASIAI0B
Importing 'GUID: 90782c083a6c14042a527d74a9e75d9f - Path: Assets/Free Pack/Meshes/SM_HH_Basket_04.fbx - Importer: ScriptedImporter/UnityEditor.QuickSearchModule:UnityEditor.Search:ASIAI0B' with importer (ScriptedImporter : UnityEditor.QuickSearchModule:UnityEditor.Search:ASIAI0B)
Imported 'GUID: 90782c083a6c14042a527d74a9e75d9f' -> (Import Result ID: 'c2c8a2270f8d41a65cf2b133bcafedea') in 0.009 seconds [static and dynamic dependencies]. Details - ImportResultOutputID=582535951b169af9187d336545a03ecb DependenciesID=e2c19470514b7bbcccac477506beb65c StaticDependenciesID=441cf22c4e044d22c5a6954f776baf18 
Number of updated asset objects reloaded before import = 0
Number of asset objects unloaded after import = 25
========================================================================
Received Import Request.
  Time of request: 2026-10-08T13:51:27.2689925Z
  Time since last request: 0.0003679 seconds.
  importAddress: GUID: 2cee1f238035c6648bc8e22215f4b9e7 - Path: Assets/Free Pack/scenes/URP_Demo.unity - Importer: ScriptedImporter/UnityEditor.QuickSearchModule:UnityEditor.Search:ASIAI0B
Importing 'GUID: 2cee1f238035c6648bc8e22215f4b9e7 - Path: Assets/Free Pack/scenes/URP_Demo.unity - Importer: ScriptedImporter/UnityEditor.QuickSearchModule:UnityEditor.Search:ASIAI0B' with importer (ScriptedImporter : UnityEditor.QuickSearchModule:UnityEditor.Search:ASIAI0B)
Imported 'GUID: 2cee1f238035c6648bc8e22215f4b9e7' -> (Import Result ID: '09b372967f7be30ef81296610ba613dc') in 0.005 seconds [static and dynamic dependencies]. Details - ImportResultOutputID=beb432ccd3c723a02831699cc7eb7c38 DependenciesID=1ba382db00b13b6cf83bde4c8b0ed441 StaticDependenciesID=2a9c42d6f8d1dc83ba600291eac567f7 
Number of updated asset objects reloaded before import = 0
Number of asset objects unloaded after import = 1
========================================================================
Received Import Request.
  Time of request: 2026-10-08T13:51:27.2744836Z
  Time since last request: 0.0003481 seconds.
  importAddress: GUID: 9edcfb4e243116f458c2696baed0761d - Path: Assets/Free Pack/Textures/T_Apple_V4_Normal.png - Importer: ScriptedImporter/UnityEditor.QuickSearchModule:UnityEditor.Search:ASIAI0B
Importing 'GUID: 9edcfb4e243116f458c2696baed0761d - Path: Assets/Free Pack/Textures/T_Apple_V4_Normal.png - Importer: ScriptedImporter/UnityEditor.QuickSearchModule:UnityEditor.Search:ASIAI0B' with importer (ScriptedImporter : UnityEditor.QuickSearchModule:UnityEditor.Search:ASIAI0B)
Imported 'GUID: 9edcfb4e243116f458c2696baed0761d' -> (Import Result ID: 'ebef32b5d2cf77a1a3aa67aae7cb10f2') in 0.010 seconds [static and dynamic dependencies]. Details - ImportResultOutputID=b59f77b38195901e2e795614535c86fa DependenciesID=3b84ce59a9b06928fd55ba0438d76c33 StaticDependenciesID=dc549e95f9277ead42877422b6fe51bf 
Number of updated asset objects reloaded before import = 0
Number of asset objects unloaded after import = 1
========================================================================
Received Import Request.
  Time of request: 2026-10-08T13:51:27.2853888Z
  Time since last request: 0.000402 seconds.
  importAddress: GUID: 8c1a4bd9a1cb842459f7e1ec9eb4da70 - Path: Assets/wall4 (6).prefab - Importer: ScriptedImporter/UnityEditor.QuickSearchModule:UnityEditor.Search:ASIAI0B
Importing 'GUID: 8c1a4bd9a1cb842459f7e1ec9eb4da70 - Path: Assets/wall4 (6).prefab - Importer: ScriptedImporter/UnityEditor.QuickSearchModule:UnityEditor.Search:ASIAI0B' with importer (ScriptedImporter : UnityEditor.QuickSearchModule:UnityEditor.Search:ASIAI0B)
Imported 'GUID: 8c1a4bd9a1cb842459f7e1ec9eb4da70' -> (Import Result ID: 'b39ada22feedd26c282b747e9027b547') in 0.007 seconds [static and dynamic dependencies]. Details - ImportResultOutputID=60bd7be9c8f6c25455eaad7c3e76adf8 DependenciesID=9379eac768629178bbca569a8a70e100 StaticDependenciesID=ba8063854c338c6bb1ac76bd241362f2 
Number of updated asset objects reloaded before import = 0
Number of asset objects unloaded after import = 6
========================================================================
Received Import Request.
  Time of request: 2026-10-08T13:51:27.2929052Z
  Time since last request: 0.0003478 seconds.
  importAddress: GUID: 80536393b2d023441854f5667fc1e629 - Path: Assets/Free Pack/Meshes/SM_Bottle_32.fbx - Importer: ScriptedImporter/UnityEditor.QuickSearchModule:UnityEditor.Search:ASIAI0B
Importing 'GUID: 80536393b2d023441854f5667fc1e629 - Path: Assets/Free Pack/Meshes/SM_Bottle_32.fbx - Importer: ScriptedImporter/UnityEditor.QuickSearchModule:UnityEditor.Search:ASIAI0B' with importer (ScriptedImporter : UnityEditor.QuickSearchModule:UnityEditor.Search:ASIAI0B)
Imported 'GUID: 80536393b2d023441854f5667fc1e629' -> (Import Result ID: '46df7f033516b3ca5f3a61efd0cd070a') in 0.008 seconds [static and dynamic dependencies]. Details - ImportResultOutputID=e4edacd3a4fbee35ca7d4b7a064c09a7 DependenciesID=8efd1f9cb7dcec0947abfe1be227379b StaticDependenciesID=a2c7a8452c7d06768a4928524addf268 
Number of updated asset objects reloaded before import = 0
Number of asset objects unloaded after import = 25
========================================================================
Received Import Request.
  Time of request: 2026-10-08T13:51:27.301778Z
  Time since last request: 0.000297 seconds.
  importAddress: GUID: b3125c80cbb066e429752e79f5e98acd - Path: Assets/Free Pack/Meshes/SM_Cabinet_Doors_01.fbx - Importer: ScriptedImporter/UnityEditor.QuickSearchModule:UnityEditor.Search:ASIAI0B
Importing 'GUID: b3125c80cbb066e429752e79f5e98acd - Path: Assets/Free Pack/Meshes/SM_Cabinet_Doors_01.fbx - Importer: ScriptedImporter/UnityEditor.QuickSearchModule:UnityEditor.Search:ASIAI0B' with importer (ScriptedImporter : UnityEditor.QuickSearchModule:UnityEditor.Search:ASIAI0B)
Imported 'GUID: b3125c80cbb066e429752e79f5e98acd' -> (Import Result ID: '4217bad9499d21c1838717a6ffb258c1') in 0.011 seconds [static and dynamic dependencies]. Details - ImportResultOutputID=67ce043a33c97ff0445f02bc1ebcf906 DependenciesID=ec6f6d4928f49ee6e0e2d5d58d23eb97 StaticDependenciesID=3f70579b9a67e43c7be4cdce672695d2 
Number of updated asset objects reloaded before import = 0
Number of asset objects unloaded after import = 25
========================================================================
Received Import Request.
  Time of request: 2026-10-08T13:51:27.3130771Z
  Time since last request: 0.0002732 seconds.
  importAddress: GUID: 998ef6640570a704fb73d159be58819b - Path: Assets/Free Pack/Meshes/SM_Coffee_cup.fbx - Importer: ScriptedImporter/UnityEditor.QuickSearchModule:UnityEditor.Search:ASIAI0B
Importing 'GUID: 998ef6640570a704fb73d159be58819b - Path: Assets/Free Pack/Meshes/SM_Coffee_cup.fbx - Importer: ScriptedImporter/UnityEditor.QuickSearchModule:UnityEditor.Search:ASIAI0B' with importer (ScriptedImporter : UnityEditor.QuickSearchModule:UnityEditor.Search:ASIAI0B)
Imported 'GUID: 998ef6640570a704fb73d159be58819b' -> (Import Result ID: '2c660a060e77bbda214f9089619917cb') in 0.010 seconds [static and dynamic dependencies]. Details - ImportResultOutputID=530ca49f600f547a029d228ca67a97b4 DependenciesID=351fa59678c3abec3c918e0888065ac1 StaticDependenciesID=2a8eac8ae54f027865159413d100d9e2 
Number of updated asset objects reloaded before import = 0
Number of asset objects unloaded after import = 25
========================================================================
Received Import Request.
  Time of request: 2026-10-08T13:51:27.32377Z
  Time since last request: 0.0002625 seconds.
  importAddress: GUID: 86ff0dd3bcb7f5844ad6527a0000e3aa - Path: Assets/Free Pack/Textures/T_Apple_V4_AO.png - Importer: ScriptedImporter/UnityEditor.QuickSearchModule:UnityEditor.Search:ASIAI0B
Importing 'GUID: 86ff0dd3bcb7f5844ad6527a0000e3aa - Path: Assets/Free Pack/Textures/T_Apple_V4_AO.png - Importer: ScriptedImporter/UnityEditor.QuickSearchModule:UnityEditor.Search:ASIAI0B' with importer (ScriptedImporter : UnityEditor.QuickSearchModule:UnityEditor.Search:ASIAI0B)
Imported 'GUID: 86ff0dd3bcb7f5844ad6527a0000e3aa' -> (Import Result ID: '3b3b40f2abedb41f2f9bc55142e6cfa8') in 0.008 seconds [static and dynamic dependencies]. Details - ImportResultOutputID=a45e14bee30652c878939188f3928f1e DependenciesID=dc5130c4b933cd06b70ea378f8b22bcd StaticDependenciesID=497cfb0e6c6b61b931dbaad1adea8821 
Number of updated asset objects reloaded before import = 0
Number of asset objects unloaded after import = 1
========================================================================
Received Import Request.
  Time of request: 2026-10-08T13:51:27.3325457Z
  Time since last request: 0.0004859 seconds.
  importAddress: GUID: c3569be0c046d9449a76f710258f34d8 - Path: Assets/Free Pack/Meshes/SM_Chair_V2.fbx - Importer: ScriptedImporter/UnityEditor.QuickSearchModule:UnityEditor.Search:ASIAI0B
Importing 'GUID: c3569be0c046d9449a76f710258f34d8 - Path: Assets/Free Pack/Meshes/SM_Chair_V2.fbx - Importer: ScriptedImporter/UnityEditor.QuickSearchModule:UnityEditor.Search:ASIAI0B' with importer (ScriptedImporter : UnityEditor.QuickSearchModule:UnityEditor.Search:ASIAI0B)
Imported 'GUID: c3569be0c046d9449a76f710258f34d8' -> (Import Result ID: 'e2a8be20d1fd54b8c54738459aa7d5f3') in 0.008 seconds [static and dynamic dependencies]. Details - ImportResultOutputID=db40ad98bc06c771994a137fa4a0cc13 DependenciesID=9b60e5672a53f41e5bfea1207c97ea50 StaticDependenciesID=673baca1a793490618767b2729535cb9 
Number of updated asset objects reloaded before import = 0
Number of asset objects unloaded after import = 25
========================================================================
Received Import Request.
  Time of request: 2026-10-08T13:51:27.3411912Z
  Time since last request: 0.0003689 seconds.
  importAddress: GUID: 15e5ac5b5ffff654785be16cc9686423 - Path: Assets/Free Pack/Meshes/SM_Spoon_02.fbx - Importer: ScriptedImporter/UnityEditor.QuickSearchModule:UnityEditor.Search:ASIAI0B
Importing 'GUID: 15e5ac5b5ffff654785be16cc9686423 - Path: Assets/Free Pack/Meshes/SM_Spoon_02.fbx - Importer: ScriptedImporter/UnityEditor.QuickSearchModule:UnityEditor.Search:ASIAI0B' with importer (ScriptedImporter : UnityEditor.QuickSearchModule:UnityEditor.Search:ASIAI0B)
Imported 'GUID: 15e5ac5b5ffff654785be16cc9686423' -> (Import Result ID: 'fcc6f33fac8f09be088b7da15a1f8406') in 0.009 seconds [static and dynamic dependencies]. Details - ImportResultOutputID=a9544644ffa68c7e5f893878d5e7a2b2 DependenciesID=debca5ede07ddd6c42342fb4ddfda4c3 StaticDependenciesID=84e0e6860c9083210c973a11e9469e00 
Number of updated asset objects reloaded before import = 0
Number of asset objects unloaded after import = 25
========================================================================
Received Import Request.
  Time of request: 2026-10-08T13:51:27.3502801Z
  Time since last request: 0.0001953 seconds.
  importAddress: GUID: ba9788de6bd886a438261eabe4a7c13f - Path: Assets/Free Pack/Meshes/SM_Bottle_22.fbx - Importer: ScriptedImporter/UnityEditor.QuickSearchModule:UnityEditor.Search:ASIAI0B
Importing 'GUID: ba9788de6bd886a438261eabe4a7c13f - Path: Assets/Free Pack/Meshes/SM_Bottle_22.fbx - Importer: ScriptedImporter/UnityEditor.QuickSearchModule:UnityEditor.Search:ASIAI0B' with importer (ScriptedImporter : UnityEditor.QuickSearchModule:UnityEditor.Search:ASIAI0B)
Imported 'GUID: ba9788de6bd886a438261eabe4a7c13f' -> (Import Result ID: '09af7d6c88e264ac861e5873b1ed1616') in 0.012 seconds [static and dynamic dependencies]. Details - ImportResultOutputID=ff6b365733374a0dae8c2fd0b4d0df19 DependenciesID=45fb0ae971c6856d007f166dfef5eca5 StaticDependenciesID=cb8cc0fec7a25f9c0df25d35a3ee2f1a 
Number of updated asset objects reloaded before import = 0
Number of asset objects unloaded after import = 25
========================================================================
Received Import Request.
  Time of request: 2026-10-08T13:51:27.3623655Z
  Time since last request: 0.0001756 seconds.
  importAddress: GUID: dfca98f72aaf7df4182615d571d3fd20 - Path: Assets/Free Pack/Meshes/SM_Wall_04.fbx - Importer: ScriptedImporter/UnityEditor.QuickSearchModule:UnityEditor.Search:ASIAI0B
Importing 'GUID: dfca98f72aaf7df4182615d571d3fd20 - Path: Assets/Free Pack/Meshes/SM_Wall_04.fbx - Importer: ScriptedImporter/UnityEditor.QuickSearchModule:UnityEditor.Search:ASIAI0B' with importer (ScriptedImporter : UnityEditor.QuickSearchModule:UnityEditor.Search:ASIAI0B)
Imported 'GUID: dfca98f72aaf7df4182615d571d3fd20' -> (Import Result ID: '55ec93dada9a56d61bbac2a77afe8257') in 0.043 seconds [static and dynamic dependencies]. Details - ImportResultOutputID=d55b1ebfbb93434f33b2e6706300427c DependenciesID=9a5cb8b3de4a0ec2a223a038bf229c59 StaticDependenciesID=d74c676d736be3edba54c687c0757939 
Number of updated asset objects reloaded before import = 0
Number of asset objects unloaded after import = 14
========================================================================
Received Import Request.
  Time of request: 2026-10-08T13:51:27.4059947Z
  Time since last request: 0.0002546 seconds.
  importAddress: GUID: 4302134578417614c9f80f4a48113345 - Path: Assets/Free Pack/Meshes/SM_Wall_02.fbx - Importer: ScriptedImporter/UnityEditor.QuickSearchModule:UnityEditor.Search:ASIAI0B
Importing 'GUID: 4302134578417614c9f80f4a48113345 - Path: Assets/Free Pack/Meshes/SM_Wall_02.fbx - Importer: ScriptedImporter/UnityEditor.QuickSearchModule:UnityEditor.Search:ASIAI0B' with importer (ScriptedImporter : UnityEditor.QuickSearchModule:UnityEditor.Search:ASIAI0B)
Imported 'GUID: 4302134578417614c9f80f4a48113345' -> (Import Result ID: '2bc8d6972f455ac87fb8ab35c9aa6a01') in 0.010 seconds [static and dynamic dependencies]. Details - ImportResultOutputID=f5efcea72b88c23e949df3405becf2ec DependenciesID=a9bd7312826eb388c3e204f51467fa8a StaticDependenciesID=097cd41c97eec03de22d1d741b81f35b 
Number of updated asset objects reloaded before import = 0
Number of asset objects unloaded after import = 9
========================================================================
Received Import Request.
  Time of request: 2026-10-08T13:51:27.4168711Z
  Time since last request: 0.0003109 seconds.
  importAddress: GUID: 0d5ad0248b27d014aba8fc5931ae74f6 - Path: Assets/Free Pack/Textures/T_All_Banana_BaseOp.png - Importer: ScriptedImporter/UnityEditor.QuickSearchModule:UnityEditor.Search:ASIAI0B
Importing 'GUID: 0d5ad0248b27d014aba8fc5931ae74f6 - Path: Assets/Free Pack/Textures/T_All_Banana_BaseOp.png - Importer: ScriptedImporter/UnityEditor.QuickSearchModule:UnityEditor.Search:ASIAI0B' with importer (ScriptedImporter : UnityEditor.QuickSearchModule:UnityEditor.Search:ASIAI0B)
Imported 'GUID: 0d5ad0248b27d014aba8fc5931ae74f6' -> (Import Result ID: 'b1111682a6ee41efa1aabbf4070ce506') in 0.008 seconds [static and dynamic dependencies]. Details - ImportResultOutputID=9bd2a3ecd5ccba661ce8033a5a6a57ad DependenciesID=3a6b006a01b468ff4d3cf33691c8e4b1 StaticDependenciesID=22041ce7c92d60f2d37545278d367210 
Number of updated asset objects reloaded before import = 0
Number of asset objects unloaded after import = 1
========================================================================
Received Import Request.
  Time of request: 2026-10-08T13:51:27.4250523Z
  Time since last request: 0.0003067 seconds.
  importAddress: GUID: 15251d7cecfe2b44baf1c122357b5cea - Path: Assets/Free Pack/Textures/T_Batch_Small_01_BaseOp.png - Importer: ScriptedImporter/UnityEditor.QuickSearchModule:UnityEditor.Search:ASIAI0B
Importing 'GUID: 15251d7cecfe2b44baf1c122357b5cea - Path: Assets/Free Pack/Textures/T_Batch_Small_01_BaseOp.png - Importer: ScriptedImporter/UnityEditor.QuickSearchModule:UnityEditor.Search:ASIAI0B' with importer (ScriptedImporter : UnityEditor.QuickSearchModule:UnityEditor.Search:ASIAI0B)
Imported 'GUID: 15251d7cecfe2b44baf1c122357b5cea' -> (Import Result ID: '499c8c1e9ea529a9b775bbb0f87f5cc2') in 0.009 seconds [static and dynamic dependencies]. Details - ImportResultOutputID=b81808cec73e24e92d7fbfc7bd9d649c DependenciesID=f78e9bfeca70558a81c6636ea84124e3 StaticDependenciesID=d388ae564d84111320eec1d17a889fd2 
Number of updated asset objects reloaded before import = 0
Number of asset objects unloaded after import = 1
========================================================================
Received Import Request.
  Time of request: 2026-10-08T13:51:27.434276Z
  Time since last request: 0.0003824 seconds.
  importAddress: GUID: d11dbf2fc76b7df4f81b437651b5f5b6 - Path: Assets/Free Pack/Textures/T_Apple_V4_MetallicSmoothness.png - Importer: ScriptedImporter/UnityEditor.QuickSearchModule:UnityEditor.Search:ASIAI0B
Importing 'GUID: d11dbf2fc76b7df4f81b437651b5f5b6 - Path: Assets/Free Pack/Textures/T_Apple_V4_MetallicSmoothness.png - Importer: ScriptedImporter/UnityEditor.QuickSearchModule:UnityEditor.Search:ASIAI0B' with importer (ScriptedImporter : UnityEditor.QuickSearchModule:UnityEditor.Search:ASIAI0B)
Imported 'GUID: d11dbf2fc76b7df4f81b437651b5f5b6' -> (Import Result ID: '0fe187f034b962da5be257a49620aa5d') in 0.012 seconds [static and dynamic dependencies]. Details - ImportResultOutputID=09c4c924620ca073d3a6e6132cb54c1b DependenciesID=4bc0d69824848fca9c4a8148d27f7ce8 StaticDependenciesID=d1f982f88791318297a2a1ce168de7fe 
Number of updated asset objects reloaded before import = 0
Number of asset objects unloaded after import = 1
========================================================================
Received Import Request.
  Time of request: 2026-10-08T13:51:27.4470194Z
  Time since last request: 0.0002785 seconds.
  importAddress: GUID: a55cf07cebaec724dad75544c4344340 - Path: Assets/wall7 (7).prefab - Importer: ScriptedImporter/UnityEditor.QuickSearchModule:UnityEditor.Search:ASIAI0B
Importing 'GUID: a55cf07cebaec724dad75544c4344340 - Path: Assets/wall7 (7).prefab - Importer: ScriptedImporter/UnityEditor.QuickSearchModule:UnityEditor.Search:ASIAI0B' with importer (ScriptedImporter : UnityEditor.QuickSearchModule:UnityEditor.Search:ASIAI0B)
Imported 'GUID: a55cf07cebaec724dad75544c4344340' -> (Import Result ID: '7feff79b44d4f9fc8b84960ae0aa46ff') in 0.006 seconds [static and dynamic dependencies]. Details - ImportResultOutputID=2bb2d0aaa2159c468ff4065696bf33d2 DependenciesID=1e9f028755ec5b6a6da4237c324f595f StaticDependenciesID=c7473b139b435d0f67f0d287864be2c1 
Number of updated asset objects reloaded before import = 0
Number of asset objects unloaded after import = 6
========================================================================
Received Import Request.
  Time of request: 2026-10-08T13:51:27.4535043Z
  Time since last request: 0.0002718 seconds.
  importAddress: GUID: e26cb75925dc30b4ca5c547d34a5267b - Path: Assets/Free Pack/Meshes/SM_Fridge.fbx - Importer: ScriptedImporter/UnityEditor.QuickSearchModule:UnityEditor.Search:ASIAI0B
Importing 'GUID: e26cb75925dc30b4ca5c547d34a5267b - Path: Assets/Free Pack/Meshes/SM_Fridge.fbx - Importer: ScriptedImporter/UnityEditor.QuickSearchModule:UnityEditor.Search:ASIAI0B' with importer (ScriptedImporter : UnityEditor.QuickSearchModule:UnityEditor.Search:ASIAI0B)
Imported 'GUID: e26cb75925dc30b4ca5c547d34a5267b' -> (Import Result ID: '2d7cc5fb9a513d037d1ba5c3bb28a17a') in 0.007 seconds [static and dynamic dependencies]. Details - ImportResultOutputID=72309e8d3c57c7d4d7f601a4876d67b8 DependenciesID=e8a025c3f73a2fc454002bc86db9a920 StaticDependenciesID=6c5f22a7ea7294adf40781d86468c210 
Number of updated asset objects reloaded before import = 0
Number of asset objects unloaded after import = 25
========================================================================
Received Import Request.
  Time of request: 2026-10-08T13:51:27.4613898Z
  Time since last request: 0.0003006 seconds.
  importAddress: GUID: fc9e0e0987547ed4484efc28e3864431 - Path: Assets/Free Pack/Meshes/SM_Marble_Top_Dining_Table.fbx - Importer: ScriptedImporter/UnityEditor.QuickSearchModule:UnityEditor.Search:ASIAI0B
Importing 'GUID: fc9e0e0987547ed4484efc28e3864431 - Path: Assets/Free Pack/Meshes/SM_Marble_Top_Dining_Table.fbx - Importer: ScriptedImporter/UnityEditor.QuickSearchModule:UnityEditor.Search:ASIAI0B' with importer (ScriptedImporter : UnityEditor.QuickSearchModule:UnityEditor.Search:ASIAI0B)
Imported 'GUID: fc9e0e0987547ed4484efc28e3864431' -> (Import Result ID: '424f505847197d2667c31715d3fe225b') in 0.010 seconds [static and dynamic dependencies]. Details - ImportResultOutputID=6cd8b8e02d4a715fa637255d94679178 DependenciesID=6aa3e5e8fae0d6f69d3229fcc92742fa StaticDependenciesID=a8ef29445004a591b253e4af6907eb92 
Number of updated asset objects reloaded before import = 0
Number of asset objects unloaded after import = 25
========================================================================
Received Import Request.
  Time of request: 2026-10-08T13:51:27.4714308Z
  Time since last request: 0.000212 seconds.
  importAddress: GUID: 0c52b24acea7a0b40945ab607dd9c793 - Path: Assets/Free Pack/scenes/Overview.unity - Importer: ScriptedImporter/UnityEditor.QuickSearchModule:UnityEditor.Search:ASIAI0B
Importing 'GUID: 0c52b24acea7a0b40945ab607dd9c793 - Path: Assets/Free Pack/scenes/Overview.unity - Importer: ScriptedImporter/UnityEditor.QuickSearchModule:UnityEditor.Search:ASIAI0B' with importer (ScriptedImporter : UnityEditor.QuickSearchModule:UnityEditor.Search:ASIAI0B)
Imported 'GUID: 0c52b24acea7a0b40945ab607dd9c793' -> (Import Result ID: '731afa370b001ebc300ff3770ac151fb') in 0.006 seconds [static and dynamic dependencies]. Details - ImportResultOutputID=5c414899428e053daa610f406cdc4229 DependenciesID=1a4b6205c58f762eefb690a987c5966e StaticDependenciesID=ff9f3b2edb4b4a8a3d6937a6c08c7ec5 
Number of updated asset objects reloaded before import = 0
Number of asset objects unloaded after import = 1
========================================================================
Received Import Request.
  Time of request: 2026-10-08T13:51:27.4780605Z
  Time since last request: 0.0002841 seconds.
  importAddress: GUID: e27a8059f383f1b42a46a7f3f0317f10 - Path: Assets/Free Pack/Meshes/SM_Candle_stand_05.fbx - Importer: ScriptedImporter/UnityEditor.QuickSearchModule:UnityEditor.Search:ASIAI0B
Importing 'GUID: e27a8059f383f1b42a46a7f3f0317f10 - Path: Assets/Free Pack/Meshes/SM_Candle_stand_05.fbx - Importer: ScriptedImporter/UnityEditor.QuickSearchModule:UnityEditor.Search:ASIAI0B' with importer (ScriptedImporter : UnityEditor.QuickSearchModule:UnityEditor.Search:ASIAI0B)
Imported 'GUID: e27a8059f383f1b42a46a7f3f0317f10' -> (Import Result ID: 'a1a2de169562c46b3f43479aac6fc783') in 0.008 seconds [static and dynamic dependencies]. Details - ImportResultOutputID=b6e282944782aceda26386b2fc7b9081 DependenciesID=a9c9b46295bf417edf1302d90d2932c8 StaticDependenciesID=9df4fd1964f5184f6ee894ef89ef721f 
Number of updated asset objects reloaded before import = 0
Number of asset objects unloaded after import = 25
========================================================================
Received Import Request.
  Time of request: 2026-10-08T13:51:27.4861902Z
  Time since last request: 0.0003949 seconds.
  importAddress: GUID: fcd36a88a278d594a8321a9a34b340ce - Path: Assets/Free Pack/Meshes/SM_CodFishDish.fbx - Importer: ScriptedImporter/UnityEditor.QuickSearchModule:UnityEditor.Search:ASIAI0B
Importing 'GUID: fcd36a88a278d594a8321a9a34b340ce - Path: Assets/Free Pack/Meshes/SM_CodFishDish.fbx - Importer: ScriptedImporter/UnityEditor.QuickSearchModule:UnityEditor.Search:ASIAI0B' with importer (ScriptedImporter : UnityEditor.QuickSearchModule:UnityEditor.Search:ASIAI0B)
Imported 'GUID: fcd36a88a278d594a8321a9a34b340ce' -> (Import Result ID: '6c6b2a15dc33d484187d13faedf29daa') in 0.008 seconds [static and dynamic dependencies]. Details - ImportResultOutputID=a59d892daf7534c3eea6a09e3eb08b10 DependenciesID=9c2e9458996f37bc3502d9705088adab StaticDependenciesID=fc2457c5b90109fb3c0e7bb489ff342a 
Number of updated asset objects reloaded before import = 0
Number of asset objects unloaded after import = 25
========================================================================
Received Import Request.
  Time of request: 2026-10-08T13:51:27.4950468Z
  Time since last request: 0.000246 seconds.
  importAddress: GUID: f4e6564e8296e6c428e7886c628bdd07 - Path: Assets/Free Pack/scenes/HDRP_Overview.unity - Importer: ScriptedImporter/UnityEditor.QuickSearchModule:UnityEditor.Search:ASIAI0B
Importing 'GUID: f4e6564e8296e6c428e7886c628bdd07 - Path: Assets/Free Pack/scenes/HDRP_Overview.unity - Importer: ScriptedImporter/UnityEditor.QuickSearchModule:UnityEditor.Search:ASIAI0B' with importer (ScriptedImporter : UnityEditor.QuickSearchModule:UnityEditor.Search:ASIAI0B)
Imported 'GUID: f4e6564e8296e6c428e7886c628bdd07' -> (Import Result ID: '1c2102df91271fd5e441261947eea34e') in 0.005 seconds [static and dynamic dependencies]. Details - ImportResultOutputID=1e26bf6040710b4ad3d4f9aa9155c950 DependenciesID=17b34f5c96f5abfeaad8de6ad91a548a StaticDependenciesID=760dc63bb51118b22e02d1196dd34e0d 
Number of updated asset objects reloaded before import = 0
Number of asset objects unloaded after import = 1
========================================================================
Received Import Request.
  Time of request: 2026-10-08T13:51:27.500516Z
  Time since last request: 0.0003199 seconds.
  importAddress: GUID: b9204a1569227d4489344ec5b3c208db - Path: Assets/Free Pack/Meshes/SM_Spoon_04.fbx - Importer: ScriptedImporter/UnityEditor.QuickSearchModule:UnityEditor.Search:ASIAI0B
Importing 'GUID: b9204a1569227d4489344ec5b3c208db - Path: Assets/Free Pack/Meshes/SM_Spoon_04.fbx - Importer: ScriptedImporter/UnityEditor.QuickSearchModule:UnityEditor.Search:ASIAI0B' with importer (ScriptedImporter : UnityEditor.QuickSearchModule:UnityEditor.Search:ASIAI0B)
Imported 'GUID: b9204a1569227d4489344ec5b3c208db' -> (Import Result ID: '20ed2c3f196deb1f62f78dc1ef5603ea') in 0.009 seconds [static and dynamic dependencies]. Details - ImportResultOutputID=b5c3fc8101b4517a9b217374cda61e45 DependenciesID=34b7ffac2dffbb28a37f41a979726e5b StaticDependenciesID=f6ed9a4dbf8e34c696af755ed89086b9 
Number of updated asset objects reloaded before import = 0
Number of asset objects unloaded after import = 25
========================================================================
Received Import Request.
  Time of request: 2026-10-08T13:51:27.5096637Z
  Time since last request: 0.0002747 seconds.
  importAddress: GUID: 18f10ff032087b447bab3ba08ae9314b - Path: Assets/Free Pack/Meshes/SM_Banana.fbx - Importer: ScriptedImporter/UnityEditor.QuickSearchModule:UnityEditor.Search:ASIAI0B
Importing 'GUID: 18f10ff032087b447bab3ba08ae9314b - Path: Assets/Free Pack/Meshes/SM_Banana.fbx - Importer: ScriptedImporter/UnityEditor.QuickSearchModule:UnityEditor.Search:ASIAI0B' with importer (ScriptedImporter : UnityEditor.QuickSearchModule:UnityEditor.Search:ASIAI0B)
Imported 'GUID: 18f10ff032087b447bab3ba08ae9314b' -> (Import Result ID: '444b83fdcf0aedec0441648467c509c8') in 0.009 seconds [static and dynamic dependencies]. Details - ImportResultOutputID=5a0ed5343de5db9093b4e21a630c04e7 DependenciesID=728660c9a70fcf6ad1a636eb123e1cb0 StaticDependenciesID=974edfe9f128c770fd32de99f6d0f836 
Number of updated asset objects reloaded before import = 0
Number of asset objects unloaded after import = 25
========================================================================
Received Import Request.
  Time of request: 2026-10-08T13:51:27.5195071Z
  Time since last request: 0.0003342 seconds.
  importAddress: GUID: 1c1665de31f2c3e4b82fb92828ccf701 - Path: Assets/Free Pack/Textures/T_All_Banana_AO.png - Importer: ScriptedImporter/UnityEditor.QuickSearchModule:UnityEditor.Search:ASIAI0B
Importing 'GUID: 1c1665de31f2c3e4b82fb92828ccf701 - Path: Assets/Free Pack/Textures/T_All_Banana_AO.png - Importer: ScriptedImporter/UnityEditor.QuickSearchModule:UnityEditor.Search:ASIAI0B' with importer (ScriptedImporter : UnityEditor.QuickSearchModule:UnityEditor.Search:ASIAI0B)
Imported 'GUID: 1c1665de31f2c3e4b82fb92828ccf701' -> (Import Result ID: '0b16e024eeea6c4c5570b72b1a6bf8db') in 0.007 seconds [static and dynamic dependencies]. Details - ImportResultOutputID=0b674c8f7a1d7d4945a64491d164c95e DependenciesID=7abade071c740e46838580dac99b5714 StaticDependenciesID=bac635e2e912867d56ab4b3b3a9dc4f0 
Number of updated asset objects reloaded before import = 0
Number of asset objects unloaded after import = 1
========================================================================
Received Import Request.
  Time of request: 2026-10-08T13:51:27.5272775Z
  Time since last request: 0.0002982 seconds.
  importAddress: GUID: c94744586c2adb24d8fa178a80692bb1 - Path: Assets/Free Pack/Meshes/SM_Spoon_15.fbx - Importer: ScriptedImporter/UnityEditor.QuickSearchModule:UnityEditor.Search:ASIAI0B
Importing 'GUID: c94744586c2adb24d8fa178a80692bb1 - Path: Assets/Free Pack/Meshes/SM_Spoon_15.fbx - Importer: ScriptedImporter/UnityEditor.QuickSearchModule:UnityEditor.Search:ASIAI0B' with importer (ScriptedImporter : UnityEditor.QuickSearchModule:UnityEditor.Search:ASIAI0B)
Imported 'GUID: c94744586c2adb24d8fa178a80692bb1' -> (Import Result ID: 'c02eb4ac01f2593efeec7e664fc80d0b') in 0.008 seconds [static and dynamic dependencies]. Details - ImportResultOutputID=4262042e244c62d95f1bd1a7351db990 DependenciesID=06a78096a975a190f28d90252968b274 StaticDependenciesID=a397fa37db72a6b1590bc9d694310dac 
Number of updated asset objects reloaded before import = 0
Number of asset objects unloaded after import = 25
========================================================================
Received Import Request.
  Time of request: 2026-10-08T13:51:27.5515948Z
  Time since last request: 0.0159821 seconds.
  importAddress: GUID: 6ee0764e887ab7c4f8c4079d4b382a13 - Path: Assets/Free Pack/Textures/T_CerealBox_Normal.png - Importer: ScriptedImporter/UnityEditor.QuickSearchModule:UnityEditor.Search:ASIAI0B
Importing 'GUID: 6ee0764e887ab7c4f8c4079d4b382a13 - Path: Assets/Free Pack/Textures/T_CerealBox_Normal.png - Importer: ScriptedImporter/UnityEditor.QuickSearchModule:UnityEditor.Search:ASIAI0B' with importer (ScriptedImporter : UnityEditor.QuickSearchModule:UnityEditor.Search:ASIAI0B)
Imported 'GUID: 6ee0764e887ab7c4f8c4079d4b382a13' -> (Import Result ID: '992133a9cef873188d2973a96a4be6da') in 0.009 seconds [static and dynamic dependencies]. Details - ImportResultOutputID=24222520bf3241744ffd70dc389e1735 DependenciesID=4fb5a15bb8f9560fbd62af2d89f62345 StaticDependenciesID=d7261dd7f01e1a8a53a8c70f71368864 
Number of updated asset objects reloaded before import = 0
Number of asset objects unloaded after import = 1
========================================================================
Received Import Request.
  Time of request: 2026-10-08T13:51:27.561597Z
  Time since last request: 0.000403 seconds.
  importAddress: GUID: 0b65fca745c4e9b409a6d29f581ab7ef - Path: Assets/Free Pack/Textures/T_Chair_V2_MetallicSmoothness.png - Importer: ScriptedImporter/UnityEditor.QuickSearchModule:UnityEditor.Search:ASIAI0B
Importing 'GUID: 0b65fca745c4e9b409a6d29f581ab7ef - Path: Assets/Free Pack/Textures/T_Chair_V2_MetallicSmoothness.png - Importer: ScriptedImporter/UnityEditor.QuickSearchModule:UnityEditor.Search:ASIAI0B' with importer (ScriptedImporter : UnityEditor.QuickSearchModule:UnityEditor.Search:ASIAI0B)
Imported 'GUID: 0b65fca745c4e9b409a6d29f581ab7ef' -> (Import Result ID: '3d41d4883d70f2534de261e9925ff4be') in 0.010 seconds [static and dynamic dependencies]. Details - ImportResultOutputID=2163f4b8fc78fe1f19ef2f8ce12ae5ac DependenciesID=e6b9d0e947c1bc0dae5f8b5b4b405a3f StaticDependenciesID=2cbad9a4fc8ef4c5b85820045577c9df 
Number of updated asset objects reloaded before import = 0
Number of asset objects unloaded after import = 1
========================================================================
Received Import Request.
  Time of request: 2026-10-08T13:51:27.5716897Z
  Time since last request: 0.0003435 seconds.
  importAddress: GUID: b3fb97b1fc7ee4b4d9f6cefed9efed4f - Path: Assets/Free Pack/Textures/T_Carpet_01_BaseOp.png - Importer: ScriptedImporter/UnityEditor.QuickSearchModule:UnityEditor.Search:ASIAI0B
Importing 'GUID: b3fb97b1fc7ee4b4d9f6cefed9efed4f - Path: Assets/Free Pack/Textures/T_Carpet_01_BaseOp.png - Importer: ScriptedImporter/UnityEditor.QuickSearchModule:UnityEditor.Search:ASIAI0B' with importer (ScriptedImporter : UnityEditor.QuickSearchModule:UnityEditor.Search:ASIAI0B)
Imported 'GUID: b3fb97b1fc7ee4b4d9f6cefed9efed4f' -> (Import Result ID: 'cf2910c0b472a67b85a7daf957fc843b') in 0.009 seconds [static and dynamic dependencies]. Details - ImportResultOutputID=672dd9793d7062aa455df732b1ceb6d7 DependenciesID=92cfb2d711cd211fbcf830cd0dacb918 StaticDependenciesID=cb87ab030a3769054f0843cc82785a6b 
Number of updated asset objects reloaded before import = 0
Number of asset objects unloaded after import = 1
========================================================================
Received Import Request.
  Time of request: 2026-10-08T13:51:27.5811328Z
  Time since last request: 0.0002954 seconds.
  importAddress: GUID: 833d732be5af4614eaadb0b671d3b4ed - Path: Assets/Free Pack/Textures/T_Demo_Batch_01_Normal.png - Importer: ScriptedImporter/UnityEditor.QuickSearchModule:UnityEditor.Search:ASIAI0B
Importing 'GUID: 833d732be5af4614eaadb0b671d3b4ed - Path: Assets/Free Pack/Textures/T_Demo_Batch_01_Normal.png - Importer: ScriptedImporter/UnityEditor.QuickSearchModule:UnityEditor.Search:ASIAI0B' with importer (ScriptedImporter : UnityEditor.QuickSearchModule:UnityEditor.Search:ASIAI0B)
Imported 'GUID: 833d732be5af4614eaadb0b671d3b4ed' -> (Import Result ID: '55ae78a8e9413bf8686b6a99e5e45be3') in 0.009 seconds [static and dynamic dependencies]. Details - ImportResultOutputID=8678a759f8a64a5b1b4636db1771fda5 DependenciesID=dfdaa60761681bc074d584b65cd52e7a StaticDependenciesID=456999429ba72bd56e0f312f58c13999 
Number of updated asset objects reloaded before import = 0
Number of asset objects unloaded after import = 1
========================================================================
Received Import Request.
  Time of request: 2026-10-08T13:51:27.5905751Z
  Time since last request: 0.0003004 seconds.
  importAddress: GUID: 60a837ecb57daae40bb7e562ccbc809f - Path: Assets/Free Pack/Textures/T_Cereal_Bowl_Normal.png - Importer: ScriptedImporter/UnityEditor.QuickSearchModule:UnityEditor.Search:ASIAI0B
Importing 'GUID: 60a837ecb57daae40bb7e562ccbc809f - Path: Assets/Free Pack/Textures/T_Cereal_Bowl_Normal.png - Importer: ScriptedImporter/UnityEditor.QuickSearchModule:UnityEditor.Search:ASIAI0B' with importer (ScriptedImporter : UnityEditor.QuickSearchModule:UnityEditor.Search:ASIAI0B)
Imported 'GUID: 60a837ecb57daae40bb7e562ccbc809f' -> (Import Result ID: 'a32ab9a305045e2fd0266d2a62a6e985') in 0.008 seconds [static and dynamic dependencies]. Details - ImportResultOutputID=0f62bb18f983e87ae81c0a28a34e7df2 DependenciesID=5de773392a83fa575c45a47ac999cc27 StaticDependenciesID=0041cd91a6b8edf6377c5ed89169cd40 
Number of updated asset objects reloaded before import = 0
Number of asset objects unloaded after import = 1
========================================================================
Received Import Request.
  Time of request: 2026-10-08T13:51:27.599443Z
  Time since last request: 0.000329 seconds.
  importAddress: GUID: f7a8e20dd31ca0940ad501a0860b6be7 - Path: Assets/Free Pack/Textures/T_Demo_Batch_01_MetallicSmoothness.png - Importer: ScriptedImporter/UnityEditor.QuickSearchModule:UnityEditor.Search:ASIAI0B
Importing 'GUID: f7a8e20dd31ca0940ad501a0860b6be7 - Path: Assets/Free Pack/Textures/T_Demo_Batch_01_MetallicSmoothness.png - Importer: ScriptedImporter/UnityEditor.QuickSearchModule:UnityEditor.Search:ASIAI0B' with importer (ScriptedImporter : UnityEditor.QuickSearchModule:UnityEditor.Search:ASIAI0B)
Imported 'GUID: f7a8e20dd31ca0940ad501a0860b6be7' -> (Import Result ID: '74f86dc9b026482ceab4b478b12fd5c9') in 0.010 seconds [static and dynamic dependencies]. Details - ImportResultOutputID=da22943465129a0b48e37334c459c146 DependenciesID=f0e9128c36e7b49cbe38af2c3b1db36a StaticDependenciesID=756ecf5976862d402e90890cf42624ea 
Number of updated asset objects reloaded before import = 0
Number of asset objects unloaded after import = 1
========================================================================
Received Import Request.
  Time of request: 2026-10-08T13:51:27.6102573Z
  Time since last request: 0.000359 seconds.
  importAddress: GUID: 20bfc58edd876e94fa226e3095495b90 - Path: Assets/Free Pack/Textures/T_Candle_stand_04_MetallicSmoothness.png - Importer: ScriptedImporter/UnityEditor.QuickSearchModule:UnityEditor.Search:ASIAI0B
Importing 'GUID: 20bfc58edd876e94fa226e3095495b90 - Path: Assets/Free Pack/Textures/T_Candle_stand_04_MetallicSmoothness.png - Importer: ScriptedImporter/UnityEditor.QuickSearchModule:UnityEditor.Search:ASIAI0B' with importer (ScriptedImporter : UnityEditor.QuickSearchModule:UnityEditor.Search:ASIAI0B)
Imported 'GUID: 20bfc58edd876e94fa226e3095495b90' -> (Import Result ID: 'b9a8a0fd91adebd8311839c92af04254') in 0.010 seconds [static and dynamic dependencies]. Details - ImportResultOutputID=d4d28f4c775c1eaa8091af1a07ff556c DependenciesID=4f825f49a747168385eb335e56a13467 StaticDependenciesID=4134bf4a869b3c19500f75dc5c4e7d28 
Number of updated asset objects reloaded before import = 0
Number of asset objects unloaded after import = 1
========================================================================
Received Import Request.
  Time of request: 2026-10-08T13:51:27.6209419Z
  Time since last request: 0.0003713 seconds.
  importAddress: GUID: 0a826d14a938f264bb91ee28f92863a9 - Path: Assets/Free Pack/Textures/T_Candle_stand_05_Normal.png - Importer: ScriptedImporter/UnityEditor.QuickSearchModule:UnityEditor.Search:ASIAI0B
Importing 'GUID: 0a826d14a938f264bb91ee28f92863a9 - Path: Assets/Free Pack/Textures/T_Candle_stand_05_Normal.png - Importer: ScriptedImporter/UnityEditor.QuickSearchModule:UnityEditor.Search:ASIAI0B' with importer (ScriptedImporter : UnityEditor.QuickSearchModule:UnityEditor.Search:ASIAI0B)
Imported 'GUID: 0a826d14a938f264bb91ee28f92863a9' -> (Import Result ID: 'a2fef48d93311b6f8aa04c96164566b7') in 0.008 seconds [static and dynamic dependencies]. Details - ImportResultOutputID=603c88da985b06759ed1e6324d9595f7 DependenciesID=a8bf313d3df5717b3d47f45e030a7cf2 StaticDependenciesID=450698064d0f6f13bd04638a512e0d9d 
Number of updated asset objects reloaded before import = 0
Number of asset objects unloaded after import = 1
========================================================================
Received Import Request.
  Time of request: 2026-10-08T13:51:27.629803Z
  Time since last request: 0.0003516 seconds.
  importAddress: GUID: 6f5785b58f1f7d049bb0a752de1d111a - Path: Assets/Free Pack/Textures/T_FC_RK_Batch_02_Normal.png - Importer: ScriptedImporter/UnityEditor.QuickSearchModule:UnityEditor.Search:ASIAI0B
Importing 'GUID: 6f5785b58f1f7d049bb0a752de1d111a - Path: Assets/Free Pack/Textures/T_FC_RK_Batch_02_Normal.png - Importer: ScriptedImporter/UnityEditor.QuickSearchModule:UnityEditor.Search:ASIAI0B' with importer (ScriptedImporter : UnityEditor.QuickSearchModule:UnityEditor.Search:ASIAI0B)
Imported 'GUID: 6f5785b58f1f7d049bb0a752de1d111a' -> (Import Result ID: '38b67ae5fb38022af73be53d60578adf') in 0.008 seconds [static and dynamic dependencies]. Details - ImportResultOutputID=ec5828082db39a670c62591c070d326b DependenciesID=12140c927d7ea8a32ee2886297452804 StaticDependenciesID=fb6c87c70099f10a1275231713d49392 
Number of updated asset objects reloaded before import = 0
Number of asset objects unloaded after import = 1
========================================================================
Received Import Request.
  Time of request: 2026-10-08T13:51:27.6385808Z
  Time since last request: 0.0002833 seconds.
  importAddress: GUID: 1d30dc50f91074f48b43aab2dd04dfe8 - Path: Assets/Free Pack/Textures/T_CS_Batch_01_BaseOp.png - Importer: ScriptedImporter/UnityEditor.QuickSearchModule:UnityEditor.Search:ASIAI0B
Importing 'GUID: 1d30dc50f91074f48b43aab2dd04dfe8 - Path: Assets/Free Pack/Textures/T_CS_Batch_01_BaseOp.png - Importer: ScriptedImporter/UnityEditor.QuickSearchModule:UnityEditor.Search:ASIAI0B' with importer (ScriptedImporter : UnityEditor.QuickSearchModule:UnityEditor.Search:ASIAI0B)
Imported 'GUID: 1d30dc50f91074f48b43aab2dd04dfe8' -> (Import Result ID: '275897e59adbe3f2206662c6ab35832b') in 0.007 seconds [static and dynamic dependencies]. Details - ImportResultOutputID=5d30b0289eea5d56a65230b557427cc1 DependenciesID=9857a7f1a85c3a5c36f00f3ccda1b674 StaticDependenciesID=049e8e29692a0d46f2d74e7681258d7c 
Number of updated asset objects reloaded before import = 0
Number of asset objects unloaded after import = 1
========================================================================
Received Import Request.
  Time of request: 2026-10-08T13:51:27.6464334Z
  Time since last request: 0.0003197 seconds.
  importAddress: GUID: dab73ed9e3c3f6d4c98dccad2e18f7c6 - Path: Assets/Free Pack/Textures/T_Cereal_Bowl_BaseOp.png - Importer: ScriptedImporter/UnityEditor.QuickSearchModule:UnityEditor.Search:ASIAI0B
Importing 'GUID: dab73ed9e3c3f6d4c98dccad2e18f7c6 - Path: Assets/Free Pack/Textures/T_Cereal_Bowl_BaseOp.png - Importer: ScriptedImporter/UnityEditor.QuickSearchModule:UnityEditor.Search:ASIAI0B' with importer (ScriptedImporter : UnityEditor.QuickSearchModule:UnityEditor.Search:ASIAI0B)
Imported 'GUID: dab73ed9e3c3f6d4c98dccad2e18f7c6' -> (Import Result ID: '76ea9811f2f3d147ca71fea298339b49') in 0.010 seconds [static and dynamic dependencies]. Details - ImportResultOutputID=61e12389d08e1a07e9a208d660eac3c8 DependenciesID=0a45237c4d669f4b095b6c30cd75b206 StaticDependenciesID=96c6fb799f28424ed666d7fcc9112534 
Number of updated asset objects reloaded before import = 0
Number of asset objects unloaded after import = 1
========================================================================
Received Import Request.
  Time of request: 2026-10-08T13:51:27.6568343Z
  Time since last request: 0.0003505 seconds.
  importAddress: GUID: 70cbc2ff091156e47b906c340f997747 - Path: Assets/Free Pack/Textures/T_Chair_V2_BaseOp.png - Importer: ScriptedImporter/UnityEditor.QuickSearchModule:UnityEditor.Search:ASIAI0B
Importing 'GUID: 70cbc2ff091156e47b906c340f997747 - Path: Assets/Free Pack/Textures/T_Chair_V2_BaseOp.png - Importer: ScriptedImporter/UnityEditor.QuickSearchModule:UnityEditor.Search:ASIAI0B' with importer (ScriptedImporter : UnityEditor.QuickSearchModule:UnityEditor.Search:ASIAI0B)
Imported 'GUID: 70cbc2ff091156e47b906c340f997747' -> (Import Result ID: '048dd6db735d087f4eb9c701ecaadb05') in 0.008 seconds [static and dynamic dependencies]. Details - ImportResultOutputID=9edf61184164baef56a16598a3b4ea6a DependenciesID=a02447318aa9bb78e4ae1167d9cf4d27 StaticDependenciesID=348047cba649d97cd8c3bcc826870a94 
Number of updated asset objects reloaded before import = 0
Number of asset objects unloaded after import = 1
========================================================================
Received Import Request.
  Time of request: 2026-10-08T13:51:27.6654021Z
  Time since last request: 0.0004337 seconds.
  importAddress: GUID: f4949426a1eb55647910afb267c459d0 - Path: Assets/Free Pack/Textures/T_EggplantDish_AO.png - Importer: ScriptedImporter/UnityEditor.QuickSearchModule:UnityEditor.Search:ASIAI0B
Importing 'GUID: f4949426a1eb55647910afb267c459d0 - Path: Assets/Free Pack/Textures/T_EggplantDish_AO.png - Importer: ScriptedImporter/UnityEditor.QuickSearchModule:UnityEditor.Search:ASIAI0B' with importer (ScriptedImporter : UnityEditor.QuickSearchModule:UnityEditor.Search:ASIAI0B)
Imported 'GUID: f4949426a1eb55647910afb267c459d0' -> (Import Result ID: '75b5b1d3a62227dfb655930640b04cbc') in 0.008 seconds [static and dynamic dependencies]. Details - ImportResultOutputID=2793d6caf648594310930cbd806cd524 DependenciesID=c1b67f8cf2941a2fc720f32c16b447a3 StaticDependenciesID=8293ec572696734c15965b5275fd33e9 
Number of updated asset objects reloaded before import = 0
Number of asset objects unloaded after import = 1
========================================================================
Received Import Request.
  Time of request: 2026-10-08T13:51:27.6741647Z
  Time since last request: 0.0002591 seconds.
  importAddress: GUID: d9a20e163caca9e4297d764a47ac651c - Path: Assets/Free Pack/Textures/T_EggplantDish_MetallicSmoothness.png - Importer: ScriptedImporter/UnityEditor.QuickSearchModule:UnityEditor.Search:ASIAI0B
Importing 'GUID: d9a20e163caca9e4297d764a47ac651c - Path: Assets/Free Pack/Textures/T_EggplantDish_MetallicSmoothness.png - Importer: ScriptedImporter/UnityEditor.QuickSearchModule:UnityEditor.Search:ASIAI0B' with importer (ScriptedImporter : UnityEditor.QuickSearchModule:UnityEditor.Search:ASIAI0B)
Imported 'GUID: d9a20e163caca9e4297d764a47ac651c' -> (Import Result ID: '9da94a6ae9f7edc36b8d146259177f2e') in 0.008 seconds [static and dynamic dependencies]. Details - ImportResultOutputID=5f8cdbe338f5c9e50f883b96e860ffa2 DependenciesID=6bc35e95daecb54cee2e9cb380f267b9 StaticDependenciesID=d65b40d22a4f5cb434142b57a8b61070 
Number of updated asset objects reloaded before import = 0
Number of asset objects unloaded after import = 1
========================================================================
Received Import Request.
  Time of request: 2026-10-08T13:51:27.6828548Z
  Time since last request: 0.0003019 seconds.
  importAddress: GUID: 362f9a1e76dd8c1418de811036523626 - Path: Assets/Free Pack/Textures/T_Dishes_AO.png - Importer: ScriptedImporter/UnityEditor.QuickSearchModule:UnityEditor.Search:ASIAI0B
Importing 'GUID: 362f9a1e76dd8c1418de811036523626 - Path: Assets/Free Pack/Textures/T_Dishes_AO.png - Importer: ScriptedImporter/UnityEditor.QuickSearchModule:UnityEditor.Search:ASIAI0B' with importer (ScriptedImporter : UnityEditor.QuickSearchModule:UnityEditor.Search:ASIAI0B)
Imported 'GUID: 362f9a1e76dd8c1418de811036523626' -> (Import Result ID: '037798c1d9600724a6622489e367c68a') in 0.009 seconds [static and dynamic dependencies]. Details - ImportResultOutputID=6db084ab6f2b12d0633863c1ae9b970e DependenciesID=0e9773de481d64ac185f1973c8c2b70b StaticDependenciesID=5818382ebf59e14d32fefa11597b5e89 
Number of updated asset objects reloaded before import = 0
Number of asset objects unloaded after import = 1
========================================================================
Received Import Request.
  Time of request: 2026-10-08T13:51:27.6927925Z
  Time since last request: 0.0003652 seconds.
  importAddress: GUID: a33a2f163783c344d8be18706a399803 - Path: Assets/Free Pack/Textures/T_FC_RK_Batch_02_Emissive.png - Importer: ScriptedImporter/UnityEditor.QuickSearchModule:UnityEditor.Search:ASIAI0B
Importing 'GUID: a33a2f163783c344d8be18706a399803 - Path: Assets/Free Pack/Textures/T_FC_RK_Batch_02_Emissive.png - Importer: ScriptedImporter/UnityEditor.QuickSearchModule:UnityEditor.Search:ASIAI0B' with importer (ScriptedImporter : UnityEditor.QuickSearchModule:UnityEditor.Search:ASIAI0B)
Imported 'GUID: a33a2f163783c344d8be18706a399803' -> (Import Result ID: 'b52a47a52a51827f99f365df56c0caa7') in 0.008 seconds [static and dynamic dependencies]. Details - ImportResultOutputID=7f7614b3f422fb86f9efa6e99fbabf16 DependenciesID=9415f53e9f8ccb876956f895a71ea6a5 StaticDependenciesID=1a001800972e414ef4d3a00afad3b26c 
Number of updated asset objects reloaded before import = 0
Number of asset objects unloaded after import = 1
========================================================================
Received Import Request.
  Time of request: 2026-10-08T13:51:27.7010608Z
  Time since last request: 0.0005329 seconds.
  importAddress: GUID: dccf9b83895abb74e9e2d69f0fff05ef - Path: Assets/Free Pack/Textures/T_CerealBox_AO.png - Importer: ScriptedImporter/UnityEditor.QuickSearchModule:UnityEditor.Search:ASIAI0B
Importing 'GUID: dccf9b83895abb74e9e2d69f0fff05ef - Path: Assets/Free Pack/Textures/T_CerealBox_AO.png - Importer: ScriptedImporter/UnityEditor.QuickSearchModule:UnityEditor.Search:ASIAI0B' with importer (ScriptedImporter : UnityEditor.QuickSearchModule:UnityEditor.Search:ASIAI0B)
Imported 'GUID: dccf9b83895abb74e9e2d69f0fff05ef' -> (Import Result ID: '1f62b2ce79ad0e3f1f55641a391a6091') in 0.009 seconds [static and dynamic dependencies]. Details - ImportResultOutputID=3ec8215fa271bbe30c72558313053120 DependenciesID=dd0e297d9908fbbec8e3be7aa91d8070 StaticDependenciesID=6398f9ed31fe1b39c79f26398da0d374 
Number of updated asset objects reloaded before import = 0
Number of asset objects unloaded after import = 1
========================================================================
Received Import Request.
  Time of request: 2026-10-08T13:51:27.7107115Z
  Time since last request: 0.0003763 seconds.
  importAddress: GUID: 74a1338ea96a19e41bf2127e3e8ce4e9 - Path: Assets/Free Pack/Textures/T_Fridge_MetallicSmoothness.png - Importer: ScriptedImporter/UnityEditor.QuickSearchModule:UnityEditor.Search:ASIAI0B
Importing 'GUID: 74a1338ea96a19e41bf2127e3e8ce4e9 - Path: Assets/Free Pack/Textures/T_Fridge_MetallicSmoothness.png - Importer: ScriptedImporter/UnityEditor.QuickSearchModule:UnityEditor.Search:ASIAI0B' with importer (ScriptedImporter : UnityEditor.QuickSearchModule:UnityEditor.Search:ASIAI0B)
Imported 'GUID: 74a1338ea96a19e41bf2127e3e8ce4e9' -> (Import Result ID: '9cfa8a3d94c6d8bdbbcd64405518a6cf') in 0.009 seconds [static and dynamic dependencies]. Details - ImportResultOutputID=86f123056d306cbcaab1db2a153540ac DependenciesID=5cbe1123b0d33cc9d6c0d5ef840f6c6e StaticDependenciesID=44f1a7b26cf07e6abab0f61aa3ef1b9c 
Number of updated asset objects reloaded before import = 0
Number of asset objects unloaded after import = 1
========================================================================
Received Import Request.
  Time of request: 2026-10-08T13:51:27.7208339Z
  Time since last request: 0.0004126 seconds.
  importAddress: GUID: 312383f8a9173164ea542eb704163bf7 - Path: Assets/Free Pack/Textures/T_HH_Basket_04_AO.png - Importer: ScriptedImporter/UnityEditor.QuickSearchModule:UnityEditor.Search:ASIAI0B
Importing 'GUID: 312383f8a9173164ea542eb704163bf7 - Path: Assets/Free Pack/Textures/T_HH_Basket_04_AO.png - Importer: ScriptedImporter/UnityEditor.QuickSearchModule:UnityEditor.Search:ASIAI0B' with importer (ScriptedImporter : UnityEditor.QuickSearchModule:UnityEditor.Search:ASIAI0B)
Imported 'GUID: 312383f8a9173164ea542eb704163bf7' -> (Import Result ID: '54cdfaa286e411ccf257a293e9ebc5bf') in 0.008 seconds [static and dynamic dependencies]. Details - ImportResultOutputID=c1745e41ec278e03d54100434c7bcaa5 DependenciesID=72a70d9ccd001419d7d89ec59dac96d1 StaticDependenciesID=ea8a62fc4a755dbe965f16263a886010 
Number of updated asset objects reloaded before import = 0
Number of asset objects unloaded after import = 1
========================================================================
Received Import Request.
  Time of request: 2026-10-08T13:51:27.7291542Z
  Time since last request: 0.0004031 seconds.
  importAddress: GUID: a7dd340d8ac282f448a1b93eb874df2b - Path: Assets/Free Pack/Textures/T_Bulk2_BaseOP.png - Importer: ScriptedImporter/UnityEditor.QuickSearchModule:UnityEditor.Search:ASIAI0B
Importing 'GUID: a7dd340d8ac282f448a1b93eb874df2b - Path: Assets/Free Pack/Textures/T_Bulk2_BaseOP.png - Importer: ScriptedImporter/UnityEditor.QuickSearchModule:UnityEditor.Search:ASIAI0B' with importer (ScriptedImporter : UnityEditor.QuickSearchModule:UnityEditor.Search:ASIAI0B)
Imported 'GUID: a7dd340d8ac282f448a1b93eb874df2b' -> (Import Result ID: '4c3430ac2c37e04963f9fa6279f7edc4') in 0.008 seconds [static and dynamic dependencies]. Details - ImportResultOutputID=2c3ea271c4731387d6a9baeb9ce489ae DependenciesID=b0dfa7ad95117d67f2369ef96ddacd28 StaticDependenciesID=f7465484ff448a6e4c26d38c7ff0c86e 
Number of updated asset objects reloaded before import = 0
Number of asset objects unloaded after import = 1
========================================================================
Received Import Request.
  Time of request: 2026-10-08T13:51:27.7376002Z
  Time since last request: 0.0003549 seconds.
  importAddress: GUID: a5b7cd99e8934e34ab9c84349555849c - Path: Assets/Free Pack/Textures/T_Grapes_02_BaseOP.png - Importer: ScriptedImporter/UnityEditor.QuickSearchModule:UnityEditor.Search:ASIAI0B
Importing 'GUID: a5b7cd99e8934e34ab9c84349555849c - Path: Assets/Free Pack/Textures/T_Grapes_02_BaseOP.png - Importer: ScriptedImporter/UnityEditor.QuickSearchModule:UnityEditor.Search:ASIAI0B' with importer (ScriptedImporter : UnityEditor.QuickSearchModule:UnityEditor.Search:ASIAI0B)
Imported 'GUID: a5b7cd99e8934e34ab9c84349555849c' -> (Import Result ID: '0dbd851fe2eab30b30be0f4b8bd3b73d') in 0.010 seconds [static and dynamic dependencies]. Details - ImportResultOutputID=b93b69d2fe1bbbe64b94002537a20feb DependenciesID=d318e5a7215f0560cd372bd73dcfe091 StaticDependenciesID=150598a4c19cc67fae83d06409d14456 
Number of updated asset objects reloaded before import = 0
Number of asset objects unloaded after import = 1
========================================================================
Received Import Request.
  Time of request: 2026-10-08T13:51:27.7479774Z
  Time since last request: 0.0003634 seconds.
  importAddress: GUID: a72a6792ffe8ef64abcad7a4f80941c1 - Path: Assets/Free Pack/Textures/T_BottleBulk_01_AO.png - Importer: ScriptedImporter/UnityEditor.QuickSearchModule:UnityEditor.Search:ASIAI0B
Importing 'GUID: a72a6792ffe8ef64abcad7a4f80941c1 - Path: Assets/Free Pack/Textures/T_BottleBulk_01_AO.png - Importer: ScriptedImporter/UnityEditor.QuickSearchModule:UnityEditor.Search:ASIAI0B' with importer (ScriptedImporter : UnityEditor.QuickSearchModule:UnityEditor.Search:ASIAI0B)
Imported 'GUID: a72a6792ffe8ef64abcad7a4f80941c1' -> (Import Result ID: 'fb7609673bbde0354b1d8fae0ac8b638') in 0.008 seconds [static and dynamic dependencies]. Details - ImportResultOutputID=39ab160d7689874818abdb8c421196cd DependenciesID=5c0d02a75c53ee76d26142bc7eed5860 StaticDependenciesID=0244b5c4994d3d8a0a99dc8a027d9015 
Number of updated asset objects reloaded before import = 0
Number of asset objects unloaded after import = 1
========================================================================
Received Import Request.
  Time of request: 2026-10-08T13:51:27.7562043Z
  Time since last request: 0.0002958 seconds.
  importAddress: GUID: f7af460e08631714d94ea43384fdb5fe - Path: Assets/Free Pack/Textures/T_Chair_V2_Normal.png - Importer: ScriptedImporter/UnityEditor.QuickSearchModule:UnityEditor.Search:ASIAI0B
Importing 'GUID: f7af460e08631714d94ea43384fdb5fe - Path: Assets/Free Pack/Textures/T_Chair_V2_Normal.png - Importer: ScriptedImporter/UnityEditor.QuickSearchModule:UnityEditor.Search:ASIAI0B' with importer (ScriptedImporter : UnityEditor.QuickSearchModule:UnityEditor.Search:ASIAI0B)
Imported 'GUID: f7af460e08631714d94ea43384fdb5fe' -> (Import Result ID: 'b655181a6e40c8bd3f4c0d380236670d') in 0.010 seconds [static and dynamic dependencies]. Details - ImportResultOutputID=a03ee668a9450537efc793ed4a0982b8 DependenciesID=291bebd34adddee5c6398c2d376f5e67 StaticDependenciesID=7aa334d7a48a413a62d6c7944885bd55 
Number of updated asset objects reloaded before import = 0
Number of asset objects unloaded after import = 1
========================================================================
Received Import Request.
  Time of request: 2026-10-08T13:51:27.766982Z
  Time since last request: 0.0003205 seconds.
  importAddress: GUID: ea8bbb679db51a449be88437fc43f236 - Path: Assets/Free Pack/Textures/T_BottleBulk_01_BaseOP.png - Importer: ScriptedImporter/UnityEditor.QuickSearchModule:UnityEditor.Search:ASIAI0B
Importing 'GUID: ea8bbb679db51a449be88437fc43f236 - Path: Assets/Free Pack/Textures/T_BottleBulk_01_BaseOP.png - Importer: ScriptedImporter/UnityEditor.QuickSearchModule:UnityEditor.Search:ASIAI0B' with importer (ScriptedImporter : UnityEditor.QuickSearchModule:UnityEditor.Search:ASIAI0B)
Imported 'GUID: ea8bbb679db51a449be88437fc43f236' -> (Import Result ID: '778ba8270adca1ee1ee85bc4a752b6f8') in 0.008 seconds [static and dynamic dependencies]. Details - ImportResultOutputID=2a55118570167925ec68f8f7ef6237f0 DependenciesID=883ea48b75f39d572aa028b3be5ad0da StaticDependenciesID=c110ba28162bcb69659e7d29ab162a45 
Number of updated asset objects reloaded before import = 0
Number of asset objects unloaded after import = 1
========================================================================
Received Import Request.
  Time of request: 2026-10-08T13:51:27.7757705Z
  Time since last request: 0.0003211 seconds.
  importAddress: GUID: 1b153ff6a672cb24c8272f451f838a78 - Path: Assets/Free Pack/Textures/T_Batch_Small_02_MetallicSmoothness.png - Importer: ScriptedImporter/UnityEditor.QuickSearchModule:UnityEditor.Search:ASIAI0B
Importing 'GUID: 1b153ff6a672cb24c8272f451f838a78 - Path: Assets/Free Pack/Textures/T_Batch_Small_02_MetallicSmoothness.png - Importer: ScriptedImporter/UnityEditor.QuickSearchModule:UnityEditor.Search:ASIAI0B' with importer (ScriptedImporter : UnityEditor.QuickSearchModule:UnityEditor.Search:ASIAI0B)
Imported 'GUID: 1b153ff6a672cb24c8272f451f838a78' -> (Import Result ID: 'e6cc06beb20bd2681562697f54c8810c') in 0.010 seconds [static and dynamic dependencies]. Details - ImportResultOutputID=1176aa79d9196303058102d5087c71a8 DependenciesID=f1cfcf44a0cae65baae0dcbb4de4cafc StaticDependenciesID=0d7352e2d2e01ddf38cfddb86fdff2e4 
Number of updated asset objects reloaded before import = 0
Number of asset objects unloaded after import = 1
========================================================================
Received Import Request.
  Time of request: 2026-10-08T13:51:27.7862876Z
  Time since last request: 0.0003629 seconds.
  importAddress: GUID: 37bb0f4faccb646479266dfcb12348db - Path: Assets/Free Pack/Textures/T_FC_RK_Batch_02_AO.png - Importer: ScriptedImporter/UnityEditor.QuickSearchModule:UnityEditor.Search:ASIAI0B
Importing 'GUID: 37bb0f4faccb646479266dfcb12348db - Path: Assets/Free Pack/Textures/T_FC_RK_Batch_02_AO.png - Importer: ScriptedImporter/UnityEditor.QuickSearchModule:UnityEditor.Search:ASIAI0B' with importer (ScriptedImporter : UnityEditor.QuickSearchModule:UnityEditor.Search:ASIAI0B)
Imported 'GUID: 37bb0f4faccb646479266dfcb12348db' -> (Import Result ID: 'b45ca566ba90a21cbcf35557dfe45f13') in 0.008 seconds [static and dynamic dependencies]. Details - ImportResultOutputID=149af339fee3724c985099690d20a7cf DependenciesID=87bea6907899fc85e08089692e2a8a3f StaticDependenciesID=76d4b5c2a0da05d5272d5b2dd3b9777a 
Number of updated asset objects reloaded before import = 0
Number of asset objects unloaded after import = 1
========================================================================
Received Import Request.
  Time of request: 2026-10-08T13:51:27.7950635Z
  Time since last request: 0.0002943 seconds.
  importAddress: GUID: 75cb882384b7f18419f0531ee6221c87 - Path: Assets/Free Pack/Textures/T_Grapes_02_AO.png - Importer: ScriptedImporter/UnityEditor.QuickSearchModule:UnityEditor.Search:ASIAI0B
Importing 'GUID: 75cb882384b7f18419f0531ee6221c87 - Path: Assets/Free Pack/Textures/T_Grapes_02_AO.png - Importer: ScriptedImporter/UnityEditor.QuickSearchModule:UnityEditor.Search:ASIAI0B' with importer (ScriptedImporter : UnityEditor.QuickSearchModule:UnityEditor.Search:ASIAI0B)
Imported 'GUID: 75cb882384b7f18419f0531ee6221c87' -> (Import Result ID: '3ead2425bd636cd250ae6a6a97430d6f') in 0.008 seconds [static and dynamic dependencies]. Details - ImportResultOutputID=8b1c5cd66e94f0adf2f2aa5802fa5a5a DependenciesID=79d4e82a781bf3a290fab314b3274a28 StaticDependenciesID=774ed7f901dcd7f3c175013567019ea9 
Number of updated asset objects reloaded before import = 0
Number of asset objects unloaded after import = 1
========================================================================
Received Import Request.
  Time of request: 2026-10-08T13:51:27.8035663Z
  Time since last request: 0.0003061 seconds.
  importAddress: GUID: ce4f5f3d2f6fa5946959e3b7e762c06d - Path: Assets/Free Pack/Textures/T_BottleBulk_01_MetallicSmoothness.png - Importer: ScriptedImporter/UnityEditor.QuickSearchModule:UnityEditor.Search:ASIAI0B
Importing 'GUID: ce4f5f3d2f6fa5946959e3b7e762c06d - Path: Assets/Free Pack/Textures/T_BottleBulk_01_MetallicSmoothness.png - Importer: ScriptedImporter/UnityEditor.QuickSearchModule:UnityEditor.Search:ASIAI0B' with importer (ScriptedImporter : UnityEditor.QuickSearchModule:UnityEditor.Search:ASIAI0B)
Imported 'GUID: ce4f5f3d2f6fa5946959e3b7e762c06d' -> (Import Result ID: 'b1bcbb84ec273a4e76e49e41260f4c81') in 0.010 seconds [static and dynamic dependencies]. Details - ImportResultOutputID=5b4b47f2e0403ba8e24f82e0e14c5640 DependenciesID=020bcc82c6dcc336a27a871b05f7d097 StaticDependenciesID=56d8b4d7cfcf2c76d28dd71ce0fa1cca 
Number of updated asset objects reloaded before import = 0
Number of asset objects unloaded after import = 1
========================================================================
Received Import Request.
  Time of request: 2026-10-08T13:51:27.8139639Z
  Time since last request: 0.0002641 seconds.
  importAddress: GUID: db9a368859a26d6419bae749f2d6e9a1 - Path: Assets/Free Pack/Textures/T_CS_Batch_01_MetallicSmoothness.png - Importer: ScriptedImporter/UnityEditor.QuickSearchModule:UnityEditor.Search:ASIAI0B
Importing 'GUID: db9a368859a26d6419bae749f2d6e9a1 - Path: Assets/Free Pack/Textures/T_CS_Batch_01_MetallicSmoothness.png - Importer: ScriptedImporter/UnityEditor.QuickSearchModule:UnityEditor.Search:ASIAI0B' with importer (ScriptedImporter : UnityEditor.QuickSearchModule:UnityEditor.Search:ASIAI0B)
Imported 'GUID: db9a368859a26d6419bae749f2d6e9a1' -> (Import Result ID: '5f72c912384b4a8d7d2bd6651a82dd2c') in 0.010 seconds [static and dynamic dependencies]. Details - ImportResultOutputID=07a8d4265d451f37bceb3893e9ceb209 DependenciesID=e5fd25958206166c65c10792228408c2 StaticDependenciesID=ccf5d98dc5f1b8ba0d4a899c7e82c8c8 
Number of updated asset objects reloaded before import = 0
Number of asset objects unloaded after import = 1
========================================================================
Received Import Request.
  Time of request: 2026-10-08T13:51:27.8247549Z
  Time since last request: 0.0002807 seconds.
  importAddress: GUID: 8d36a18cbb2269845bb3be4eeda6cbf6 - Path: Assets/Free Pack/Textures/T_Cereal_Bowl_AO.png - Importer: ScriptedImporter/UnityEditor.QuickSearchModule:UnityEditor.Search:ASIAI0B
Importing 'GUID: 8d36a18cbb2269845bb3be4eeda6cbf6 - Path: Assets/Free Pack/Textures/T_Cereal_Bowl_AO.png - Importer: ScriptedImporter/UnityEditor.QuickSearchModule:UnityEditor.Search:ASIAI0B' with importer (ScriptedImporter : UnityEditor.QuickSearchModule:UnityEditor.Search:ASIAI0B)
Imported 'GUID: 8d36a18cbb2269845bb3be4eeda6cbf6' -> (Import Result ID: '88fcb86fa866e2ef650ed2fd74391b2e') in 0.009 seconds [static and dynamic dependencies]. Details - ImportResultOutputID=48ceec02f4e3ef70eaaf810346ea627e DependenciesID=de89fe014d502e589cb675d0e23683e9 StaticDependenciesID=244383e386e38a89039626c94d5c0b6b 
Number of updated asset objects reloaded before import = 0
Number of asset objects unloaded after import = 1
========================================================================
Received Import Request.
  Time of request: 2026-10-08T13:51:27.8343444Z
  Time since last request: 0.0004604 seconds.
  importAddress: GUID: b56328890990dbc47b09b4ac2725f306 - Path: Assets/Free Pack/Textures/T_Bulk2_Normal.png - Importer: ScriptedImporter/UnityEditor.QuickSearchModule:UnityEditor.Search:ASIAI0B
Importing 'GUID: b56328890990dbc47b09b4ac2725f306 - Path: Assets/Free Pack/Textures/T_Bulk2_Normal.png - Importer: ScriptedImporter/UnityEditor.QuickSearchModule:UnityEditor.Search:ASIAI0B' with importer (ScriptedImporter : UnityEditor.QuickSearchModule:UnityEditor.Search:ASIAI0B)
Imported 'GUID: b56328890990dbc47b09b4ac2725f306' -> (Import Result ID: 'f0533c068416bcec257ee0f0e093795c') in 0.010 seconds [static and dynamic dependencies]. Details - ImportResultOutputID=f4440dc29f0484b4effe83dc8606891e DependenciesID=d42614633801b6f8f74615609f851aa8 StaticDependenciesID=ff6c21bbb7cf034fabb85060ccc7811e 
Number of updated asset objects reloaded before import = 0
Number of asset objects unloaded after import = 1
========================================================================
Received Import Request.
  Time of request: 2026-10-08T13:51:27.8445424Z
  Time since last request: 0.0003875 seconds.
  importAddress: GUID: 0a54765a920bcf6498b00c3619d8a865 - Path: Assets/Free Pack/Textures/T_CS_Batch_01_Normal.png - Importer: ScriptedImporter/UnityEditor.QuickSearchModule:UnityEditor.Search:ASIAI0B
Importing 'GUID: 0a54765a920bcf6498b00c3619d8a865 - Path: Assets/Free Pack/Textures/T_CS_Batch_01_Normal.png - Importer: ScriptedImporter/UnityEditor.QuickSearchModule:UnityEditor.Search:ASIAI0B' with importer (ScriptedImporter : UnityEditor.QuickSearchModule:UnityEditor.Search:ASIAI0B)
Imported 'GUID: 0a54765a920bcf6498b00c3619d8a865' -> (Import Result ID: '1de1eb032f0b580405da5686d3e86a13') in 0.009 seconds [static and dynamic dependencies]. Details - ImportResultOutputID=a40f80e6fc96bb318caa23d9324f502f DependenciesID=0dcee2c192448e1beabc6f4c09a15829 StaticDependenciesID=45e6c317d3eee8526064e2bc9fe7bcd0 
Number of updated asset objects reloaded before import = 0
Number of asset objects unloaded after import = 1
========================================================================
Received Import Request.
  Time of request: 2026-10-08T13:51:27.853959Z
  Time since last request: 0.0003013 seconds.
  importAddress: GUID: 6679fce512dd98644818c3c96cac456f - Path: Assets/Free Pack/Textures/T_FC_RK_Batch_02_MetallicSmoothness.png - Importer: ScriptedImporter/UnityEditor.QuickSearchModule:UnityEditor.Search:ASIAI0B
Importing 'GUID: 6679fce512dd98644818c3c96cac456f - Path: Assets/Free Pack/Textures/T_FC_RK_Batch_02_MetallicSmoothness.png - Importer: ScriptedImporter/UnityEditor.QuickSearchModule:UnityEditor.Search:ASIAI0B' with importer (ScriptedImporter : UnityEditor.QuickSearchModule:UnityEditor.Search:ASIAI0B)
Imported 'GUID: 6679fce512dd98644818c3c96cac456f' -> (Import Result ID: '7887c5b62c06463775315648c146c065') in 0.011 seconds [static and dynamic dependencies]. Details - ImportResultOutputID=41584f13e6389b18adb250a8f51ac9cb DependenciesID=ae0ccec3a70a4ecd0c5bd4ac39d0ed76 StaticDependenciesID=daf90612a2a5b38c5e4b35d6cad90a75 
Number of updated asset objects reloaded before import = 0
Number of asset objects unloaded after import = 1
========================================================================
Received Import Request.
  Time of request: 2026-10-08T13:51:27.8650778Z
  Time since last request: 0.0002372 seconds.
  importAddress: GUID: 905435ca92d7c4e459ac82e8fdbd702f - Path: Assets/Free Pack/Textures/T_Batch_Small_02_Normal.png - Importer: ScriptedImporter/UnityEditor.QuickSearchModule:UnityEditor.Search:ASIAI0B
Importing 'GUID: 905435ca92d7c4e459ac82e8fdbd702f - Path: Assets/Free Pack/Textures/T_Batch_Small_02_Normal.png - Importer: ScriptedImporter/UnityEditor.QuickSearchModule:UnityEditor.Search:ASIAI0B' with importer (ScriptedImporter : UnityEditor.QuickSearchModule:UnityEditor.Search:ASIAI0B)
Imported 'GUID: 905435ca92d7c4e459ac82e8fdbd702f' -> (Import Result ID: '191faf555117386e1b9d6866a4a12600') in 0.009 seconds [static and dynamic dependencies]. Details - ImportResultOutputID=8459cd5bd14929d2dafb3860a2ad8656 DependenciesID=98792d24cccd1c332302bba18c43f4e1 StaticDependenciesID=41b872ad9eef5c24bc8e7dae3ac0a3d3 
Number of updated asset objects reloaded before import = 0
Number of asset objects unloaded after import = 1
========================================================================
Received Import Request.
  Time of request: 2026-10-08T13:51:27.8749464Z
  Time since last request: 0.0005649 seconds.
  importAddress: GUID: e0db912f08c8bc941838a346964b3c3a - Path: Assets/Free Pack/Textures/T_Carpet_01_Normal.png - Importer: ScriptedImporter/UnityEditor.QuickSearchModule:UnityEditor.Search:ASIAI0B
Importing 'GUID: e0db912f08c8bc941838a346964b3c3a - Path: Assets/Free Pack/Textures/T_Carpet_01_Normal.png - Importer: ScriptedImporter/UnityEditor.QuickSearchModule:UnityEditor.Search:ASIAI0B' with importer (ScriptedImporter : UnityEditor.QuickSearchModule:UnityEditor.Search:ASIAI0B)
Imported 'GUID: e0db912f08c8bc941838a346964b3c3a' -> (Import Result ID: '53bd6c6fbb108ebe65deadc6135d6cee') in 0.011 seconds [static and dynamic dependencies]. Details - ImportResultOutputID=f1b077ed41d810712e25b7569df321b4 DependenciesID=d61f310d66e6472b2f4592749c50def6 StaticDependenciesID=acf0947a31bb90d8977300eb9e69b8d3 
Number of updated asset objects reloaded before import = 0
Number of asset objects unloaded after import = 1
========================================================================
Received Import Request.
  Time of request: 2026-10-08T13:51:27.8860754Z
  Time since last request: 0.0003468 seconds.
  importAddress: GUID: 2289ef6194181ec42a0ba42bbf605d89 - Path: Assets/Free Pack/Textures/T_Candle_stand_05_BaseOp.png - Importer: ScriptedImporter/UnityEditor.QuickSearchModule:UnityEditor.Search:ASIAI0B
Importing 'GUID: 2289ef6194181ec42a0ba42bbf605d89 - Path: Assets/Free Pack/Textures/T_Candle_stand_05_BaseOp.png - Importer: ScriptedImporter/UnityEditor.QuickSearchModule:UnityEditor.Search:ASIAI0B' with importer (ScriptedImporter : UnityEditor.QuickSearchModule:UnityEditor.Search:ASIAI0B)
Imported 'GUID: 2289ef6194181ec42a0ba42bbf605d89' -> (Import Result ID: '955c7f29f98f0b82d63c5d1610437128') in 0.009 seconds [static and dynamic dependencies]. Details - ImportResultOutputID=a56886aa563350b427176b66b9e58ced DependenciesID=86f5216d5a40a741ae70a3fca8cc45d4 StaticDependenciesID=37586f9268b4694e9db6c8edbbcaa40f 
Number of updated asset objects reloaded before import = 0
Number of asset objects unloaded after import = 1
========================================================================
Received Import Request.
  Time of request: 2026-10-08T13:51:27.8960174Z
  Time since last request: 0.0003824 seconds.
  importAddress: GUID: af435e9f43dfed6479a0f6e1d2cb5c39 - Path: Assets/Free Pack/Textures/T_Cereal_Bowl_MetallicSmoothness.png - Importer: ScriptedImporter/UnityEditor.QuickSearchModule:UnityEditor.Search:ASIAI0B
Importing 'GUID: af435e9f43dfed6479a0f6e1d2cb5c39 - Path: Assets/Free Pack/Textures/T_Cereal_Bowl_MetallicSmoothness.png - Importer: ScriptedImporter/UnityEditor.QuickSearchModule:UnityEditor.Search:ASIAI0B' with importer (ScriptedImporter : UnityEditor.QuickSearchModule:UnityEditor.Search:ASIAI0B)
Imported 'GUID: af435e9f43dfed6479a0f6e1d2cb5c39' -> (Import Result ID: '96e285f33dd25734265b3f85b49d74f7') in 0.009 seconds [static and dynamic dependencies]. Details - ImportResultOutputID=aa060e61a4ed6af468f1bfa8f8b51a5a DependenciesID=ced4377a69344a6a395e138ca090b2c0 StaticDependenciesID=5ef38593e23d229b5dc3d3dc2f7cdc37 
Number of updated asset objects reloaded before import = 0
Number of asset objects unloaded after import = 1
========================================================================
Received Import Request.
  Time of request: 2026-10-08T13:51:27.9053568Z
  Time since last request: 0.0002989 seconds.
  importAddress: GUID: 2f9164bc265ab4b4ca8db22a787d4e1e - Path: Assets/Free Pack/Textures/T_FC_RK_Batch_02_BaseOp.png - Importer: ScriptedImporter/UnityEditor.QuickSearchModule:UnityEditor.Search:ASIAI0B
Importing 'GUID: 2f9164bc265ab4b4ca8db22a787d4e1e - Path: Assets/Free Pack/Textures/T_FC_RK_Batch_02_BaseOp.png - Importer: ScriptedImporter/UnityEditor.QuickSearchModule:UnityEditor.Search:ASIAI0B' with importer (ScriptedImporter : UnityEditor.QuickSearchModule:UnityEditor.Search:ASIAI0B)
Imported 'GUID: 2f9164bc265ab4b4ca8db22a787d4e1e' -> (Import Result ID: '05aabd836d0be0a090a44953c080c903') in 0.010 seconds [static and dynamic dependencies]. Details - ImportResultOutputID=1ef5ecd04a13b5c4b3c0f8a60f58e01b DependenciesID=53a7759f5c6d2455fff06262bb1c1c5b StaticDependenciesID=5a8c9553b1b8eb1c71b124a9f152951e 
Number of updated asset objects reloaded before import = 0
Number of asset objects unloaded after import = 1
========================================================================
Received Import Request.
  Time of request: 2026-10-08T13:51:27.9161616Z
  Time since last request: 0.0003862 seconds.
  importAddress: GUID: 4b3587cb1e8554c4eb82e2c7764cfb95 - Path: Assets/Free Pack/Textures/T_CerealBox_MetallicSmoothness.png - Importer: ScriptedImporter/UnityEditor.QuickSearchModule:UnityEditor.Search:ASIAI0B
Importing 'GUID: 4b3587cb1e8554c4eb82e2c7764cfb95 - Path: Assets/Free Pack/Textures/T_CerealBox_MetallicSmoothness.png - Importer: ScriptedImporter/UnityEditor.QuickSearchModule:UnityEditor.Search:ASIAI0B' with importer (ScriptedImporter : UnityEditor.QuickSearchModule:UnityEditor.Search:ASIAI0B)
Imported 'GUID: 4b3587cb1e8554c4eb82e2c7764cfb95' -> (Import Result ID: '057eeac440f1f284574cc46329e29240') in 0.009 seconds [static and dynamic dependencies]. Details - ImportResultOutputID=ffc4592225e42256f4b4aac81066d2c7 DependenciesID=f569c0d4559494e9a43cf667c7af05ef StaticDependenciesID=7125539e5aa91f9c6236603f708ab407 
Number of updated asset objects reloaded before import = 0
Number of asset objects unloaded after import = 1
========================================================================
Received Import Request.
  Time of request: 2026-10-08T13:51:27.9253245Z
  Time since last request: 0.0003066 seconds.
  importAddress: GUID: cd590a632df82724a828c68b3b017b88 - Path: Assets/Free Pack/Textures/T_Bulk2_AO.png - Importer: ScriptedImporter/UnityEditor.QuickSearchModule:UnityEditor.Search:ASIAI0B
Importing 'GUID: cd590a632df82724a828c68b3b017b88 - Path: Assets/Free Pack/Textures/T_Bulk2_AO.png - Importer: ScriptedImporter/UnityEditor.QuickSearchModule:UnityEditor.Search:ASIAI0B' with importer (ScriptedImporter : UnityEditor.QuickSearchModule:UnityEditor.Search:ASIAI0B)
Imported 'GUID: cd590a632df82724a828c68b3b017b88' -> (Import Result ID: 'cbbf15aedd6cde3c62b6f9fc9e510651') in 0.008 seconds [static and dynamic dependencies]. Details - ImportResultOutputID=40c3857410e7594b09d7fc89d4e04bf8 DependenciesID=fc476e88929e0b934215850c4d559df9 StaticDependenciesID=ab4e47d8b3dc8ebb99f8d8ca40820756 
Number of updated asset objects reloaded before import = 0
Number of asset objects unloaded after import = 1
========================================================================
Received Import Request.
  Time of request: 2026-10-08T13:51:27.9340614Z
  Time since last request: 0.0005272 seconds.
  importAddress: GUID: e38e251954c27a94084c1352db714d31 - Path: Assets/Free Pack/Textures/T_Candle_stand_04_AO.png - Importer: ScriptedImporter/UnityEditor.QuickSearchModule:UnityEditor.Search:ASIAI0B
Importing 'GUID: e38e251954c27a94084c1352db714d31 - Path: Assets/Free Pack/Textures/T_Candle_stand_04_AO.png - Importer: ScriptedImporter/UnityEditor.QuickSearchModule:UnityEditor.Search:ASIAI0B' with importer (ScriptedImporter : UnityEditor.QuickSearchModule:UnityEditor.Search:ASIAI0B)
Imported 'GUID: e38e251954c27a94084c1352db714d31' -> (Import Result ID: '90d841cf3a68be43c2c3b458d144b62a') in 0.008 seconds [static and dynamic dependencies]. Details - ImportResultOutputID=ef537f0c8b5321fc1bb479adceb2ec95 DependenciesID=e23b3b237a780d51808adc284396b4c8 StaticDependenciesID=100c65c18d9793b48bf4c609799ce866 
Number of updated asset objects reloaded before import = 0
Number of asset objects unloaded after import = 1
========================================================================
Received Import Request.
  Time of request: 2026-10-08T13:51:27.9425532Z
  Time since last request: 0.0002985 seconds.
  importAddress: GUID: 1ec3f24e05a8b584eb3ba5e7f8a01268 - Path: Assets/Free Pack/Textures/T_EggplantDish_BaseOP.png - Importer: ScriptedImporter/UnityEditor.QuickSearchModule:UnityEditor.Search:ASIAI0B
Importing 'GUID: 1ec3f24e05a8b584eb3ba5e7f8a01268 - Path: Assets/Free Pack/Textures/T_EggplantDish_BaseOP.png - Importer: ScriptedImporter/UnityEditor.QuickSearchModule:UnityEditor.Search:ASIAI0B' with importer (ScriptedImporter : UnityEditor.QuickSearchModule:UnityEditor.Search:ASIAI0B)
Imported 'GUID: 1ec3f24e05a8b584eb3ba5e7f8a01268' -> (Import Result ID: '3f77aaa5c695007e81baf69e013d7798') in 0.008 seconds [static and dynamic dependencies]. Details - ImportResultOutputID=44d715b18d810c75aa4889b61a7e958e DependenciesID=df25abc8f72143b2ee79a1ec32124597 StaticDependenciesID=a73ad9a2c432b76f9f1b0dd09dc2f35f 
Number of updated asset objects reloaded before import = 0
Number of asset objects unloaded after import = 1
========================================================================
Received Import Request.
  Time of request: 2026-10-08T13:51:27.9515626Z
  Time since last request: 0.000449 seconds.
  importAddress: GUID: 0b825b7a0b9fb964ba573b485074a006 - Path: Assets/Free Pack/Textures/T_Candle_stand_05_AO.png - Importer: ScriptedImporter/UnityEditor.QuickSearchModule:UnityEditor.Search:ASIAI0B
Importing 'GUID: 0b825b7a0b9fb964ba573b485074a006 - Path: Assets/Free Pack/Textures/T_Candle_stand_05_AO.png - Importer: ScriptedImporter/UnityEditor.QuickSearchModule:UnityEditor.Search:ASIAI0B' with importer (ScriptedImporter : UnityEditor.QuickSearchModule:UnityEditor.Search:ASIAI0B)
Imported 'GUID: 0b825b7a0b9fb964ba573b485074a006' -> (Import Result ID: 'be00e6b3f06ca500684603b9ea4fe387') in 0.008 seconds [static and dynamic dependencies]. Details - ImportResultOutputID=e125a365ccac0c95df0cc5161576bbd6 DependenciesID=9a079cae24258c7ab54451cc37625b29 StaticDependenciesID=d8ae719b858097232a484de5af4149d4 
Number of updated asset objects reloaded before import = 0
Number of asset objects unloaded after import = 1
========================================================================
Received Import Request.
  Time of request: 2026-10-08T13:51:27.9606249Z
  Time since last request: 0.0004429 seconds.
  importAddress: GUID: a7491534c7fa85d4786c86e16fcbffa3 - Path: Assets/Free Pack/Textures/T_Grapes_02_Normal.png - Importer: ScriptedImporter/UnityEditor.QuickSearchModule:UnityEditor.Search:ASIAI0B
Importing 'GUID: a7491534c7fa85d4786c86e16fcbffa3 - Path: Assets/Free Pack/Textures/T_Grapes_02_Normal.png - Importer: ScriptedImporter/UnityEditor.QuickSearchModule:UnityEditor.Search:ASIAI0B' with importer (ScriptedImporter : UnityEditor.QuickSearchModule:UnityEditor.Search:ASIAI0B)
Imported 'GUID: a7491534c7fa85d4786c86e16fcbffa3' -> (Import Result ID: '2a1148f7fc2b2fe8e68234ed76243fda') in 0.011 seconds [static and dynamic dependencies]. Details - ImportResultOutputID=3845829a83aaac44b8c9d14fa5d1afac DependenciesID=70f7cb142d6cc7bd72fe8362794a867a StaticDependenciesID=dc751ead4f7199f4daa876c48618d80c 
Number of updated asset objects reloaded before import = 0
Number of asset objects unloaded after import = 1
========================================================================
Received Import Request.
  Time of request: 2026-10-08T13:51:27.9721361Z
  Time since last request: 0.000297 seconds.
  importAddress: GUID: 90336de5a12971e419c4fa2213f2422a - Path: Assets/Free Pack/Textures/T_Dishes_BaseOp.png - Importer: ScriptedImporter/UnityEditor.QuickSearchModule:UnityEditor.Search:ASIAI0B
Importing 'GUID: 90336de5a12971e419c4fa2213f2422a - Path: Assets/Free Pack/Textures/T_Dishes_BaseOp.png - Importer: ScriptedImporter/UnityEditor.QuickSearchModule:UnityEditor.Search:ASIAI0B' with importer (ScriptedImporter : UnityEditor.QuickSearchModule:UnityEditor.Search:ASIAI0B)
Imported 'GUID: 90336de5a12971e419c4fa2213f2422a' -> (Import Result ID: '58d454a2e3fc17ef346c2ea8f8560432') in 0.007 seconds [static and dynamic dependencies]. Details - ImportResultOutputID=6feb475aba5fbe495710e40024836d10 DependenciesID=1e816cbb4d4208719e190ff699de5101 StaticDependenciesID=96487b28619675fefbd7238498faa9e0 
Number of updated asset objects reloaded before import = 0
Number of asset objects unloaded after import = 1
========================================================================
Received Import Request.
  Time of request: 2026-10-08T13:51:27.9799589Z
  Time since last request: 0.0003761 seconds.
  importAddress: GUID: 954c9f48ed2ebcc4e8382961a8eb8068 - Path: Assets/Free Pack/Textures/T_Carpet_01_MetallicSmoothness.png - Importer: ScriptedImporter/UnityEditor.QuickSearchModule:UnityEditor.Search:ASIAI0B
Importing 'GUID: 954c9f48ed2ebcc4e8382961a8eb8068 - Path: Assets/Free Pack/Textures/T_Carpet_01_MetallicSmoothness.png - Importer: ScriptedImporter/UnityEditor.QuickSearchModule:UnityEditor.Search:ASIAI0B' with importer (ScriptedImporter : UnityEditor.QuickSearchModule:UnityEditor.Search:ASIAI0B)
Imported 'GUID: 954c9f48ed2ebcc4e8382961a8eb8068' -> (Import Result ID: 'fbbc80ed9406f5e6829a8985a6b71573') in 0.010 seconds [static and dynamic dependencies]. Details - ImportResultOutputID=c99f53987d5ce2c7999f1bd57719be7a DependenciesID=360058761510ff15e393a3398a05bcdb StaticDependenciesID=83564c99031096dd1189049dba71be85 
Number of updated asset objects reloaded before import = 0
Number of asset objects unloaded after import = 1
========================================================================
Received Import Request.
  Time of request: 2026-10-08T13:51:27.9908109Z
  Time since last request: 0.0004269 seconds.
  importAddress: GUID: 40fb165a64f0a854b98735a60d428734 - Path: Assets/Free Pack/Textures/T_EggplantDish_Normal.png - Importer: ScriptedImporter/UnityEditor.QuickSearchModule:UnityEditor.Search:ASIAI0B
Importing 'GUID: 40fb165a64f0a854b98735a60d428734 - Path: Assets/Free Pack/Textures/T_EggplantDish_Normal.png - Importer: ScriptedImporter/UnityEditor.QuickSearchModule:UnityEditor.Search:ASIAI0B' with importer (ScriptedImporter : UnityEditor.QuickSearchModule:UnityEditor.Search:ASIAI0B)
Imported 'GUID: 40fb165a64f0a854b98735a60d428734' -> (Import Result ID: '5d87cf4866cdf8f03a85f1a83b70a7e0') in 0.010 seconds [static and dynamic dependencies]. Details - ImportResultOutputID=af7d797cc49b7c8d229b400bf9c991ec DependenciesID=ebc28ed81bb071783f3a99e72391c085 StaticDependenciesID=c74cf4fde8a5c2da428a3db35958b763 
Number of updated asset objects reloaded before import = 0
Number of asset objects unloaded after import = 1
========================================================================
Received Import Request.
  Time of request: 2026-10-08T13:51:28.0010819Z
  Time since last request: 0.0004766 seconds.
  importAddress: GUID: 3556336b77005d24d9fc8daa7d8e465c - Path: Assets/Free Pack/Textures/T_Fridge_Normal.png - Importer: ScriptedImporter/UnityEditor.QuickSearchModule:UnityEditor.Search:ASIAI0B
Importing 'GUID: 3556336b77005d24d9fc8daa7d8e465c - Path: Assets/Free Pack/Textures/T_Fridge_Normal.png - Importer: ScriptedImporter/UnityEditor.QuickSearchModule:UnityEditor.Search:ASIAI0B' with importer (ScriptedImporter : UnityEditor.QuickSearchModule:UnityEditor.Search:ASIAI0B)
Imported 'GUID: 3556336b77005d24d9fc8daa7d8e465c' -> (Import Result ID: 'e82aa35a9679d1ed0a508e11c4498408') in 0.009 seconds [static and dynamic dependencies]. Details - ImportResultOutputID=ecf07e5c57414f5dbde9b8f5f1a1c623 DependenciesID=0912b11fe1e76fa96c9748f959d932ec StaticDependenciesID=c5a3b7e0469015060e588c3e21e32fe0 
Number of updated asset objects reloaded before import = 0
Number of asset objects unloaded after import = 1
========================================================================
Received Import Request.
  Time of request: 2026-10-08T13:51:28.0106367Z
  Time since last request: 0.0003183 seconds.
  importAddress: GUID: 0c4282b681f189347a9d5e31c3f59f67 - Path: Assets/Free Pack/Textures/T_Demo_Batch_01_AO.png - Importer: ScriptedImporter/UnityEditor.QuickSearchModule:UnityEditor.Search:ASIAI0B
Importing 'GUID: 0c4282b681f189347a9d5e31c3f59f67 - Path: Assets/Free Pack/Textures/T_Demo_Batch_01_AO.png - Importer: ScriptedImporter/UnityEditor.QuickSearchModule:UnityEditor.Search:ASIAI0B' with importer (ScriptedImporter : UnityEditor.QuickSearchModule:UnityEditor.Search:ASIAI0B)
Imported 'GUID: 0c4282b681f189347a9d5e31c3f59f67' -> (Import Result ID: '576c5c6e457942dc67e311ee6ae3c4ad') in 0.010 seconds [static and dynamic dependencies]. Details - ImportResultOutputID=a78b684aa620350d709dfda356cb527f DependenciesID=26effd68a461b3b715d23e6856247981 StaticDependenciesID=8a639968bffbc5d9d6335923a468f1cc 
Number of updated asset objects reloaded before import = 0
Number of asset objects unloaded after import = 1
========================================================================
Received Import Request.
  Time of request: 2026-10-08T13:51:28.0213252Z
  Time since last request: 0.000333 seconds.
  importAddress: GUID: fc19d764a1b426a49a5c2bec89f83aba - Path: Assets/Free Pack/Textures/T_Demo_Batch_01_BaseOp.png - Importer: ScriptedImporter/UnityEditor.QuickSearchModule:UnityEditor.Search:ASIAI0B
Importing 'GUID: fc19d764a1b426a49a5c2bec89f83aba - Path: Assets/Free Pack/Textures/T_Demo_Batch_01_BaseOp.png - Importer: ScriptedImporter/UnityEditor.QuickSearchModule:UnityEditor.Search:ASIAI0B' with importer (ScriptedImporter : UnityEditor.QuickSearchModule:UnityEditor.Search:ASIAI0B)
Imported 'GUID: fc19d764a1b426a49a5c2bec89f83aba' -> (Import Result ID: 'e088f569889528ece72d535aa4908fb9') in 0.009 seconds [static and dynamic dependencies]. Details - ImportResultOutputID=67d788fe27a2763f073a1db15315eae5 DependenciesID=1c0e1a58608b6962ede3f4b83c7e208c StaticDependenciesID=4fd9f6ff28c5c39c0c617080aa0d5e66 
Number of updated asset objects reloaded before import = 0
Number of asset objects unloaded after import = 1
========================================================================
Received Import Request.
  Time of request: 2026-10-08T13:51:28.0307542Z
  Time since last request: 0.000301 seconds.
  importAddress: GUID: 312f67ce637845e46b577366c7e3f3f3 - Path: Assets/Free Pack/Textures/T_Candle_stand_04_Normal.png - Importer: ScriptedImporter/UnityEditor.QuickSearchModule:UnityEditor.Search:ASIAI0B
Importing 'GUID: 312f67ce637845e46b577366c7e3f3f3 - Path: Assets/Free Pack/Textures/T_Candle_stand_04_Normal.png - Importer: ScriptedImporter/UnityEditor.QuickSearchModule:UnityEditor.Search:ASIAI0B' with importer (ScriptedImporter : UnityEditor.QuickSearchModule:UnityEditor.Search:ASIAI0B)
Imported 'GUID: 312f67ce637845e46b577366c7e3f3f3' -> (Import Result ID: '62e5e90bcb3c5c6ef15c060487485764') in 0.010 seconds [static and dynamic dependencies]. Details - ImportResultOutputID=3059265a9e03f6e545c4e111607b7979 DependenciesID=7c2a93a915c2fd6ccd1be8c631abee1c StaticDependenciesID=9d999d265a344073b9ffa1148432cb6b 
Number of updated asset objects reloaded before import = 0
Number of asset objects unloaded after import = 1
========================================================================
Received Import Request.
  Time of request: 2026-10-08T13:51:28.04122Z
  Time since last request: 0.0003692 seconds.
  importAddress: GUID: 60e70c34e4bcd444e80e4d3b88bbbb80 - Path: Assets/Free Pack/Textures/T_CerealBox_BaseOp.png - Importer: ScriptedImporter/UnityEditor.QuickSearchModule:UnityEditor.Search:ASIAI0B
Importing 'GUID: 60e70c34e4bcd444e80e4d3b88bbbb80 - Path: Assets/Free Pack/Textures/T_CerealBox_BaseOp.png - Importer: ScriptedImporter/UnityEditor.QuickSearchModule:UnityEditor.Search:ASIAI0B' with importer (ScriptedImporter : UnityEditor.QuickSearchModule:UnityEditor.Search:ASIAI0B)
Imported 'GUID: 60e70c34e4bcd444e80e4d3b88bbbb80' -> (Import Result ID: '2e61b9bd2461401f36f27fb7ecf5be07') in 0.010 seconds [static and dynamic dependencies]. Details - ImportResultOutputID=9de8869c709883b135015f3d5b484863 DependenciesID=41f967826d51c6b53f69eba7bbfee010 StaticDependenciesID=b6d7643b2c8fc0eeb95c645bd1985f62 
Number of updated asset objects reloaded before import = 0
Number of asset objects unloaded after import = 1
========================================================================
Received Import Request.
  Time of request: 2026-10-08T13:51:28.0520142Z
  Time since last request: 0.0003288 seconds.
  importAddress: GUID: 84282679339f73345b91682fee6c7301 - Path: Assets/Free Pack/Textures/T_Fridge_BaseOp.png - Importer: ScriptedImporter/UnityEditor.QuickSearchModule:UnityEditor.Search:ASIAI0B
Importing 'GUID: 84282679339f73345b91682fee6c7301 - Path: Assets/Free Pack/Textures/T_Fridge_BaseOp.png - Importer: ScriptedImporter/UnityEditor.QuickSearchModule:UnityEditor.Search:ASIAI0B' with importer (ScriptedImporter : UnityEditor.QuickSearchModule:UnityEditor.Search:ASIAI0B)
Imported 'GUID: 84282679339f73345b91682fee6c7301' -> (Import Result ID: '7bf5988e77cb2becd1cb54d90a22582c') in 0.010 seconds [static and dynamic dependencies]. Details - ImportResultOutputID=753ff12355337a79182a735b97c16b14 DependenciesID=ad5728e7b2781f60d9d0a44e43b4adc3 StaticDependenciesID=90d7c0f2cbc046ec4e65de142c830373 
Number of updated asset objects reloaded before import = 0
Number of asset objects unloaded after import = 1
========================================================================
Received Import Request.
  Time of request: 2026-10-08T13:51:28.0624559Z
  Time since last request: 0.0003708 seconds.
  importAddress: GUID: f12924951948f5148af53343a2f030c1 - Path: Assets/Free Pack/Textures/T_Grapes_02_Metalness Smoothness.png - Importer: ScriptedImporter/UnityEditor.QuickSearchModule:UnityEditor.Search:ASIAI0B
Importing 'GUID: f12924951948f5148af53343a2f030c1 - Path: Assets/Free Pack/Textures/T_Grapes_02_Metalness Smoothness.png - Importer: ScriptedImporter/UnityEditor.QuickSearchModule:UnityEditor.Search:ASIAI0B' with importer (ScriptedImporter : UnityEditor.QuickSearchModule:UnityEditor.Search:ASIAI0B)
Imported 'GUID: f12924951948f5148af53343a2f030c1' -> (Import Result ID: '2ddfec5f75ecc8d4cf2396be07535125') in 0.011 seconds [static and dynamic dependencies]. Details - ImportResultOutputID=eee5f07329ddb937b6f7ee545521be2b DependenciesID=8b5055f79ed64af1b00098fe70563689 StaticDependenciesID=c14dc98cf846009fc7eee0a5c8a87066 
Number of updated asset objects reloaded before import = 0
Number of asset objects unloaded after import = 1
========================================================================
Received Import Request.
  Time of request: 2026-10-08T13:51:28.07397Z
  Time since last request: 0.0003356 seconds.
  importAddress: GUID: 542bf4e5724e0d44a9db77926bcc12c0 - Path: Assets/Free Pack/Textures/T_Bulk2_MetallicSmoothness.png - Importer: ScriptedImporter/UnityEditor.QuickSearchModule:UnityEditor.Search:ASIAI0B
Importing 'GUID: 542bf4e5724e0d44a9db77926bcc12c0 - Path: Assets/Free Pack/Textures/T_Bulk2_MetallicSmoothness.png - Importer: ScriptedImporter/UnityEditor.QuickSearchModule:UnityEditor.Search:ASIAI0B' with importer (ScriptedImporter : UnityEditor.QuickSearchModule:UnityEditor.Search:ASIAI0B)
Imported 'GUID: 542bf4e5724e0d44a9db77926bcc12c0' -> (Import Result ID: '880608fd21fabeb6fa2c1c2694b15e63') in 0.012 seconds [static and dynamic dependencies]. Details - ImportResultOutputID=4798bd5d59923c0d66bc81fc7359121b DependenciesID=b6c94211626a37966b1a679b324272a3 StaticDependenciesID=8d00163ad7925c09eed0422413ad0c3a 
Number of updated asset objects reloaded before import = 0
Number of asset objects unloaded after import = 1
========================================================================
Received Import Request.
  Time of request: 2026-10-08T13:51:28.0865747Z
  Time since last request: 0.0004258 seconds.
  importAddress: GUID: a904a5b25201c7a408a1fad6ebbdf8ad - Path: Assets/Free Pack/Textures/T_Chair_V2_AO.png - Importer: ScriptedImporter/UnityEditor.QuickSearchModule:UnityEditor.Search:ASIAI0B
Importing 'GUID: a904a5b25201c7a408a1fad6ebbdf8ad - Path: Assets/Free Pack/Textures/T_Chair_V2_AO.png - Importer: ScriptedImporter/UnityEditor.QuickSearchModule:UnityEditor.Search:ASIAI0B' with importer (ScriptedImporter : UnityEditor.QuickSearchModule:UnityEditor.Search:ASIAI0B)
Imported 'GUID: a904a5b25201c7a408a1fad6ebbdf8ad' -> (Import Result ID: '5ee5b57124e7c452c355b28e0da4c436') in 0.009 seconds [static and dynamic dependencies]. Details - ImportResultOutputID=e1082c3cee1ebf8b3f49c67e7aae5d31 DependenciesID=6e1b0cc124577a63bbee42fd40c2c773 StaticDependenciesID=29b685b1311ad7439c602d72badb02e8 
Number of updated asset objects reloaded before import = 0
Number of asset objects unloaded after import = 1
========================================================================
Received Import Request.
  Time of request: 2026-10-08T13:51:28.0956626Z
  Time since last request: 0.0004041 seconds.
  importAddress: GUID: 04028a7ee3e7dba45a43275b0427bf18 - Path: Assets/Free Pack/Textures/T_Dishes_Normal.png - Importer: ScriptedImporter/UnityEditor.QuickSearchModule:UnityEditor.Search:ASIAI0B
Importing 'GUID: 04028a7ee3e7dba45a43275b0427bf18 - Path: Assets/Free Pack/Textures/T_Dishes_Normal.png - Importer: ScriptedImporter/UnityEditor.QuickSearchModule:UnityEditor.Search:ASIAI0B' with importer (ScriptedImporter : UnityEditor.QuickSearchModule:UnityEditor.Search:ASIAI0B)
Imported 'GUID: 04028a7ee3e7dba45a43275b0427bf18' -> (Import Result ID: '09a1163aae770c4de2c692c7450b2edd') in 0.010 seconds [static and dynamic dependencies]. Details - ImportResultOutputID=0459cfe58b78e0e4ba39c725e0c534c5 DependenciesID=021a9753baba1e94a1b5948b925b3bff StaticDependenciesID=87ca7174c353a271b7a49ad0cff155bc 
Number of updated asset objects reloaded before import = 0
Number of asset objects unloaded after import = 1
========================================================================
Received Import Request.
  Time of request: 2026-10-08T13:51:28.1062869Z
  Time since last request: 0.0003857 seconds.
  importAddress: GUID: 34e9e7101151ff444b82fe0680266cba - Path: Assets/Free Pack/Textures/T_CS_Batch_01_AO.png - Importer: ScriptedImporter/UnityEditor.QuickSearchModule:UnityEditor.Search:ASIAI0B
Importing 'GUID: 34e9e7101151ff444b82fe0680266cba - Path: Assets/Free Pack/Textures/T_CS_Batch_01_AO.png - Importer: ScriptedImporter/UnityEditor.QuickSearchModule:UnityEditor.Search:ASIAI0B' with importer (ScriptedImporter : UnityEditor.QuickSearchModule:UnityEditor.Search:ASIAI0B)
Imported 'GUID: 34e9e7101151ff444b82fe0680266cba' -> (Import Result ID: 'a48ad1b19a78ffe872d45eb102ddaa3e') in 0.009 seconds [static and dynamic dependencies]. Details - ImportResultOutputID=57f31ab56007ef96ed908a40655f9623 DependenciesID=1a2e2a29efb0d5044c03d7bbe69398dc StaticDependenciesID=c3015b7ed816991dc53ac73d63e8181f 
Number of updated asset objects reloaded before import = 0
Number of asset objects unloaded after import = 1
========================================================================
Received Import Request.
  Time of request: 2026-10-08T13:51:28.1152508Z
  Time since last request: 0.0002462 seconds.
  importAddress: GUID: b66527673826d9545bf8155628737b6b - Path: Assets/Free Pack/Textures/T_BottleBulk_01_Normal.png - Importer: ScriptedImporter/UnityEditor.QuickSearchModule:UnityEditor.Search:ASIAI0B
Importing 'GUID: b66527673826d9545bf8155628737b6b - Path: Assets/Free Pack/Textures/T_BottleBulk_01_Normal.png - Importer: ScriptedImporter/UnityEditor.QuickSearchModule:UnityEditor.Search:ASIAI0B' with importer (ScriptedImporter : UnityEditor.QuickSearchModule:UnityEditor.Search:ASIAI0B)
Imported 'GUID: b66527673826d9545bf8155628737b6b' -> (Import Result ID: 'da6c46f1b358a3e600930629c182173a') in 0.011 seconds [static and dynamic dependencies]. Details - ImportResultOutputID=f05bd90f61d6d2787d2ab371c68275fe DependenciesID=e3bd7981002d2498034f26095ad99e3c StaticDependenciesID=582745034d8409007a9ceebe67b5cecc 
Number of updated asset objects reloaded before import = 0
Number of asset objects unloaded after import = 1
========================================================================
Received Import Request.
  Time of request: 2026-10-08T13:51:28.1271292Z
  Time since last request: 0.0002791 seconds.
  importAddress: GUID: 81af971f342b0774cb1d21a8ad1ad1ae - Path: Assets/Free Pack/Textures/T_Candle_stand_04_BaseOp.png - Importer: ScriptedImporter/UnityEditor.QuickSearchModule:UnityEditor.Search:ASIAI0B
Importing 'GUID: 81af971f342b0774cb1d21a8ad1ad1ae - Path: Assets/Free Pack/Textures/T_Candle_stand_04_BaseOp.png - Importer: ScriptedImporter/UnityEditor.QuickSearchModule:UnityEditor.Search:ASIAI0B' with importer (ScriptedImporter : UnityEditor.QuickSearchModule:UnityEditor.Search:ASIAI0B)
Imported 'GUID: 81af971f342b0774cb1d21a8ad1ad1ae' -> (Import Result ID: '1f97f309c969a84a360908aff27f1b1e') in 0.007 seconds [static and dynamic dependencies]. Details - ImportResultOutputID=74d2373bc15456f62f1c3c9c7d142455 DependenciesID=e2c7fd1f056148c3f407424609588361 StaticDependenciesID=61c21c379f24528ffea1fb98e00235aa 
Number of updated asset objects reloaded before import = 0
Number of asset objects unloaded after import = 1
========================================================================
Received Import Request.
  Time of request: 2026-10-08T13:51:28.1347642Z
  Time since last request: 0.0003512 seconds.
  importAddress: GUID: f0b125903d1c74c4f981b377d4b778f6 - Path: Assets/Free Pack/Textures/T_HH_Basket_04_BaOp.png - Importer: ScriptedImporter/UnityEditor.QuickSearchModule:UnityEditor.Search:ASIAI0B
Importing 'GUID: f0b125903d1c74c4f981b377d4b778f6 - Path: Assets/Free Pack/Textures/T_HH_Basket_04_BaOp.png - Importer: ScriptedImporter/UnityEditor.QuickSearchModule:UnityEditor.Search:ASIAI0B' with importer (ScriptedImporter : UnityEditor.QuickSearchModule:UnityEditor.Search:ASIAI0B)
Imported 'GUID: f0b125903d1c74c4f981b377d4b778f6' -> (Import Result ID: 'bd8e997c6f55fe426e0057eb8c392854') in 0.011 seconds [static and dynamic dependencies]. Details - ImportResultOutputID=5827868403e3bafd72ab996a72bc4d3f DependenciesID=4ad47c40224d5bedc4fc96f17e15b28d StaticDependenciesID=ff9131d226c7b874719e50741ff5fda4 
Number of updated asset objects reloaded before import = 0
Number of asset objects unloaded after import = 1
========================================================================
Received Import Request.
  Time of request: 2026-10-08T13:51:28.1461528Z
  Time since last request: 0.0002816 seconds.
  importAddress: GUID: 8cf38f344db136a4a97d7078a06a3b3f - Path: Assets/Free Pack/Textures/T_Candle_stand_05_MetallicSmoothness.png - Importer: ScriptedImporter/UnityEditor.QuickSearchModule:UnityEditor.Search:ASIAI0B
Importing 'GUID: 8cf38f344db136a4a97d7078a06a3b3f - Path: Assets/Free Pack/Textures/T_Candle_stand_05_MetallicSmoothness.png - Importer: ScriptedImporter/UnityEditor.QuickSearchModule:UnityEditor.Search:ASIAI0B' with importer (ScriptedImporter : UnityEditor.QuickSearchModule:UnityEditor.Search:ASIAI0B)
Imported 'GUID: 8cf38f344db136a4a97d7078a06a3b3f' -> (Import Result ID: '26cfb00044cfa98d7b3d39b728d96e4f') in 0.009 seconds [static and dynamic dependencies]. Details - ImportResultOutputID=0f458b23cb3bb7fac27b98695f0a6562 DependenciesID=e908c9eb0c36b49cadb76fb874e25720 StaticDependenciesID=6286e77540df6bfc5084ea258a45ce6a 
Number of updated asset objects reloaded before import = 0
Number of asset objects unloaded after import = 1
========================================================================
Received Import Request.
  Time of request: 2026-10-08T13:51:28.1556239Z
  Time since last request: 0.0003045 seconds.
  importAddress: GUID: a9fb996bf3933964db8196306f0a3ea4 - Path: Assets/Free Pack/Textures/T_Dishes_MetallicSmoothness.png - Importer: ScriptedImporter/UnityEditor.QuickSearchModule:UnityEditor.Search:ASIAI0B
Importing 'GUID: a9fb996bf3933964db8196306f0a3ea4 - Path: Assets/Free Pack/Textures/T_Dishes_MetallicSmoothness.png - Importer: ScriptedImporter/UnityEditor.QuickSearchModule:UnityEditor.Search:ASIAI0B' with importer (ScriptedImporter : UnityEditor.QuickSearchModule:UnityEditor.Search:ASIAI0B)
Imported 'GUID: a9fb996bf3933964db8196306f0a3ea4' -> (Import Result ID: 'c23cdc5b83ccc005d59ce4c90853ccfb') in 0.009 seconds [static and dynamic dependencies]. Details - ImportResultOutputID=51161a21a68416d31e7bdbe5f0abb733 DependenciesID=7117da6624d8b9220e65d26236251ce5 StaticDependenciesID=d6b126ba112f6db47eec575ba503362e 
Number of updated asset objects reloaded before import = 0
Number of asset objects unloaded after import = 1
========================================================================
Received Import Request.
  Time of request: 2026-10-08T13:51:28.1652489Z
  Time since last request: 0.0002713 seconds.
  importAddress: GUID: 0e263b0e77ba8ae4db74e55bfbec1da2 - Path: Assets/Free Pack/Textures/T_Fridge_AO.png - Importer: ScriptedImporter/UnityEditor.QuickSearchModule:UnityEditor.Search:ASIAI0B
Importing 'GUID: 0e263b0e77ba8ae4db74e55bfbec1da2 - Path: Assets/Free Pack/Textures/T_Fridge_AO.png - Importer: ScriptedImporter/UnityEditor.QuickSearchModule:UnityEditor.Search:ASIAI0B' with importer (ScriptedImporter : UnityEditor.QuickSearchModule:UnityEditor.Search:ASIAI0B)
Imported 'GUID: 0e263b0e77ba8ae4db74e55bfbec1da2' -> (Import Result ID: '724c56657f88e8ae2b413866fd2d4008') in 0.010 seconds [static and dynamic dependencies]. Details - ImportResultOutputID=3b1f9e95998a430482c8df8ef496aec1 DependenciesID=841a0967e89fc7af085c36837eeab6ac StaticDependenciesID=f518998ecdcbcacea498c620b219945c 
Number of updated asset objects reloaded before import = 0
Number of asset objects unloaded after import = 1
========================================================================
Received Import Request.
  Time of request: 2026-10-08T13:51:28.1891587Z
  Time since last request: 0.0138626 seconds.
  importAddress: GUID: 9fc0d4010bbf28b4594072e72b8655ab - Path: Assets/Mini Chibi Free Demo/Scenes/Mini Chibi Free Demo.unity - Importer: ScriptedImporter/UnityEditor.QuickSearchModule:UnityEditor.Search:ASIAI0B
Importing 'GUID: 9fc0d4010bbf28b4594072e72b8655ab - Path: Assets/Mini Chibi Free Demo/Scenes/Mini Chibi Free Demo.unity - Importer: ScriptedImporter/UnityEditor.QuickSearchModule:UnityEditor.Search:ASIAI0B' with importer (ScriptedImporter : UnityEditor.QuickSearchModule:UnityEditor.Search:ASIAI0B)
Imported 'GUID: 9fc0d4010bbf28b4594072e72b8655ab' -> (Import Result ID: '1fa092b36708ed79dffb6c50442c1ff3') in 0.005 seconds [static and dynamic dependencies]. Details - ImportResultOutputID=2648209b0eef7d160108b6a5e13121e6 DependenciesID=9221ff28579c6f9d413b03bfd6d8e885 StaticDependenciesID=44769e81c24f67ec0153ca3f07b7c21e 
Number of updated asset objects reloaded before import = 0
Number of asset objects unloaded after import = 1
========================================================================
Received Import Request.
  Time of request: 2026-10-08T13:51:28.1946621Z
  Time since last request: 0.0003754 seconds.
  importAddress: GUID: 68f8b215339807e458b84da3a18b2eab - Path: Assets/Free Pack/Textures/T_HH_Basket_04_MetallicSmoothness.png - Importer: ScriptedImporter/UnityEditor.QuickSearchModule:UnityEditor.Search:ASIAI0B
Importing 'GUID: 68f8b215339807e458b84da3a18b2eab - Path: Assets/Free Pack/Textures/T_HH_Basket_04_MetallicSmoothness.png - Importer: ScriptedImporter/UnityEditor.QuickSearchModule:UnityEditor.Search:ASIAI0B' with importer (ScriptedImporter : UnityEditor.QuickSearchModule:UnityEditor.Search:ASIAI0B)
Imported 'GUID: 68f8b215339807e458b84da3a18b2eab' -> (Import Result ID: '789970762c9833fe56507ff817c22a9e') in 0.014 seconds [static and dynamic dependencies]. Details - ImportResultOutputID=9734aa5fd1ddc65f862c6af1b45f1d79 DependenciesID=621be5718f05f69651ebf5971a113581 StaticDependenciesID=7a319bc342bf8ed355402db882e8a9b9 
Number of updated asset objects reloaded before import = 0
Number of asset objects unloaded after import = 1
========================================================================
Received Import Request.
  Time of request: 2026-10-08T13:51:28.209036Z
  Time since last request: 0.0003764 seconds.
  importAddress: GUID: 93496295f48dfe54ebbaf2ff8fc3468a - Path: Assets/Free Pack/Built-In/Materials/M_Marble_Top_Dining_Table.mat - Importer: ScriptedImporter/UnityEditor.QuickSearchModule:UnityEditor.Search:ASIAI0B
Importing 'GUID: 93496295f48dfe54ebbaf2ff8fc3468a - Path: Assets/Free Pack/Built-In/Materials/M_Marble_Top_Dining_Table.mat - Importer: ScriptedImporter/UnityEditor.QuickSearchModule:UnityEditor.Search:ASIAI0B' with importer (ScriptedImporter : UnityEditor.QuickSearchModule:UnityEditor.Search:ASIAI0B)
Imported 'GUID: 93496295f48dfe54ebbaf2ff8fc3468a' -> (Import Result ID: 'c5d528e047a44a751f89d393b74d7e9d') in 0.006 seconds [static and dynamic dependencies]. Details - ImportResultOutputID=ba0bca4af4d485429d92ede1967604bd DependenciesID=b0e2e46a14739748658e9cf12468865a StaticDependenciesID=70287a476123eaa7d74c2c6da0ddc48f 
Number of updated asset objects reloaded before import = 0
Number of asset objects unloaded after import = 1
========================================================================
Received Import Request.
  Time of request: 2026-10-08T13:51:28.2152477Z
  Time since last request: 0.0001234 seconds.
  importAddress: GUID: 9f0b5713b7412ab4eb37110128bbc164 - Path: Assets/Mini Chibi Free Demo/Prefabs/mini chibi kid animations.prefab - Importer: ScriptedImporter/UnityEditor.QuickSearchModule:UnityEditor.Search:ASIAI0B
Importing 'GUID: 9f0b5713b7412ab4eb37110128bbc164 - Path: Assets/Mini Chibi Free Demo/Prefabs/mini chibi kid animations.prefab - Importer: ScriptedImporter/UnityEditor.QuickSearchModule:UnityEditor.Search:ASIAI0B' with importer (ScriptedImporter : UnityEditor.QuickSearchModule:UnityEditor.Search:ASIAI0B)
Imported 'GUID: 9f0b5713b7412ab4eb37110128bbc164' -> (Import Result ID: '58a66a93ffa7ce0fc2e8aaa7e3ece66f') in 0.012 seconds [static and dynamic dependencies]. Details - ImportResultOutputID=a99184b62d121ef96534504323d030c4 DependenciesID=2a94d969b7a2d394b96d2c02178a124a StaticDependenciesID=d45d91a2d4c151e1ddd793bc6f5a87c0 
Number of updated asset objects reloaded before import = 0
Number of asset objects unloaded after import = 97
========================================================================
Received Import Request.
  Time of request: 2026-10-08T13:51:28.2274344Z
  Time since last request: 0.0001842 seconds.
  importAddress: GUID: bbb72ad45b72c234294a422057273976 - Path: Assets/Free Pack/Built-In/Materials/M_Apple_V4.mat - Importer: ScriptedImporter/UnityEditor.QuickSearchModule:UnityEditor.Search:ASIAI0B
Importing 'GUID: bbb72ad45b72c234294a422057273976 - Path: Assets/Free Pack/Built-In/Materials/M_Apple_V4.mat - Importer: ScriptedImporter/UnityEditor.QuickSearchModule:UnityEditor.Search:ASIAI0B' with importer (ScriptedImporter : UnityEditor.QuickSearchModule:UnityEditor.Search:ASIAI0B)
Imported 'GUID: bbb72ad45b72c234294a422057273976' -> (Import Result ID: '0610a1f5c012b6b1d8b7461a4a5e5310') in 0.004 seconds [static and dynamic dependencies]. Details - ImportResultOutputID=1121d4047e3cb83e161497f5d9f26575 DependenciesID=cc752732194bf4b74d4a91bcf8735d77 StaticDependenciesID=15a002f25f67433c33cb0b9ffe47b831 
Number of updated asset objects reloaded before import = 0
Number of asset objects unloaded after import = 1
========================================================================
Received Import Request.
  Time of request: 2026-10-08T13:51:28.2315246Z
  Time since last request: 0.0002828 seconds.
  importAddress: GUID: a366396a9b618b1469a00b06260ee36a - Path: Assets/Free Pack/Textures/T_SM_Plate_AO.png - Importer: ScriptedImporter/UnityEditor.QuickSearchModule:UnityEditor.Search:ASIAI0B
Importing 'GUID: a366396a9b618b1469a00b06260ee36a - Path: Assets/Free Pack/Textures/T_SM_Plate_AO.png - Importer: ScriptedImporter/UnityEditor.QuickSearchModule:UnityEditor.Search:ASIAI0B' with importer (ScriptedImporter : UnityEditor.QuickSearchModule:UnityEditor.Search:ASIAI0B)
Imported 'GUID: a366396a9b618b1469a00b06260ee36a' -> (Import Result ID: '6501361ba5b065326642fe044546c03b') in 0.008 seconds [static and dynamic dependencies]. Details - ImportResultOutputID=ce9b6930732d82d1f746f53f9e2a0743 DependenciesID=5623cb4de2f29f202465ac837e9e0920 StaticDependenciesID=ecf867efcd9e1e31672ddfc1077a23a0 
Number of updated asset objects reloaded before import = 0
Number of asset objects unloaded after import = 1
========================================================================
Received Import Request.
  Time of request: 2026-10-08T13:51:28.2403891Z
  Time since last request: 0.0004601 seconds.
  importAddress: GUID: 028a5dd398236d445bbbc59a7c406dfa - Path: Assets/Free Pack/Built-In/Materials/M_Jar_07.mat - Importer: ScriptedImporter/UnityEditor.QuickSearchModule:UnityEditor.Search:ASIAI0B
Importing 'GUID: 028a5dd398236d445bbbc59a7c406dfa - Path: Assets/Free Pack/Built-In/Materials/M_Jar_07.mat - Importer: ScriptedImporter/UnityEditor.QuickSearchModule:UnityEditor.Search:ASIAI0B' with importer (ScriptedImporter : UnityEditor.QuickSearchModule:UnityEditor.Search:ASIAI0B)
Imported 'GUID: 028a5dd398236d445bbbc59a7c406dfa' -> (Import Result ID: 'd389039c970288dab31b68b1068dee8a') in 0.004 seconds [static and dynamic dependencies]. Details - ImportResultOutputID=5479c4150074b1e7905b0f38bbf54ce0 DependenciesID=d6cd63bb0ccf63222e9b9bba02422046 StaticDependenciesID=8db71d7b8caad138cab471121e11aba8 
Number of updated asset objects reloaded before import = 0
Number of asset objects unloaded after import = 1
========================================================================
Received Import Request.
  Time of request: 2026-10-08T13:51:28.2443492Z
  Time since last request: 0.0002242 seconds.
  importAddress: GUID: 41ce9191f95452c489489235bfe823a7 - Path: Assets/Mini Chibi Free Demo/Models/mini chibi kid animations.fbx - Importer: ScriptedImporter/UnityEditor.QuickSearchModule:UnityEditor.Search:ASIAI0B
Importing 'GUID: 41ce9191f95452c489489235bfe823a7 - Path: Assets/Mini Chibi Free Demo/Models/mini chibi kid animations.fbx - Importer: ScriptedImporter/UnityEditor.QuickSearchModule:UnityEditor.Search:ASIAI0B' with importer (ScriptedImporter : UnityEditor.QuickSearchModule:UnityEditor.Search:ASIAI0B)
Imported 'GUID: 41ce9191f95452c489489235bfe823a7' -> (Import Result ID: '95161ae8304942279c66d54d211fc69c') in 0.020 seconds [static and dynamic dependencies]. Details - ImportResultOutputID=30017abbbb2b421cd3833fa2364a6249 DependenciesID=e924bfb734b623f90997ba28b9c0dbf6 StaticDependenciesID=37b960978ce1b93882fea25a3ca2eb0b 
Number of updated asset objects reloaded before import = 0
Number of asset objects unloaded after import = 86
========================================================================
Received Import Request.
  Time of request: 2026-10-08T13:51:28.2651027Z
  Time since last request: 0.0001162 seconds.
  importAddress: GUID: 4f1333b1450daaf42abda84fb491ba75 - Path: Assets/Free Pack/Built-In/Materials/M_Batch_Small_02.mat - Importer: ScriptedImporter/UnityEditor.QuickSearchModule:UnityEditor.Search:ASIAI0B
Importing 'GUID: 4f1333b1450daaf42abda84fb491ba75 - Path: Assets/Free Pack/Built-In/Materials/M_Batch_Small_02.mat - Importer: ScriptedImporter/UnityEditor.QuickSearchModule:UnityEditor.Search:ASIAI0B' with importer (ScriptedImporter : UnityEditor.QuickSearchModule:UnityEditor.Search:ASIAI0B)
Imported 'GUID: 4f1333b1450daaf42abda84fb491ba75' -> (Import Result ID: '35c9e4fc3ecc3a0881f1d45cda49cb54') in 0.004 seconds [static and dynamic dependencies]. Details - ImportResultOutputID=63c8147c6d981f739fdba5f729943c0e DependenciesID=7e1bb9e0b1dd67c6441bd6f64df7134f StaticDependenciesID=0dcee3c5ea41389ac3598143f737c098 
Number of updated asset objects reloaded before import = 0
Number of asset objects unloaded after import = 1
========================================================================
Received Import Request.
  Time of request: 2026-10-08T13:51:28.2691989Z
  Time since last request: 0.0003207 seconds.
  importAddress: GUID: 02463d0fc6f4b8e4382c5e3df92e9120 - Path: Assets/Free Pack/Textures/T_SM_Plate_MetallicSmoothness.png - Importer: ScriptedImporter/UnityEditor.QuickSearchModule:UnityEditor.Search:ASIAI0B
Importing 'GUID: 02463d0fc6f4b8e4382c5e3df92e9120 - Path: Assets/Free Pack/Textures/T_SM_Plate_MetallicSmoothness.png - Importer: ScriptedImporter/UnityEditor.QuickSearchModule:UnityEditor.Search:ASIAI0B' with importer (ScriptedImporter : UnityEditor.QuickSearchModule:UnityEditor.Search:ASIAI0B)
Imported 'GUID: 02463d0fc6f4b8e4382c5e3df92e9120' -> (Import Result ID: 'f842f4b55bf0cee4f66b01ff31a8d63e') in 0.008 seconds [static and dynamic dependencies]. Details - ImportResultOutputID=6d5cffd4d3a3b87b50151ce76187c85c DependenciesID=e5a075c01ec64ee10c0d947d813e7e95 StaticDependenciesID=2fa0804a20e7ce99271ce923cc8b1fd6 
Number of updated asset objects reloaded before import = 0
Number of asset objects unloaded after import = 1
========================================================================
Received Import Request.
  Time of request: 2026-10-08T13:51:28.2780092Z
  Time since last request: 0.0003193 seconds.
  importAddress: GUID: 8766f2c45a8ab6a4694b2ea725a483fa - Path: Assets/Free Pack/Textures/T_Table_V8_Normal.png - Importer: ScriptedImporter/UnityEditor.QuickSearchModule:UnityEditor.Search:ASIAI0B
Importing 'GUID: 8766f2c45a8ab6a4694b2ea725a483fa - Path: Assets/Free Pack/Textures/T_Table_V8_Normal.png - Importer: ScriptedImporter/UnityEditor.QuickSearchModule:UnityEditor.Search:ASIAI0B' with importer (ScriptedImporter : UnityEditor.QuickSearchModule:UnityEditor.Search:ASIAI0B)
Imported 'GUID: 8766f2c45a8ab6a4694b2ea725a483fa' -> (Import Result ID: 'fc86ba6b4493cfd0d5c4d72dc45144d3') in 0.008 seconds [static and dynamic dependencies]. Details - ImportResultOutputID=33635c32d43c36e169a9a6751ebe7b6f DependenciesID=4104ce8202301c389dedaf7fc03e0428 StaticDependenciesID=56d756ed7342289eb9270337cb9592b3 
Number of updated asset objects reloaded before import = 0
Number of asset objects unloaded after import = 1
========================================================================
Received Import Request.
  Time of request: 2026-10-08T13:51:28.2868857Z
  Time since last request: 0.0003148 seconds.
  importAddress: GUID: 5f9061217c10e1a4fb90284e559d7134 - Path: Assets/Free Pack/Textures/T_Jar_07_AO.png - Importer: ScriptedImporter/UnityEditor.QuickSearchModule:UnityEditor.Search:ASIAI0B
Importing 'GUID: 5f9061217c10e1a4fb90284e559d7134 - Path: Assets/Free Pack/Textures/T_Jar_07_AO.png - Importer: ScriptedImporter/UnityEditor.QuickSearchModule:UnityEditor.Search:ASIAI0B' with importer (ScriptedImporter : UnityEditor.QuickSearchModule:UnityEditor.Search:ASIAI0B)
Imported 'GUID: 5f9061217c10e1a4fb90284e559d7134' -> (Import Result ID: '2b10876ddfad673a73782ef41a443d5a') in 0.007 seconds [static and dynamic dependencies]. Details - ImportResultOutputID=f0f76785efeb7d114783d835b18373f7 DependenciesID=be13f3457af57182d8294498ff6e351f StaticDependenciesID=c5afb82ba2dc320eb7b241d033112a6a 
Number of updated asset objects reloaded before import = 0
Number of asset objects unloaded after import = 1
========================================================================
Received Import Request.
  Time of request: 2026-10-08T13:51:28.293846Z
  Time since last request: 0.0002687 seconds.
  importAddress: GUID: a682899d2b720794599688777cb100a3 - Path: Assets/Free Pack/Textures/T_Jar_07_BaseOp.png - Importer: ScriptedImporter/UnityEditor.QuickSearchModule:UnityEditor.Search:ASIAI0B
Importing 'GUID: a682899d2b720794599688777cb100a3 - Path: Assets/Free Pack/Textures/T_Jar_07_BaseOp.png - Importer: ScriptedImporter/UnityEditor.QuickSearchModule:UnityEditor.Search:ASIAI0B' with importer (ScriptedImporter : UnityEditor.QuickSearchModule:UnityEditor.Search:ASIAI0B)
Imported 'GUID: a682899d2b720794599688777cb100a3' -> (Import Result ID: '2f2a134e94551b78652aed1b5a82c8ad') in 0.007 seconds [static and dynamic dependencies]. Details - ImportResultOutputID=499b70ae567d8420e023905c243011c6 DependenciesID=6032be119d7260502662bf11e486d517 StaticDependenciesID=0a69cf7f4d7ca0b3dd1aea91383e8576 
Number of updated asset objects reloaded before import = 0
Number of asset objects unloaded after import = 1
========================================================================
Received Import Request.
  Time of request: 2026-10-08T13:51:28.3008246Z
  Time since last request: 0.0002776 seconds.
  importAddress: GUID: 14a09c6fcc04cb2478667d753d30e293 - Path: Assets/Free Pack/Textures/T_Trim_WoodenWall_Normal.png - Importer: ScriptedImporter/UnityEditor.QuickSearchModule:UnityEditor.Search:ASIAI0B
Importing 'GUID: 14a09c6fcc04cb2478667d753d30e293 - Path: Assets/Free Pack/Textures/T_Trim_WoodenWall_Normal.png - Importer: ScriptedImporter/UnityEditor.QuickSearchModule:UnityEditor.Search:ASIAI0B' with importer (ScriptedImporter : UnityEditor.QuickSearchModule:UnityEditor.Search:ASIAI0B)
Imported 'GUID: 14a09c6fcc04cb2478667d753d30e293' -> (Import Result ID: '479cddc3bae30964ea7e6d17c920418a') in 0.008 seconds [static and dynamic dependencies]. Details - ImportResultOutputID=929de14bce7f8cdd75e286bb386b46cb DependenciesID=68e2d7741e3d34ee476c68ef57466da8 StaticDependenciesID=4a0d168ad1324b3d657e05068f074db9 
Number of updated asset objects reloaded before import = 0
Number of asset objects unloaded after import = 1
========================================================================
Received Import Request.
  Time of request: 2026-10-08T13:51:28.3088548Z
  Time since last request: 0.0002518 seconds.
  importAddress: GUID: 593d6d6b9acb5ba44b50436844e38fdf - Path: Assets/Free Pack/Textures/T_Mug_02_BaseOp.png - Importer: ScriptedImporter/UnityEditor.QuickSearchModule:UnityEditor.Search:ASIAI0B
Importing 'GUID: 593d6d6b9acb5ba44b50436844e38fdf - Path: Assets/Free Pack/Textures/T_Mug_02_BaseOp.png - Importer: ScriptedImporter/UnityEditor.QuickSearchModule:UnityEditor.Search:ASIAI0B' with importer (ScriptedImporter : UnityEditor.QuickSearchModule:UnityEditor.Search:ASIAI0B)
Imported 'GUID: 593d6d6b9acb5ba44b50436844e38fdf' -> (Import Result ID: '601c9e8635c8f8a4c78021b6724aedf7') in 0.007 seconds [static and dynamic dependencies]. Details - ImportResultOutputID=37d66b2e7c4009c2f5ddbd34ddd728f1 DependenciesID=24d44be930d55ea6066840f498cc28eb StaticDependenciesID=01dad9b7be35d2bc5d74643c5babdcba 
Number of updated asset objects reloaded before import = 0
Number of asset objects unloaded after import = 1
========================================================================
Received Import Request.
  Time of request: 2026-10-08T13:51:28.3167299Z
  Time since last request: 0.0002898 seconds.
  importAddress: GUID: 60a56b96f3021744ca20b0613e89932b - Path: Assets/Free Pack/Textures/T_Mug_02_AO.png - Importer: ScriptedImporter/UnityEditor.QuickSearchModule:UnityEditor.Search:ASIAI0B
Importing 'GUID: 60a56b96f3021744ca20b0613e89932b - Path: Assets/Free Pack/Textures/T_Mug_02_AO.png - Importer: ScriptedImporter/UnityEditor.QuickSearchModule:UnityEditor.Search:ASIAI0B' with importer (ScriptedImporter : UnityEditor.QuickSearchModule:UnityEditor.Search:ASIAI0B)
Imported 'GUID: 60a56b96f3021744ca20b0613e89932b' -> (Import Result ID: '4083138e81760e3d0f4fb9da2a8913d0') in 0.008 seconds [static and dynamic dependencies]. Details - ImportResultOutputID=7dcb4a960caff7cef87a7b017dacac75 DependenciesID=03b684955634fcbc818d832831d9d3da StaticDependenciesID=9361adfa170592cf122ad19685a85083 
Number of updated asset objects reloaded before import = 0
Number of asset objects unloaded after import = 1
========================================================================
Received Import Request.
  Time of request: 2026-10-08T13:51:28.3255383Z
  Time since last request: 0.0002868 seconds.
  importAddress: GUID: d8edb4513d7a99345a722f401eefbc14 - Path: Assets/Free Pack/Textures/T_SM_Spoon_05_BaseOp.png - Importer: ScriptedImporter/UnityEditor.QuickSearchModule:UnityEditor.Search:ASIAI0B
Importing 'GUID: d8edb4513d7a99345a722f401eefbc14 - Path: Assets/Free Pack/Textures/T_SM_Spoon_05_BaseOp.png - Importer: ScriptedImporter/UnityEditor.QuickSearchModule:UnityEditor.Search:ASIAI0B' with importer (ScriptedImporter : UnityEditor.QuickSearchModule:UnityEditor.Search:ASIAI0B)
Imported 'GUID: d8edb4513d7a99345a722f401eefbc14' -> (Import Result ID: '26c731af5e97ad249a03fddeeeaff114') in 0.007 seconds [static and dynamic dependencies]. Details - ImportResultOutputID=50a483f48de944eed9ec9ea74cae1298 DependenciesID=68797866c9b9a3185c6d1985f856d354 StaticDependenciesID=90e8c15798447e1aa09cca4fb88791cf 
Number of updated asset objects reloaded before import = 0
Number of asset objects unloaded after import = 1
========================================================================
Received Import Request.
  Time of request: 2026-10-08T13:51:28.3324691Z
  Time since last request: 0.0002874 seconds.
  importAddress: GUID: 4e4f588da25b9c04a93d302a45ddaf53 - Path: Assets/Free Pack/Textures/T_Marble_Top_Dining_Table_BaseOp.png - Importer: ScriptedImporter/UnityEditor.QuickSearchModule:UnityEditor.Search:ASIAI0B
Importing 'GUID: 4e4f588da25b9c04a93d302a45ddaf53 - Path: Assets/Free Pack/Textures/T_Marble_Top_Dining_Table_BaseOp.png - Importer: ScriptedImporter/UnityEditor.QuickSearchModule:UnityEditor.Search:ASIAI0B' with importer (ScriptedImporter : UnityEditor.QuickSearchModule:UnityEditor.Search:ASIAI0B)
Imported 'GUID: 4e4f588da25b9c04a93d302a45ddaf53' -> (Import Result ID: '6ae5e6ccc08c3edcd73ac37f8aaf01e8') in 0.007 seconds [static and dynamic dependencies]. Details - ImportResultOutputID=8f7435f10b7e78047f14b02e08842e4e DependenciesID=eadfc4ef1c63932d3a289d9ea10a3e2f StaticDependenciesID=c5cb50ca62c41af52961b31226bbee5a 
Number of updated asset objects reloaded before import = 0
Number of asset objects unloaded after import = 1
========================================================================
Received Import Request.
  Time of request: 2026-10-08T13:51:28.3394792Z
  Time since last request: 0.0002926 seconds.
  importAddress: GUID: 26daa1bcb3453314fa03ab27c579ad77 - Path: Assets/Free Pack/Textures/T_Lab_Wall_Normal.png - Importer: ScriptedImporter/UnityEditor.QuickSearchModule:UnityEditor.Search:ASIAI0B
Importing 'GUID: 26daa1bcb3453314fa03ab27c579ad77 - Path: Assets/Free Pack/Textures/T_Lab_Wall_Normal.png - Importer: ScriptedImporter/UnityEditor.QuickSearchModule:UnityEditor.Search:ASIAI0B' with importer (ScriptedImporter : UnityEditor.QuickSearchModule:UnityEditor.Search:ASIAI0B)
Imported 'GUID: 26daa1bcb3453314fa03ab27c579ad77' -> (Import Result ID: '94d7d3091e77aedef767cd6fd567ea19') in 0.008 seconds [static and dynamic dependencies]. Details - ImportResultOutputID=b303e1351fed7b2c86db205fbe3cf2de DependenciesID=c457653abd63bbe552c290fe2ffb4d20 StaticDependenciesID=37291daaba2c1e8c774780d343470127 
Number of updated asset objects reloaded before import = 0
Number of asset objects unloaded after import = 1
========================================================================
Received Import Request.
  Time of request: 2026-10-08T13:51:28.3484338Z
  Time since last request: 0.0003131 seconds.
  importAddress: GUID: 6a5500822f7224f46aa7ad8e66948cc4 - Path: Assets/Free Pack/Built-In/Materials/M_Candle_stand_04.mat - Importer: ScriptedImporter/UnityEditor.QuickSearchModule:UnityEditor.Search:ASIAI0B
Importing 'GUID: 6a5500822f7224f46aa7ad8e66948cc4 - Path: Assets/Free Pack/Built-In/Materials/M_Candle_stand_04.mat - Importer: ScriptedImporter/UnityEditor.QuickSearchModule:UnityEditor.Search:ASIAI0B' with importer (ScriptedImporter : UnityEditor.QuickSearchModule:UnityEditor.Search:ASIAI0B)
Imported 'GUID: 6a5500822f7224f46aa7ad8e66948cc4' -> (Import Result ID: 'e12829d1c837ed6e037b3c8344923453') in 0.004 seconds [static and dynamic dependencies]. Details - ImportResultOutputID=c477bc9826b879f29128a467a9624629 DependenciesID=7afc0ac49dea347830972684f55c8665 StaticDependenciesID=b5d3f17a2e1482bfc7ff6929bf143956 
Number of updated asset objects reloaded before import = 0
Number of asset objects unloaded after import = 1
========================================================================
Received Import Request.
  Time of request: 2026-10-08T13:51:28.3531552Z
  Time since last request: 0.0002511 seconds.
  importAddress: GUID: 3e701e7413aa7174db6286e61e0f5500 - Path: Assets/Free Pack/Built-In/Materials/M_CS_Batch_01.mat - Importer: ScriptedImporter/UnityEditor.QuickSearchModule:UnityEditor.Search:ASIAI0B
Importing 'GUID: 3e701e7413aa7174db6286e61e0f5500 - Path: Assets/Free Pack/Built-In/Materials/M_CS_Batch_01.mat - Importer: ScriptedImporter/UnityEditor.QuickSearchModule:UnityEditor.Search:ASIAI0B' with importer (ScriptedImporter : UnityEditor.QuickSearchModule:UnityEditor.Search:ASIAI0B)
Imported 'GUID: 3e701e7413aa7174db6286e61e0f5500' -> (Import Result ID: '454f20d05d6c9a3713d55a2b3ab39309') in 0.004 seconds [static and dynamic dependencies]. Details - ImportResultOutputID=181e9b133452139fd31719363c8489e7 DependenciesID=46e7f00bbe24c7fc0239220af9298aaa StaticDependenciesID=230615dcc4a4ce9808bff7810c8331b6 
Number of updated asset objects reloaded before import = 0
Number of asset objects unloaded after import = 1
========================================================================
Received Import Request.
  Time of request: 2026-10-08T13:51:28.3578182Z
  Time since last request: 0.0002553 seconds.
  importAddress: GUID: a89816e4ae9c8be4facdbfa06a2c3384 - Path: Assets/Free Pack/Built-In/Materials/M_Carpet_01.mat - Importer: ScriptedImporter/UnityEditor.QuickSearchModule:UnityEditor.Search:ASIAI0B
Importing 'GUID: a89816e4ae9c8be4facdbfa06a2c3384 - Path: Assets/Free Pack/Built-In/Materials/M_Carpet_01.mat - Importer: ScriptedImporter/UnityEditor.QuickSearchModule:UnityEditor.Search:ASIAI0B' with importer (ScriptedImporter : UnityEditor.QuickSearchModule:UnityEditor.Search:ASIAI0B)
Imported 'GUID: a89816e4ae9c8be4facdbfa06a2c3384' -> (Import Result ID: 'b35ee9f21fbe6ecd75f03da1d0e7e451') in 0.005 seconds [static and dynamic dependencies]. Details - ImportResultOutputID=2922b398f0e1db7ad128528547758813 DependenciesID=07bae8e268ffa6660e3cdcc703ae7062 StaticDependenciesID=f338cc0688ab1a2a4f49b838ea541e53 
Number of updated asset objects reloaded before import = 0
Number of asset objects unloaded after import = 1
========================================================================
Received Import Request.
  Time of request: 2026-10-08T13:51:28.3632854Z
  Time since last request: 0.0003202 seconds.
  importAddress: GUID: 00bf83c84210d7b4cb0474f1020d437b - Path: Assets/Free Pack/Textures/T_SM_Spoon_05_AO.png - Importer: ScriptedImporter/UnityEditor.QuickSearchModule:UnityEditor.Search:ASIAI0B
Importing 'GUID: 00bf83c84210d7b4cb0474f1020d437b - Path: Assets/Free Pack/Textures/T_SM_Spoon_05_AO.png - Importer: ScriptedImporter/UnityEditor.QuickSearchModule:UnityEditor.Search:ASIAI0B' with importer (ScriptedImporter : UnityEditor.QuickSearchModule:UnityEditor.Search:ASIAI0B)
Imported 'GUID: 00bf83c84210d7b4cb0474f1020d437b' -> (Import Result ID: 'f83c2256509a026660333ca77de2b3b8') in 0.008 seconds [static and dynamic dependencies]. Details - ImportResultOutputID=68dedddaf720299fb0d51d95a65de2f9 DependenciesID=9135d51b1196c1e813d7cb352096380d StaticDependenciesID=8e66347843346b74d86d329fd35bd16e 
Number of updated asset objects reloaded before import = 0
Number of asset objects unloaded after import = 1
========================================================================
Received Import Request.
  Time of request: 2026-10-08T13:51:28.371488Z
  Time since last request: 0.0002865 seconds.
  importAddress: GUID: 5fdb42b7076f2f542b165c1655fd69c2 - Path: Assets/Free Pack/Built-In/Materials/M_All_Banana.mat - Importer: ScriptedImporter/UnityEditor.QuickSearchModule:UnityEditor.Search:ASIAI0B
Importing 'GUID: 5fdb42b7076f2f542b165c1655fd69c2 - Path: Assets/Free Pack/Built-In/Materials/M_All_Banana.mat - Importer: ScriptedImporter/UnityEditor.QuickSearchModule:UnityEditor.Search:ASIAI0B' with importer (ScriptedImporter : UnityEditor.QuickSearchModule:UnityEditor.Search:ASIAI0B)
Imported 'GUID: 5fdb42b7076f2f542b165c1655fd69c2' -> (Import Result ID: 'bb55fdae5bb032c4f5102aacb8e41e7e') in 0.004 seconds [static and dynamic dependencies]. Details - ImportResultOutputID=cd8b27869e6d1033d71a2082285cea81 DependenciesID=c713f570f4dc461145006ca6fadf263d StaticDependenciesID=6132e842d8de1ff46db99494953615ea 
Number of updated asset objects reloaded before import = 0
Number of asset objects unloaded after import = 1
========================================================================
Received Import Request.
  Time of request: 2026-10-08T13:51:28.3763834Z
  Time since last request: 0.0005759 seconds.
  importAddress: GUID: 91fabfd9594714c458e8e65064e02fe2 - Path: Assets/Free Pack/Textures/T_Marble_Top_Dining_Table_Normal.png - Importer: ScriptedImporter/UnityEditor.QuickSearchModule:UnityEditor.Search:ASIAI0B
Importing 'GUID: 91fabfd9594714c458e8e65064e02fe2 - Path: Assets/Free Pack/Textures/T_Marble_Top_Dining_Table_Normal.png - Importer: ScriptedImporter/UnityEditor.QuickSearchModule:UnityEditor.Search:ASIAI0B' with importer (ScriptedImporter : UnityEditor.QuickSearchModule:UnityEditor.Search:ASIAI0B)
Imported 'GUID: 91fabfd9594714c458e8e65064e02fe2' -> (Import Result ID: '0e5651b73f80001e7b2633a7c51d6ca2') in 0.009 seconds [static and dynamic dependencies]. Details - ImportResultOutputID=ecb335e7450256e9e9e794ee077343b0 DependenciesID=ebd7b02d8f34b7b72b7b6b052309fb98 StaticDependenciesID=de6777083fa5c843b8ca58fdfd3985eb 
Number of updated asset objects reloaded before import = 0
Number of asset objects unloaded after import = 1
========================================================================
Received Import Request.
  Time of request: 2026-10-08T13:51:28.3864079Z
  Time since last request: 0.0002559 seconds.
  importAddress: GUID: afa96368116bf2244a85cc4d96c403b3 - Path: Assets/Free Pack/Textures/T_Jar_07_Normal.png - Importer: ScriptedImporter/UnityEditor.QuickSearchModule:UnityEditor.Search:ASIAI0B
Importing 'GUID: afa96368116bf2244a85cc4d96c403b3 - Path: Assets/Free Pack/Textures/T_Jar_07_Normal.png - Importer: ScriptedImporter/UnityEditor.QuickSearchModule:UnityEditor.Search:ASIAI0B' with importer (ScriptedImporter : UnityEditor.QuickSearchModule:UnityEditor.Search:ASIAI0B)
Imported 'GUID: afa96368116bf2244a85cc4d96c403b3' -> (Import Result ID: 'cfd55f62d9d6466087114fa7da9c4763') in 0.009 seconds [static and dynamic dependencies]. Details - ImportResultOutputID=df4ddccf0083c07327f993a6f1e2df33 DependenciesID=940563191a8d32bde6dededeca7c0d2b StaticDependenciesID=068b7d78c1bb400b37a1e828ea914f7d 
Number of updated asset objects reloaded before import = 0
Number of asset objects unloaded after import = 1
========================================================================
Received Import Request.
  Time of request: 2026-10-08T13:51:28.3954045Z
  Time since last request: 0.0002706 seconds.
  importAddress: GUID: 4d6bf9c61ef2e644f979e8d38f36e1d8 - Path: Assets/Free Pack/Built-In/Materials/M_Dishes.mat - Importer: ScriptedImporter/UnityEditor.QuickSearchModule:UnityEditor.Search:ASIAI0B
Importing 'GUID: 4d6bf9c61ef2e644f979e8d38f36e1d8 - Path: Assets/Free Pack/Built-In/Materials/M_Dishes.mat - Importer: ScriptedImporter/UnityEditor.QuickSearchModule:UnityEditor.Search:ASIAI0B' with importer (ScriptedImporter : UnityEditor.QuickSearchModule:UnityEditor.Search:ASIAI0B)
Imported 'GUID: 4d6bf9c61ef2e644f979e8d38f36e1d8' -> (Import Result ID: '0ca02df1266d5e881a0d007416a3d6d2') in 0.004 seconds [static and dynamic dependencies]. Details - ImportResultOutputID=8c858c711cd1bbc846d4d29886165078 DependenciesID=5d00b45c38bfb075542231c338cdd4e8 StaticDependenciesID=9a7bef21ca4886e0c3e051f86627b855 
Number of updated asset objects reloaded before import = 0
Number of asset objects unloaded after import = 1
========================================================================
Received Import Request.
  Time of request: 2026-10-08T13:51:28.3997894Z
  Time since last request: 0.0002889 seconds.
  importAddress: GUID: 3f588c659d9f37e4d9c38ca660259faf - Path: Assets/Free Pack/Textures/T_Mug_02_MetallicSmoothness.png - Importer: ScriptedImporter/UnityEditor.QuickSearchModule:UnityEditor.Search:ASIAI0B
Importing 'GUID: 3f588c659d9f37e4d9c38ca660259faf - Path: Assets/Free Pack/Textures/T_Mug_02_MetallicSmoothness.png - Importer: ScriptedImporter/UnityEditor.QuickSearchModule:UnityEditor.Search:ASIAI0B' with importer (ScriptedImporter : UnityEditor.QuickSearchModule:UnityEditor.Search:ASIAI0B)
Imported 'GUID: 3f588c659d9f37e4d9c38ca660259faf' -> (Import Result ID: '2890dafca1de6879c73fae84b17693b3') in 0.009 seconds [static and dynamic dependencies]. Details - ImportResultOutputID=f6704c9d9320f835543ffdfe049738f1 DependenciesID=f65b156e31f919732f83323284ba9039 StaticDependenciesID=027e74654ab0aa175cf3e02acbda78cb 
Number of updated asset objects reloaded before import = 0
Number of asset objects unloaded after import = 1
========================================================================
Received Import Request.
  Time of request: 2026-10-08T13:51:28.408955Z
  Time since last request: 0.0003383 seconds.
  importAddress: GUID: adff1c55abf178d45956d833de19a4c9 - Path: Assets/Free Pack/Built-In/Materials/M_CerealBox.mat - Importer: ScriptedImporter/UnityEditor.QuickSearchModule:UnityEditor.Search:ASIAI0B
Importing 'GUID: adff1c55abf178d45956d833de19a4c9 - Path: Assets/Free Pack/Built-In/Materials/M_CerealBox.mat - Importer: ScriptedImporter/UnityEditor.QuickSearchModule:UnityEditor.Search:ASIAI0B' with importer (ScriptedImporter : UnityEditor.QuickSearchModule:UnityEditor.Search:ASIAI0B)
Imported 'GUID: adff1c55abf178d45956d833de19a4c9' -> (Import Result ID: 'dd9e5d9a065f1298c36eac6401501b25') in 0.005 seconds [static and dynamic dependencies]. Details - ImportResultOutputID=9b4d0b57dcdc9803cacf5e35f3ba9efc DependenciesID=57306047a0f93706d1b5e7eb1463c2ca StaticDependenciesID=7a2b1f91020d6d5bd650722e30c17be3 
Number of updated asset objects reloaded before import = 0
Number of asset objects unloaded after import = 1
========================================================================
Received Import Request.
  Time of request: 2026-10-08T13:51:28.4144865Z
  Time since last request: 0.0003493 seconds.
  importAddress: GUID: 47648cd832b97134fb426fe1b8c7c081 - Path: Assets/Mini Chibi Free Demo/Materials/mini chibi primary material.mat - Importer: ScriptedImporter/UnityEditor.QuickSearchModule:UnityEditor.Search:ASIAI0B
Importing 'GUID: 47648cd832b97134fb426fe1b8c7c081 - Path: Assets/Mini Chibi Free Demo/Materials/mini chibi primary material.mat - Importer: ScriptedImporter/UnityEditor.QuickSearchModule:UnityEditor.Search:ASIAI0B' with importer (ScriptedImporter : UnityEditor.QuickSearchModule:UnityEditor.Search:ASIAI0B)
Imported 'GUID: 47648cd832b97134fb426fe1b8c7c081' -> (Import Result ID: '2834e40e5ac81366061678fa08d64920') in 0.004 seconds [static and dynamic dependencies]. Details - ImportResultOutputID=f441a4b379c18ec5b0de0ece31446405 DependenciesID=c593ab4468f4bb62a15b62a5014f1edb StaticDependenciesID=fa7ffbc64a0a4e4ca4283ec3c94569e8 
Number of updated asset objects reloaded before import = 0
Number of asset objects unloaded after import = 1
========================================================================
Received Import Request.
  Time of request: 2026-10-08T13:51:28.4190794Z
  Time since last request: 0.0004025 seconds.
  importAddress: GUID: dc2adbca1dbd92b46a44491dd7edf394 - Path: Assets/Free Pack/Built-In/Materials/M_Bulk2.mat - Importer: ScriptedImporter/UnityEditor.QuickSearchModule:UnityEditor.Search:ASIAI0B
Importing 'GUID: dc2adbca1dbd92b46a44491dd7edf394 - Path: Assets/Free Pack/Built-In/Materials/M_Bulk2.mat - Importer: ScriptedImporter/UnityEditor.QuickSearchModule:UnityEditor.Search:ASIAI0B' with importer (ScriptedImporter : UnityEditor.QuickSearchModule:UnityEditor.Search:ASIAI0B)
Imported 'GUID: dc2adbca1dbd92b46a44491dd7edf394' -> (Import Result ID: 'c7b5d00dc4f66cae2944b9f10dd2ea03') in 0.004 seconds [static and dynamic dependencies]. Details - ImportResultOutputID=84e738012777b9dcf4fb7f7de937d960 DependenciesID=a709fd2a6a1ab9f8b86f430a6a343696 StaticDependenciesID=116feb6838a23453b71d26fdc74a9256 
Number of updated asset objects reloaded before import = 0
Number of asset objects unloaded after import = 1
========================================================================
Received Import Request.
  Time of request: 2026-10-08T13:51:28.4232325Z
  Time since last request: 0.0003326 seconds.
  importAddress: GUID: 5e7d9968f34efde4783e7944787e79b6 - Path: Assets/Free Pack/Built-In/Materials/M_Demo_Batch_01.mat - Importer: ScriptedImporter/UnityEditor.QuickSearchModule:UnityEditor.Search:ASIAI0B
Importing 'GUID: 5e7d9968f34efde4783e7944787e79b6 - Path: Assets/Free Pack/Built-In/Materials/M_Demo_Batch_01.mat - Importer: ScriptedImporter/UnityEditor.QuickSearchModule:UnityEditor.Search:ASIAI0B' with importer (ScriptedImporter : UnityEditor.QuickSearchModule:UnityEditor.Search:ASIAI0B)
Imported 'GUID: 5e7d9968f34efde4783e7944787e79b6' -> (Import Result ID: '816585d133dfbb28affa06a69f0b7655') in 0.004 seconds [static and dynamic dependencies]. Details - ImportResultOutputID=af1e645210c77425a4e824fc4ce69850 DependenciesID=b9cf92fac0dd684b681f6eb7594b9bf1 StaticDependenciesID=1fa0124304d9aa17a5535e00992b0398 
Number of updated asset objects reloaded before import = 0
Number of asset objects unloaded after import = 1
========================================================================
Received Import Request.
  Time of request: 2026-10-08T13:51:28.4274232Z
  Time since last request: 0.0003432 seconds.
  importAddress: GUID: fa96839a271209d4c870e0dcba6fa90f - Path: Assets/Free Pack/Built-In/Materials/M_Grapes_02.mat - Importer: ScriptedImporter/UnityEditor.QuickSearchModule:UnityEditor.Search:ASIAI0B
Importing 'GUID: fa96839a271209d4c870e0dcba6fa90f - Path: Assets/Free Pack/Built-In/Materials/M_Grapes_02.mat - Importer: ScriptedImporter/UnityEditor.QuickSearchModule:UnityEditor.Search:ASIAI0B' with importer (ScriptedImporter : UnityEditor.QuickSearchModule:UnityEditor.Search:ASIAI0B)
Imported 'GUID: fa96839a271209d4c870e0dcba6fa90f' -> (Import Result ID: 'e19377826b300f312db0b6358350d608') in 0.004 seconds [static and dynamic dependencies]. Details - ImportResultOutputID=6c21af6ea8acfeba560f3088cd7c8290 DependenciesID=4d1f2069bbffc1179a7fe59f99c6dd17 StaticDependenciesID=fbed266c4c23d355240b7e31128fa1f7 
Number of updated asset objects reloaded before import = 0
Number of asset objects unloaded after import = 1
========================================================================
Received Import Request.
  Time of request: 2026-10-08T13:51:28.4322048Z
  Time since last request: 0.0002789 seconds.
  importAddress: GUID: 53c1c69a5116f1245a30893c2d8dca78 - Path: Assets/Free Pack/Built-In/Materials/M_Candle_stand_05.mat - Importer: ScriptedImporter/UnityEditor.QuickSearchModule:UnityEditor.Search:ASIAI0B
Importing 'GUID: 53c1c69a5116f1245a30893c2d8dca78 - Path: Assets/Free Pack/Built-In/Materials/M_Candle_stand_05.mat - Importer: ScriptedImporter/UnityEditor.QuickSearchModule:UnityEditor.Search:ASIAI0B' with importer (ScriptedImporter : UnityEditor.QuickSearchModule:UnityEditor.Search:ASIAI0B)
Imported 'GUID: 53c1c69a5116f1245a30893c2d8dca78' -> (Import Result ID: 'f30f0892f002ea07c8969a55251bdda5') in 0.004 seconds [static and dynamic dependencies]. Details - ImportResultOutputID=012995e29950595243e1e1b67986e222 DependenciesID=4ca13282dfc06f7237bc0e4f7363bc79 StaticDependenciesID=f9a4196177ef7b466285d0f4655abe92 
Number of updated asset objects reloaded before import = 0
Number of asset objects unloaded after import = 1
========================================================================
Received Import Request.
  Time of request: 2026-10-08T13:51:28.4361339Z
  Time since last request: 0.0002742 seconds.
  importAddress: GUID: 9b49deea68bd2a0448db623083047c79 - Path: Assets/Free Pack/Built-In/Materials/M_BottleBulk_01.mat - Importer: ScriptedImporter/UnityEditor.QuickSearchModule:UnityEditor.Search:ASIAI0B
Importing 'GUID: 9b49deea68bd2a0448db623083047c79 - Path: Assets/Free Pack/Built-In/Materials/M_BottleBulk_01.mat - Importer: ScriptedImporter/UnityEditor.QuickSearchModule:UnityEditor.Search:ASIAI0B' with importer (ScriptedImporter : UnityEditor.QuickSearchModule:UnityEditor.Search:ASIAI0B)
Imported 'GUID: 9b49deea68bd2a0448db623083047c79' -> (Import Result ID: 'd7ccc0cc4f33c369b1b561f309aaec34') in 0.005 seconds [static and dynamic dependencies]. Details - ImportResultOutputID=ccbd420e30c51a3f4ad9f687b250bab4 DependenciesID=bbb7d3fe05f35666645768f96f3fa6da StaticDependenciesID=ba506417b9df81ad7c79b91546a3647d 
Number of updated asset objects reloaded before import = 0
Number of asset objects unloaded after import = 1
========================================================================
Received Import Request.
  Time of request: 2026-10-08T13:51:28.4411263Z
  Time since last request: 0.000292 seconds.
  importAddress: GUID: edebc0bed63c89747994674e2b841ad1 - Path: Assets/Free Pack/Built-In/Materials/M_Fridge.mat - Importer: ScriptedImporter/UnityEditor.QuickSearchModule:UnityEditor.Search:ASIAI0B
Importing 'GUID: edebc0bed63c89747994674e2b841ad1 - Path: Assets/Free Pack/Built-In/Materials/M_Fridge.mat - Importer: ScriptedImporter/UnityEditor.QuickSearchModule:UnityEditor.Search:ASIAI0B' with importer (ScriptedImporter : UnityEditor.QuickSearchModule:UnityEditor.Search:ASIAI0B)
Imported 'GUID: edebc0bed63c89747994674e2b841ad1' -> (Import Result ID: 'add4b41877574ded617377745c387975') in 0.004 seconds [static and dynamic dependencies]. Details - ImportResultOutputID=021734db517d75a3a5c95ec572bceb9a DependenciesID=038c66c5c65b2c903e828a635a910fe5 StaticDependenciesID=d45d7ae551f696e4ff3aa9ac6dd88304 
Number of updated asset objects reloaded before import = 0
Number of asset objects unloaded after import = 1
========================================================================
Received Import Request.
  Time of request: 2026-10-08T13:51:28.4456334Z
  Time since last request: 0.0002724 seconds.
  importAddress: GUID: 1e047394d79364d4aa33dcd429e06835 - Path: Assets/Free Pack/Textures/T_Table_V8_MetallicSmoothness.png - Importer: ScriptedImporter/UnityEditor.QuickSearchModule:UnityEditor.Search:ASIAI0B
Importing 'GUID: 1e047394d79364d4aa33dcd429e06835 - Path: Assets/Free Pack/Textures/T_Table_V8_MetallicSmoothness.png - Importer: ScriptedImporter/UnityEditor.QuickSearchModule:UnityEditor.Search:ASIAI0B' with importer (ScriptedImporter : UnityEditor.QuickSearchModule:UnityEditor.Search:ASIAI0B)
Imported 'GUID: 1e047394d79364d4aa33dcd429e06835' -> (Import Result ID: '6855be10e95a4fd6bd81beea426c5fd7') in 0.010 seconds [static and dynamic dependencies]. Details - ImportResultOutputID=a1aa33553984fb2986460e24ce2a890b DependenciesID=a48175f0a19aa440a7d5f71683ca1de2 StaticDependenciesID=248f83c20913ed2763751936349932f1 
Number of updated asset objects reloaded before import = 0
Number of asset objects unloaded after import = 1
========================================================================
Received Import Request.
  Time of request: 2026-10-08T13:51:28.4560076Z
  Time since last request: 0.0002847 seconds.
  importAddress: GUID: 2931a0534b38de24eac1ebe4dbcb49fa - Path: Assets/Free Pack/Built-In/Materials/M_Cereal_Bowl.mat - Importer: ScriptedImporter/UnityEditor.QuickSearchModule:UnityEditor.Search:ASIAI0B
Importing 'GUID: 2931a0534b38de24eac1ebe4dbcb49fa - Path: Assets/Free Pack/Built-In/Materials/M_Cereal_Bowl.mat - Importer: ScriptedImporter/UnityEditor.QuickSearchModule:UnityEditor.Search:ASIAI0B' with importer (ScriptedImporter : UnityEditor.QuickSearchModule:UnityEditor.Search:ASIAI0B)
Imported 'GUID: 2931a0534b38de24eac1ebe4dbcb49fa' -> (Import Result ID: '2d7e02c7a37ba960b847830d59f5c049') in 0.004 seconds [static and dynamic dependencies]. Details - ImportResultOutputID=5e9cf77cbebf5cd110051e5a78bfcb06 DependenciesID=54099ba05f038c1dfcc76da67f0445cd StaticDependenciesID=e2ef89d5f4cae4f7e292a48c14be5a91 
Number of updated asset objects reloaded before import = 0
Number of asset objects unloaded after import = 1
========================================================================
Received Import Request.
  Time of request: 2026-10-08T13:51:28.4606201Z
  Time since last request: 0.0002539 seconds.
  importAddress: GUID: 39479c016f1b7974db31db9a48eeda61 - Path: Assets/Free Pack/Textures/T_Mug_02_Normal.png - Importer: ScriptedImporter/UnityEditor.QuickSearchModule:UnityEditor.Search:ASIAI0B
Importing 'GUID: 39479c016f1b7974db31db9a48eeda61 - Path: Assets/Free Pack/Textures/T_Mug_02_Normal.png - Importer: ScriptedImporter/UnityEditor.QuickSearchModule:UnityEditor.Search:ASIAI0B' with importer (ScriptedImporter : UnityEditor.QuickSearchModule:UnityEditor.Search:ASIAI0B)
Imported 'GUID: 39479c016f1b7974db31db9a48eeda61' -> (Import Result ID: 'dd4aea586fe90af483369b4d95df75a7') in 0.114 seconds [static and dynamic dependencies]. Details - ImportResultOutputID=cdc728d65a8d75d7c3bafc68f8ef2e64 DependenciesID=4fbe9a6471e3623eda5ed74c8fc3d2cc StaticDependenciesID=ec43edc832771c66e9e2ae985a308772 
Number of updated asset objects reloaded before import = 0
Number of asset objects unloaded after import = 1
========================================================================
Received Import Request.
  Time of request: 2026-10-08T13:51:28.5751055Z
  Time since last request: 0.0002876 seconds.
  importAddress: GUID: c0b52017d7a5b5a4896446fc517d6bd7 - Path: Assets/Free Pack/Textures/T_Lab_Wall_BaseOp.png - Importer: ScriptedImporter/UnityEditor.QuickSearchModule:UnityEditor.Search:ASIAI0B
Importing 'GUID: c0b52017d7a5b5a4896446fc517d6bd7 - Path: Assets/Free Pack/Textures/T_Lab_Wall_BaseOp.png - Importer: ScriptedImporter/UnityEditor.QuickSearchModule:UnityEditor.Search:ASIAI0B' with importer (ScriptedImporter : UnityEditor.QuickSearchModule:UnityEditor.Search:ASIAI0B)
Imported 'GUID: c0b52017d7a5b5a4896446fc517d6bd7' -> (Import Result ID: '09757f630e690d2250dcd8ea71f0c0b4') in 0.006 seconds [static and dynamic dependencies]. Details - ImportResultOutputID=50cc1b9410520f0d712a2e289c0f0e99 DependenciesID=e853a5435726407fe289be52e0cff628 StaticDependenciesID=9231f9c2258896221911ef5ee7556f12 
Number of updated asset objects reloaded before import = 0
Number of asset objects unloaded after import = 1
========================================================================
Received Import Request.
  Time of request: 2026-10-08T13:51:28.5820325Z
  Time since last request: 0.0002874 seconds.
  importAddress: GUID: 3634bf3d66e75114e955e413cd85d2ce - Path: Assets/Mini Chibi Free Demo/Materials/mini_chibi_texture_256.png - Importer: ScriptedImporter/UnityEditor.QuickSearchModule:UnityEditor.Search:ASIAI0B
Importing 'GUID: 3634bf3d66e75114e955e413cd85d2ce - Path: Assets/Mini Chibi Free Demo/Materials/mini_chibi_texture_256.png - Importer: ScriptedImporter/UnityEditor.QuickSearchModule:UnityEditor.Search:ASIAI0B' with importer (ScriptedImporter : UnityEditor.QuickSearchModule:UnityEditor.Search:ASIAI0B)
Imported 'GUID: 3634bf3d66e75114e955e413cd85d2ce' -> (Import Result ID: '2241d92b3c99170af7bfd759da2f6813') in 0.006 seconds [static and dynamic dependencies]. Details - ImportResultOutputID=8ac081f9026c096537c121b8bd08cb40 DependenciesID=672d7781b900147ba8b419d82fc6aec6 StaticDependenciesID=d10a61885f61da8daff1f7e7997e7946 
Number of updated asset objects reloaded before import = 0
Number of asset objects unloaded after import = 1
========================================================================
Received Import Request.
  Time of request: 2026-10-08T13:51:28.5887782Z
  Time since last request: 0.0002769 seconds.
  importAddress: GUID: 1e37d18c996b5a743b69efdcaf4dea33 - Path: Assets/Free Pack/Textures/T_Trim_WoodenWall_MetallicSmoothness.png - Importer: ScriptedImporter/UnityEditor.QuickSearchModule:UnityEditor.Search:ASIAI0B
Importing 'GUID: 1e37d18c996b5a743b69efdcaf4dea33 - Path: Assets/Free Pack/Textures/T_Trim_WoodenWall_MetallicSmoothness.png - Importer: ScriptedImporter/UnityEditor.QuickSearchModule:UnityEditor.Search:ASIAI0B' with importer (ScriptedImporter : UnityEditor.QuickSearchModule:UnityEditor.Search:ASIAI0B)
Imported 'GUID: 1e37d18c996b5a743b69efdcaf4dea33' -> (Import Result ID: 'f4da4a4531606033e191f5cf45e35046') in 0.008 seconds [static and dynamic dependencies]. Details - ImportResultOutputID=f2c273a1155b7e394323670d590525da DependenciesID=b3b0221a933eb8fd971f26650433a7c7 StaticDependenciesID=9887b7b21b38f3f63fddde13fcd9b719 
Number of updated asset objects reloaded before import = 0
Number of asset objects unloaded after import = 1
========================================================================
Received Import Request.
  Time of request: 2026-10-08T13:51:28.5975395Z
  Time since last request: 0.0003016 seconds.
  importAddress: GUID: a1dbf3731f6ba454a8267a49a28e334e - Path: Assets/Free Pack/Textures/T_Trim_WoodenWall_AO.png - Importer: ScriptedImporter/UnityEditor.QuickSearchModule:UnityEditor.Search:ASIAI0B
Importing 'GUID: a1dbf3731f6ba454a8267a49a28e334e - Path: Assets/Free Pack/Textures/T_Trim_WoodenWall_AO.png - Importer: ScriptedImporter/UnityEditor.QuickSearchModule:UnityEditor.Search:ASIAI0B' with importer (ScriptedImporter : UnityEditor.QuickSearchModule:UnityEditor.Search:ASIAI0B)
Imported 'GUID: a1dbf3731f6ba454a8267a49a28e334e' -> (Import Result ID: '85cce5f99e4c6bb3761749c063269aff') in 0.006 seconds [static and dynamic dependencies]. Details - ImportResultOutputID=a4fcbf9199e2561517b2f89bf1e227c8 DependenciesID=e35efdba3f53c5b36423ca8fff4fb060 StaticDependenciesID=41bafc4be3a460a305d80f25ab5f5625 
Number of updated asset objects reloaded before import = 0
Number of asset objects unloaded after import = 1
========================================================================
Received Import Request.
  Time of request: 2026-10-08T13:51:28.6044293Z
  Time since last request: 0.0003103 seconds.
  importAddress: GUID: 0a516729e8513a94890004f0ac7407e1 - Path: Assets/Free Pack/Textures/T_SM_Plate_Normal.png - Importer: ScriptedImporter/UnityEditor.QuickSearchModule:UnityEditor.Search:ASIAI0B
Importing 'GUID: 0a516729e8513a94890004f0ac7407e1 - Path: Assets/Free Pack/Textures/T_SM_Plate_Normal.png - Importer: ScriptedImporter/UnityEditor.QuickSearchModule:UnityEditor.Search:ASIAI0B' with importer (ScriptedImporter : UnityEditor.QuickSearchModule:UnityEditor.Search:ASIAI0B)
Imported 'GUID: 0a516729e8513a94890004f0ac7407e1' -> (Import Result ID: 'bd0b6ada5124f0d14774ca71ca08a6a7') in 0.008 seconds [static and dynamic dependencies]. Details - ImportResultOutputID=425635ddf943208d0e09a0ff0cf82f12 DependenciesID=a2180f4644ed519f3b5e7a278a5928cf StaticDependenciesID=165db1dc4f0a9c22b95e1616a281df85 
Number of updated asset objects reloaded before import = 0
Number of asset objects unloaded after import = 1
========================================================================
Received Import Request.
  Time of request: 2026-10-08T13:51:28.6126824Z
  Time since last request: 0.0003671 seconds.
  importAddress: GUID: e3a09ad66cadce34dacd0672649e9b3b - Path: Assets/Free Pack/Textures/T_Lab_Wall_AO.png - Importer: ScriptedImporter/UnityEditor.QuickSearchModule:UnityEditor.Search:ASIAI0B
Importing 'GUID: e3a09ad66cadce34dacd0672649e9b3b - Path: Assets/Free Pack/Textures/T_Lab_Wall_AO.png - Importer: ScriptedImporter/UnityEditor.QuickSearchModule:UnityEditor.Search:ASIAI0B' with importer (ScriptedImporter : UnityEditor.QuickSearchModule:UnityEditor.Search:ASIAI0B)
Imported 'GUID: e3a09ad66cadce34dacd0672649e9b3b' -> (Import Result ID: '6bedf8f3d1e5d9c75c1f90cad86af1be') in 0.006 seconds [static and dynamic dependencies]. Details - ImportResultOutputID=23e48d2e35f40b7873ee0ddefdb10ef7 DependenciesID=ea4c1af3644d47940700a2819961e955 StaticDependenciesID=506bbe558c071130ccaaa5d5925a722a 
Number of updated asset objects reloaded before import = 0
Number of asset objects unloaded after import = 1
========================================================================
Received Import Request.
  Time of request: 2026-10-08T13:51:28.619561Z
  Time since last request: 0.0002926 seconds.
  importAddress: GUID: b2ec10e62ffd4f04f835abd64a0b446a - Path: Assets/Free Pack/Built-In/Materials/M_Chair_V2.mat - Importer: ScriptedImporter/UnityEditor.QuickSearchModule:UnityEditor.Search:ASIAI0B
Importing 'GUID: b2ec10e62ffd4f04f835abd64a0b446a - Path: Assets/Free Pack/Built-In/Materials/M_Chair_V2.mat - Importer: ScriptedImporter/UnityEditor.QuickSearchModule:UnityEditor.Search:ASIAI0B' with importer (ScriptedImporter : UnityEditor.QuickSearchModule:UnityEditor.Search:ASIAI0B)
Imported 'GUID: b2ec10e62ffd4f04f835abd64a0b446a' -> (Import Result ID: '5156f237b480f6052c156233e86701db') in 0.004 seconds [static and dynamic dependencies]. Details - ImportResultOutputID=678f17264c09a537dbc8e22d46100208 DependenciesID=21ebbf2f50d721b02ad03f02dc2823ee StaticDependenciesID=a2ccb68b81bf400600403ab8cef9997a 
Number of updated asset objects reloaded before import = 0
Number of asset objects unloaded after import = 1
========================================================================
Received Import Request.
  Time of request: 2026-10-08T13:51:28.6239434Z
  Time since last request: 0.0002635 seconds.
  importAddress: GUID: e1227a64a9c70f443915f9c65214436d - Path: Assets/Free Pack/Textures/T_Marble_Top_Dining_Table_MetallicSmoothness.png - Importer: ScriptedImporter/UnityEditor.QuickSearchModule:UnityEditor.Search:ASIAI0B
Importing 'GUID: e1227a64a9c70f443915f9c65214436d - Path: Assets/Free Pack/Textures/T_Marble_Top_Dining_Table_MetallicSmoothness.png - Importer: ScriptedImporter/UnityEditor.QuickSearchModule:UnityEditor.Search:ASIAI0B' with importer (ScriptedImporter : UnityEditor.QuickSearchModule:UnityEditor.Search:ASIAI0B)
Imported 'GUID: e1227a64a9c70f443915f9c65214436d' -> (Import Result ID: '309a3bdfb3b3c4dbf26de55d68a4ee5f') in 0.009 seconds [static and dynamic dependencies]. Details - ImportResultOutputID=4824ee5907fa3654f2481b345301cc1d DependenciesID=d6750f25b8a951b506ef2fa14130f58b StaticDependenciesID=d2de2f623b33981f2bee6cd5b3712eb8 
Number of updated asset objects reloaded before import = 0
Number of asset objects unloaded after import = 1
========================================================================
Received Import Request.
  Time of request: 2026-10-08T13:51:28.6334885Z
  Time since last request: 0.0002634 seconds.
  importAddress: GUID: d8a10f2b4ad99c142841f1c9d2712fa4 - Path: Assets/Free Pack/Textures/T_Table_V8_AO.png - Importer: ScriptedImporter/UnityEditor.QuickSearchModule:UnityEditor.Search:ASIAI0B
Importing 'GUID: d8a10f2b4ad99c142841f1c9d2712fa4 - Path: Assets/Free Pack/Textures/T_Table_V8_AO.png - Importer: ScriptedImporter/UnityEditor.QuickSearchModule:UnityEditor.Search:ASIAI0B' with importer (ScriptedImporter : UnityEditor.QuickSearchModule:UnityEditor.Search:ASIAI0B)
Imported 'GUID: d8a10f2b4ad99c142841f1c9d2712fa4' -> (Import Result ID: '8146e06f75c8e0368e6689135762215f') in 0.006 seconds [static and dynamic dependencies]. Details - ImportResultOutputID=bd8b4a34106c793f6be154381c75ee2b DependenciesID=ec2bd8eda8a5fc9759a46451983f22a8 StaticDependenciesID=0ae6943c4ac69179fa54cf78614bb0cc 
Number of updated asset objects reloaded before import = 0
Number of asset objects unloaded after import = 1
========================================================================
Received Import Request.
  Time of request: 2026-10-08T13:51:28.6397043Z
  Time since last request: 0.0002885 seconds.
  importAddress: GUID: 08a220e79fb772d44adc3bdee7b4e014 - Path: Assets/Free Pack/Textures/T_SM_Spoon_05_Normal.png - Importer: ScriptedImporter/UnityEditor.QuickSearchModule:UnityEditor.Search:ASIAI0B
Importing 'GUID: 08a220e79fb772d44adc3bdee7b4e014 - Path: Assets/Free Pack/Textures/T_SM_Spoon_05_Normal.png - Importer: ScriptedImporter/UnityEditor.QuickSearchModule:UnityEditor.Search:ASIAI0B' with importer (ScriptedImporter : UnityEditor.QuickSearchModule:UnityEditor.Search:ASIAI0B)
Imported 'GUID: 08a220e79fb772d44adc3bdee7b4e014' -> (Import Result ID: 'd82540e3d94821cae2a6246c23528efd') in 0.008 seconds [static and dynamic dependencies]. Details - ImportResultOutputID=e3177bfe227aeb2535e8e8083b83e76c DependenciesID=54e418846c39f276c5b9c3fe1bdbcb45 StaticDependenciesID=73fbbdbd0d29a42ffd0d1c522684083e 
Number of updated asset objects reloaded before import = 0
Number of asset objects unloaded after import = 1
========================================================================
Received Import Request.
  Time of request: 2026-10-08T13:51:28.6500485Z
  Time since last request: 0.0023282 seconds.
  importAddress: GUID: 7768224f5704b014fbb6d3b8d401edfa - Path: Assets/Free Pack/Textures/T_SM_Plate_BaseOp.png - Importer: ScriptedImporter/UnityEditor.QuickSearchModule:UnityEditor.Search:ASIAI0B
Importing 'GUID: 7768224f5704b014fbb6d3b8d401edfa - Path: Assets/Free Pack/Textures/T_SM_Plate_BaseOp.png - Importer: ScriptedImporter/UnityEditor.QuickSearchModule:UnityEditor.Search:ASIAI0B' with importer (ScriptedImporter : UnityEditor.QuickSearchModule:UnityEditor.Search:ASIAI0B)
Imported 'GUID: 7768224f5704b014fbb6d3b8d401edfa' -> (Import Result ID: 'cf4857200efc53090972716bc1d982b7') in 0.007 seconds [static and dynamic dependencies]. Details - ImportResultOutputID=16e10b9094845f17fc1d749e85214a80 DependenciesID=12c5e21d6ad35b21c4776d4491ce1b40 StaticDependenciesID=cb8a240d41e6469b459451f00632a87a 
Number of updated asset objects reloaded before import = 0
Number of asset objects unloaded after import = 1
========================================================================
Received Import Request.
  Time of request: 2026-10-08T13:51:28.6571084Z
  Time since last request: 0.0002598 seconds.
  importAddress: GUID: 30e36934e9562e449b11733eb49948fb - Path: Assets/Free Pack/Textures/T_HH_Basket_04_Normal.png - Importer: ScriptedImporter/UnityEditor.QuickSearchModule:UnityEditor.Search:ASIAI0B
Importing 'GUID: 30e36934e9562e449b11733eb49948fb - Path: Assets/Free Pack/Textures/T_HH_Basket_04_Normal.png - Importer: ScriptedImporter/UnityEditor.QuickSearchModule:UnityEditor.Search:ASIAI0B' with importer (ScriptedImporter : UnityEditor.QuickSearchModule:UnityEditor.Search:ASIAI0B)
Imported 'GUID: 30e36934e9562e449b11733eb49948fb' -> (Import Result ID: 'a7653b6920759e5a223492959dc41588') in 0.007 seconds [static and dynamic dependencies]. Details - ImportResultOutputID=4109bd7bfa2157f1d2de46aa6d0daf37 DependenciesID=b996ec00ec063491c50334a7c3ad7e05 StaticDependenciesID=c2c752622519fe27ee61aeb55d88fdb6 
Number of updated asset objects reloaded before import = 0
Number of asset objects unloaded after import = 1
========================================================================
Received Import Request.
  Time of request: 2026-10-08T13:51:28.6649204Z
  Time since last request: 0.0002562 seconds.
  importAddress: GUID: f0dfbbfef9b7ab74390481a34770255b - Path: Assets/Free Pack/Textures/T_Table_V8_BaseOp.png - Importer: ScriptedImporter/UnityEditor.QuickSearchModule:UnityEditor.Search:ASIAI0B
Importing 'GUID: f0dfbbfef9b7ab74390481a34770255b - Path: Assets/Free Pack/Textures/T_Table_V8_BaseOp.png - Importer: ScriptedImporter/UnityEditor.QuickSearchModule:UnityEditor.Search:ASIAI0B' with importer (ScriptedImporter : UnityEditor.QuickSearchModule:UnityEditor.Search:ASIAI0B)
Imported 'GUID: f0dfbbfef9b7ab74390481a34770255b' -> (Import Result ID: 'ed0bc795b85cdb3cbe7ed0f230c3b02a') in 0.007 seconds [static and dynamic dependencies]. Details - ImportResultOutputID=ae0aed67fc889ececab9fe6bea72958c DependenciesID=c1f66e7f5b7023bc48ab538460c28b3c StaticDependenciesID=7ce24e57e0f006ec4dbfeb72b28f1970 
Number of updated asset objects reloaded before import = 0
Number of asset objects unloaded after import = 1
========================================================================
Received Import Request.
  Time of request: 2026-10-08T13:51:28.6724281Z
  Time since last request: 0.000259 seconds.
  importAddress: GUID: 0b6ba7421eb3b6646a308637a9440352 - Path: Assets/Free Pack/Textures/T_SM_Spoon_05_MetallicSmoothness.png - Importer: ScriptedImporter/UnityEditor.QuickSearchModule:UnityEditor.Search:ASIAI0B
Importing 'GUID: 0b6ba7421eb3b6646a308637a9440352 - Path: Assets/Free Pack/Textures/T_SM_Spoon_05_MetallicSmoothness.png - Importer: ScriptedImporter/UnityEditor.QuickSearchModule:UnityEditor.Search:ASIAI0B' with importer (ScriptedImporter : UnityEditor.QuickSearchModule:UnityEditor.Search:ASIAI0B)
Imported 'GUID: 0b6ba7421eb3b6646a308637a9440352' -> (Import Result ID: '5301f2a033e221207e7f069f7861eb33') in 0.009 seconds [static and dynamic dependencies]. Details - ImportResultOutputID=958eb078e98ea9bd37b15358b82b5c3a DependenciesID=d84db648aee0c79446c31998babd6846 StaticDependenciesID=6e9a77bb2a171f8d5efa778890582433 
Number of updated asset objects reloaded before import = 0
Number of asset objects unloaded after import = 1
========================================================================
Received Import Request.
  Time of request: 2026-10-08T13:51:28.681428Z
  Time since last request: 0.0002703 seconds.
  importAddress: GUID: 317a8ebc93fa9224595ad9878c770e6d - Path: Assets/Free Pack/Textures/T_Trim_WoodenWall_BaseOp.png - Importer: ScriptedImporter/UnityEditor.QuickSearchModule:UnityEditor.Search:ASIAI0B
Importing 'GUID: 317a8ebc93fa9224595ad9878c770e6d - Path: Assets/Free Pack/Textures/T_Trim_WoodenWall_BaseOp.png - Importer: ScriptedImporter/UnityEditor.QuickSearchModule:UnityEditor.Search:ASIAI0B' with importer (ScriptedImporter : UnityEditor.QuickSearchModule:UnityEditor.Search:ASIAI0B)
Imported 'GUID: 317a8ebc93fa9224595ad9878c770e6d' -> (Import Result ID: '5a5c21056eed9a5dfa492c5ae391e883') in 0.007 seconds [static and dynamic dependencies]. Details - ImportResultOutputID=46f8530cb476359b94306cbc716f7391 DependenciesID=9537f98d2ad23f91b34fc89a5d72194c StaticDependenciesID=5e8f7343273ede4d9fc8b077755211c9 
Number of updated asset objects reloaded before import = 0
Number of asset objects unloaded after import = 1
========================================================================
Received Import Request.
  Time of request: 2026-10-08T13:51:28.6886985Z
  Time since last request: 0.000311 seconds.
  importAddress: GUID: f404898e6f6880c418b044a7921a8bd4 - Path: Assets/Free Pack/Built-In/Materials/M_Batch_Small_01.mat - Importer: ScriptedImporter/UnityEditor.QuickSearchModule:UnityEditor.Search:ASIAI0B
Importing 'GUID: f404898e6f6880c418b044a7921a8bd4 - Path: Assets/Free Pack/Built-In/Materials/M_Batch_Small_01.mat - Importer: ScriptedImporter/UnityEditor.QuickSearchModule:UnityEditor.Search:ASIAI0B' with importer (ScriptedImporter : UnityEditor.QuickSearchModule:UnityEditor.Search:ASIAI0B)
Imported 'GUID: f404898e6f6880c418b044a7921a8bd4' -> (Import Result ID: '713af7aaf5661e8ac66ab060070db748') in 0.105 seconds [static and dynamic dependencies]. Details - ImportResultOutputID=ee73ced53684b7dbb1ef06f1075bab12 DependenciesID=33286e0a3a32b20cfcbe1c5b1064b1ce StaticDependenciesID=bdfbfd35cc8837c046794de131510f00 
Number of updated asset objects reloaded before import = 0
Number of asset objects unloaded after import = 1
========================================================================
Received Import Request.
  Time of request: 2026-10-08T13:51:28.7937996Z
  Time since last request: 0.0003218 seconds.
  importAddress: GUID: ddc422d639162bb4081166d9db7c4ee9 - Path: Assets/Free Pack/Textures/T_Marble_Top_Dining_Table_AO.png - Importer: ScriptedImporter/UnityEditor.QuickSearchModule:UnityEditor.Search:ASIAI0B
Importing 'GUID: ddc422d639162bb4081166d9db7c4ee9 - Path: Assets/Free Pack/Textures/T_Marble_Top_Dining_Table_AO.png - Importer: ScriptedImporter/UnityEditor.QuickSearchModule:UnityEditor.Search:ASIAI0B' with importer (ScriptedImporter : UnityEditor.QuickSearchModule:UnityEditor.Search:ASIAI0B)
Imported 'GUID: ddc422d639162bb4081166d9db7c4ee9' -> (Import Result ID: 'a211d68eda2727455934065213b68e20') in 0.007 seconds [static and dynamic dependencies]. Details - ImportResultOutputID=8b0ae187926ad5a7e39a7c9863cdc76e DependenciesID=7e968e685b58d34ada913128e36a4da9 StaticDependenciesID=937555208d780124cf1669f89f1b67c4 
Number of updated asset objects reloaded before import = 0
Number of asset objects unloaded after import = 1
========================================================================
Received Import Request.
  Time of request: 2026-10-08T13:51:28.8012397Z
  Time since last request: 0.0002941 seconds.
  importAddress: GUID: c19a636bfaf7e40408ffbbcaea3cf904 - Path: Assets/Mini Chibi Free Demo/Materials/Floor.mat - Importer: ScriptedImporter/UnityEditor.QuickSearchModule:UnityEditor.Search:ASIAI0B
Importing 'GUID: c19a636bfaf7e40408ffbbcaea3cf904 - Path: Assets/Mini Chibi Free Demo/Materials/Floor.mat - Importer: ScriptedImporter/UnityEditor.QuickSearchModule:UnityEditor.Search:ASIAI0B' with importer (ScriptedImporter : UnityEditor.QuickSearchModule:UnityEditor.Search:ASIAI0B)
Imported 'GUID: c19a636bfaf7e40408ffbbcaea3cf904' -> (Import Result ID: 'd1cecd236c048c6baa3ff9c30e1bc6da') in 0.005 seconds [static and dynamic dependencies]. Details - ImportResultOutputID=d2761fef17e7f4b39b16cb02d5807036 DependenciesID=19b273c1f96f00601b1a8b2a1607d8ee StaticDependenciesID=a0bf6aaa34a47b52d6484163939961cd 
Number of updated asset objects reloaded before import = 0
Number of asset objects unloaded after import = 1
========================================================================
Received Import Request.
  Time of request: 2026-10-08T13:51:28.806358Z
  Time since last request: 0.0003179 seconds.
  importAddress: GUID: 3d5005c3eb49fae43ad34817f5c20865 - Path: Assets/Free Pack/Textures/T_Lab_Wall_MetallicSmoothness.png - Importer: ScriptedImporter/UnityEditor.QuickSearchModule:UnityEditor.Search:ASIAI0B
Importing 'GUID: 3d5005c3eb49fae43ad34817f5c20865 - Path: Assets/Free Pack/Textures/T_Lab_Wall_MetallicSmoothness.png - Importer: ScriptedImporter/UnityEditor.QuickSearchModule:UnityEditor.Search:ASIAI0B' with importer (ScriptedImporter : UnityEditor.QuickSearchModule:UnityEditor.Search:ASIAI0B)
Imported 'GUID: 3d5005c3eb49fae43ad34817f5c20865' -> (Import Result ID: '6dc9a1b45e1bbdbc93dc904221a6e105') in 0.008 seconds [static and dynamic dependencies]. Details - ImportResultOutputID=5370bd281f11936934d0089d74056deb DependenciesID=86a0970d155ce8b9930e05e1f5f29517 StaticDependenciesID=9116abd0febb58e0529bf4d564af486a 
Number of updated asset objects reloaded before import = 0
Number of asset objects unloaded after import = 1
========================================================================
Received Import Request.
  Time of request: 2026-10-08T13:51:28.8144751Z
  Time since last request: 0.0002599 seconds.
  importAddress: GUID: a9e8cceb054f92c499672c38f87fca5c - Path: Assets/Mini Chibi Free Demo/Materials/mini chibi secondary material.mat - Importer: ScriptedImporter/UnityEditor.QuickSearchModule:UnityEditor.Search:ASIAI0B
Importing 'GUID: a9e8cceb054f92c499672c38f87fca5c - Path: Assets/Mini Chibi Free Demo/Materials/mini chibi secondary material.mat - Importer: ScriptedImporter/UnityEditor.QuickSearchModule:UnityEditor.Search:ASIAI0B' with importer (ScriptedImporter : UnityEditor.QuickSearchModule:UnityEditor.Search:ASIAI0B)
Imported 'GUID: a9e8cceb054f92c499672c38f87fca5c' -> (Import Result ID: 'd93b55d8b8deb20b48d315853ce797c7') in 0.003 seconds [static and dynamic dependencies]. Details - ImportResultOutputID=e194b2492bff06e10c232b4030b44daa DependenciesID=f241222718d02bb81532f17aa304173d StaticDependenciesID=e0eb0d8cf6e94964de6ee50ad1bbe8ea 
Number of updated asset objects reloaded before import = 0
Number of asset objects unloaded after import = 1
========================================================================
Received Import Request.
  Time of request: 2026-10-08T13:51:28.8182373Z
  Time since last request: 0.0002869 seconds.
  importAddress: GUID: 9f5ef276e2141e84aa123bee4cfc5b18 - Path: Assets/Free Pack/Built-In/Materials/M_EggplantDish.mat - Importer: ScriptedImporter/UnityEditor.QuickSearchModule:UnityEditor.Search:ASIAI0B
Importing 'GUID: 9f5ef276e2141e84aa123bee4cfc5b18 - Path: Assets/Free Pack/Built-In/Materials/M_EggplantDish.mat - Importer: ScriptedImporter/UnityEditor.QuickSearchModule:UnityEditor.Search:ASIAI0B' with importer (ScriptedImporter : UnityEditor.QuickSearchModule:UnityEditor.Search:ASIAI0B)
Imported 'GUID: 9f5ef276e2141e84aa123bee4cfc5b18' -> (Import Result ID: 'd60aed0bce2a2cb0ddb6966a946d5366') in 0.004 seconds [static and dynamic dependencies]. Details - ImportResultOutputID=aa92d3a501fb2932c0ef3e114e51316d DependenciesID=201dc68782140b5fb9d3666dfb6d0c11 StaticDependenciesID=62c43195a0c93bed3e1e5470317068ae 
Number of updated asset objects reloaded before import = 0
Number of asset objects unloaded after import = 1
========================================================================
Received Import Request.
  Time of request: 2026-10-08T13:51:28.8223465Z
  Time since last request: 0.0002517 seconds.
  importAddress: GUID: 8cc3c32e5327c06419ab58b76ec805c6 - Path: Assets/Free Pack/Built-In/Materials/M_HH_Basket_04.mat - Importer: ScriptedImporter/UnityEditor.QuickSearchModule:UnityEditor.Search:ASIAI0B
Importing 'GUID: 8cc3c32e5327c06419ab58b76ec805c6 - Path: Assets/Free Pack/Built-In/Materials/M_HH_Basket_04.mat - Importer: ScriptedImporter/UnityEditor.QuickSearchModule:UnityEditor.Search:ASIAI0B' with importer (ScriptedImporter : UnityEditor.QuickSearchModule:UnityEditor.Search:ASIAI0B)
Imported 'GUID: 8cc3c32e5327c06419ab58b76ec805c6' -> (Import Result ID: '4161cf37d0c2a8ab40aab38052d6d615') in 0.004 seconds [static and dynamic dependencies]. Details - ImportResultOutputID=44fc7023ee62650b1c932f7a1807895d DependenciesID=2f4a02e58269978c96c7db1bef114855 StaticDependenciesID=880b2c1b08c6971f6024e255315d062a 
Number of updated asset objects reloaded before import = 0
Number of asset objects unloaded after import = 1
========================================================================
Received Import Request.
  Time of request: 2026-10-08T13:51:28.8265008Z
  Time since last request: 0.0002762 seconds.
  importAddress: GUID: aa0b99e77bb59ef4eb370e04afbdbd2a - Path: Assets/Free Pack/Built-In/Materials/M_FC_RK_Batch_02.mat - Importer: ScriptedImporter/UnityEditor.QuickSearchModule:UnityEditor.Search:ASIAI0B
Importing 'GUID: aa0b99e77bb59ef4eb370e04afbdbd2a - Path: Assets/Free Pack/Built-In/Materials/M_FC_RK_Batch_02.mat - Importer: ScriptedImporter/UnityEditor.QuickSearchModule:UnityEditor.Search:ASIAI0B' with importer (ScriptedImporter : UnityEditor.QuickSearchModule:UnityEditor.Search:ASIAI0B)
Imported 'GUID: aa0b99e77bb59ef4eb370e04afbdbd2a' -> (Import Result ID: 'b5c927cdfa3b08b4864bf1840f93ec8c') in 0.004 seconds [static and dynamic dependencies]. Details - ImportResultOutputID=a680feb257149547ac81eafc8de82e44 DependenciesID=8d440a181f9f41e8e18feb9473efe4d3 StaticDependenciesID=d45af5783959951c6937f678b4d28657 
Number of updated asset objects reloaded before import = 0
Number of asset objects unloaded after import = 1
========================================================================
Received Import Request.
  Time of request: 2026-10-08T13:51:28.8305267Z
  Time since last request: 0.0002295 seconds.
  importAddress: GUID: 9ef05d8d31a7f714bb3576a0ef564670 - Path: Assets/Free Pack/Textures/T_Jar_07_MetallicSmoothness.png - Importer: ScriptedImporter/UnityEditor.QuickSearchModule:UnityEditor.Search:ASIAI0B
Importing 'GUID: 9ef05d8d31a7f714bb3576a0ef564670 - Path: Assets/Free Pack/Textures/T_Jar_07_MetallicSmoothness.png - Importer: ScriptedImporter/UnityEditor.QuickSearchModule:UnityEditor.Search:ASIAI0B' with importer (ScriptedImporter : UnityEditor.QuickSearchModule:UnityEditor.Search:ASIAI0B)
Imported 'GUID: 9ef05d8d31a7f714bb3576a0ef564670' -> (Import Result ID: '0c26286fb291efb3db9420e0eeae3463') in 0.009 seconds [static and dynamic dependencies]. Details - ImportResultOutputID=2bb1a779f407687987ca784f30cb1d61 DependenciesID=844fae069ffeb1a4f964985734260c15 StaticDependenciesID=18c6bf4404c6ea207ac792d4013c8582 
Number of updated asset objects reloaded before import = 0
Number of asset objects unloaded after import = 1
========================================================================
Received Import Request.
  Time of request: 2026-10-08T13:51:28.8398863Z
  Time since last request: 0.0002802 seconds.
  importAddress: GUID: fb3e1f47973f83f42b5321d7adc1d33e - Path: Assets/Free Pack/Built-In/Materials/M_Lab_Wall.mat - Importer: ScriptedImporter/UnityEditor.QuickSearchModule:UnityEditor.Search:ASIAI0B
Importing 'GUID: fb3e1f47973f83f42b5321d7adc1d33e - Path: Assets/Free Pack/Built-In/Materials/M_Lab_Wall.mat - Importer: ScriptedImporter/UnityEditor.QuickSearchModule:UnityEditor.Search:ASIAI0B' with importer (ScriptedImporter : UnityEditor.QuickSearchModule:UnityEditor.Search:ASIAI0B)
Imported 'GUID: fb3e1f47973f83f42b5321d7adc1d33e' -> (Import Result ID: 'ab2a097484c9a4886addd1c97e675f05') in 0.004 seconds [static and dynamic dependencies]. Details - ImportResultOutputID=0cc77ce9d1cce491f67ed29e0094eda5 DependenciesID=0a56314dc6339e07578d427855117b0a StaticDependenciesID=77b6cbc84d9daf805563013ecbfbf90b 
Number of updated asset objects reloaded before import = 0
Number of asset objects unloaded after import = 1
========================================================================
Received Import Request.
  Time of request: 2026-10-08T13:51:28.853629Z
  Time since last request: 0.0099695 seconds.
  importAddress: GUID: 18e1031f284278d4c8b20df07df3a2e0 - Path: Assets/Free Pack/HDRP/Materials/M_Dishes_HDRP.mat - Importer: ScriptedImporter/UnityEditor.QuickSearchModule:UnityEditor.Search:ASIAI0B
Importing 'GUID: 18e1031f284278d4c8b20df07df3a2e0 - Path: Assets/Free Pack/HDRP/Materials/M_Dishes_HDRP.mat - Importer: ScriptedImporter/UnityEditor.QuickSearchModule:UnityEditor.Search:ASIAI0B' with importer (ScriptedImporter : UnityEditor.QuickSearchModule:UnityEditor.Search:ASIAI0B)
Imported 'GUID: 18e1031f284278d4c8b20df07df3a2e0' -> (Import Result ID: '5ed158d2e23e43bf9edbf17d25b0ec5f') in 0.005 seconds [static and dynamic dependencies]. Details - ImportResultOutputID=2178bf8d261c2b6abceeee6f1cc7b8a1 DependenciesID=1aabef0a5965d39f8ccf5bb938ef7c17 StaticDependenciesID=a153c8fb22e1aadd02657742e989b4d4 
Number of updated asset objects reloaded before import = 0
Number of asset objects unloaded after import = 1
========================================================================
Received Import Request.
  Time of request: 2026-10-08T13:51:28.8590646Z
  Time since last request: 0.0003291 seconds.
  importAddress: GUID: 71df94968523aa044934dffffb95642e - Path: Assets/Free Pack/HDRP/Materials/M_Bulk2_HDRP.mat - Importer: ScriptedImporter/UnityEditor.QuickSearchModule:UnityEditor.Search:ASIAI0B
Importing 'GUID: 71df94968523aa044934dffffb95642e - Path: Assets/Free Pack/HDRP/Materials/M_Bulk2_HDRP.mat - Importer: ScriptedImporter/UnityEditor.QuickSearchModule:UnityEditor.Search:ASIAI0B' with importer (ScriptedImporter : UnityEditor.QuickSearchModule:UnityEditor.Search:ASIAI0B)
Imported 'GUID: 71df94968523aa044934dffffb95642e' -> (Import Result ID: 'afe5f51c81742c74e3bef31b7fc164ff') in 0.004 seconds [static and dynamic dependencies]. Details - ImportResultOutputID=a53e382548d12549797168902f432f19 DependenciesID=3b9cb1a36d2ce8fa4386ba239cbd90ee StaticDependenciesID=39258f72b1d5c4d38449f88fa4fb5f78 
Number of updated asset objects reloaded before import = 0
Number of asset objects unloaded after import = 1
========================================================================
Received Import Request.
  Time of request: 2026-10-08T13:51:28.8630161Z
  Time since last request: 0.0002798 seconds.
  importAddress: GUID: f57f419506144ff47bd9bbcff16eb02d - Path: Assets/Free Pack/Built-In/Prefabs/SM_Packet_11.prefab - Importer: ScriptedImporter/UnityEditor.QuickSearchModule:UnityEditor.Search:ASIAI0B
Importing 'GUID: f57f419506144ff47bd9bbcff16eb02d - Path: Assets/Free Pack/Built-In/Prefabs/SM_Packet_11.prefab - Importer: ScriptedImporter/UnityEditor.QuickSearchModule:UnityEditor.Search:ASIAI0B' with importer (ScriptedImporter : UnityEditor.QuickSearchModule:UnityEditor.Search:ASIAI0B)
Imported 'GUID: f57f419506144ff47bd9bbcff16eb02d' -> (Import Result ID: '9cf1885ab72fc05691fc3723a0baba39') in 0.005 seconds [static and dynamic dependencies]. Details - ImportResultOutputID=a6d0f24bac5d469161719294cf069036 DependenciesID=edd232b2c0c56e31796b58e86cd1049d StaticDependenciesID=675ff0ed39b5be296d303b737266e415 
Number of updated asset objects reloaded before import = 0
Number of asset objects unloaded after import = 26
========================================================================
Received Import Request.
  Time of request: 2026-10-08T13:51:28.8685377Z
  Time since last request: 0.0002063 seconds.
  importAddress: GUID: f96fa66bbbea8b44db6b256de0fb016e - Path: Assets/Free Pack/Built-In/Prefabs/SM_Carpet_02.prefab - Importer: ScriptedImporter/UnityEditor.QuickSearchModule:UnityEditor.Search:ASIAI0B
Importing 'GUID: f96fa66bbbea8b44db6b256de0fb016e - Path: Assets/Free Pack/Built-In/Prefabs/SM_Carpet_02.prefab - Importer: ScriptedImporter/UnityEditor.QuickSearchModule:UnityEditor.Search:ASIAI0B' with importer (ScriptedImporter : UnityEditor.QuickSearchModule:UnityEditor.Search:ASIAI0B)
Imported 'GUID: f96fa66bbbea8b44db6b256de0fb016e' -> (Import Result ID: 'e3b14b6a66461e679edd16d3108d3901') in 0.005 seconds [static and dynamic dependencies]. Details - ImportResultOutputID=cc8d66011b1cea8655d25a21cffe1643 DependenciesID=a407606e15b7add3319c7f474c631a1b StaticDependenciesID=669878dae43bbe9f065e025142286806 
Number of updated asset objects reloaded before import = 0
Number of asset objects unloaded after import = 9
========================================================================
Received Import Request.
  Time of request: 2026-10-08T13:51:28.8742858Z
  Time since last request: 0.0002197 seconds.
  importAddress: GUID: 2dc8fe343fe00774485fd38e2a5c4847 - Path: Assets/Free Pack/Built-In/Prefabs/SM_Apple.prefab - Importer: ScriptedImporter/UnityEditor.QuickSearchModule:UnityEditor.Search:ASIAI0B
Importing 'GUID: 2dc8fe343fe00774485fd38e2a5c4847 - Path: Assets/Free Pack/Built-In/Prefabs/SM_Apple.prefab - Importer: ScriptedImporter/UnityEditor.QuickSearchModule:UnityEditor.Search:ASIAI0B' with importer (ScriptedImporter : UnityEditor.QuickSearchModule:UnityEditor.Search:ASIAI0B)
Imported 'GUID: 2dc8fe343fe00774485fd38e2a5c4847' -> (Import Result ID: '7925a9704c8d86e17b224daa7304c4a0') in 0.004 seconds [static and dynamic dependencies]. Details - ImportResultOutputID=483fd310361515731d67244d8e520361 DependenciesID=a2602fa58f30e7eeb672b9cc96e87f0b StaticDependenciesID=3bcb942df0dde02c5427aac99fd941ba 
Number of updated asset objects reloaded before import = 0
Number of asset objects unloaded after import = 26
========================================================================
Received Import Request.
  Time of request: 2026-10-08T13:51:28.8785815Z
  Time since last request: 0.0001949 seconds.
  importAddress: GUID: 0f1a58da19e0ba041a98bc0549851fce - Path: Assets/Free Pack/HDRP/Materials/M_Chair_V2_HDRP.mat - Importer: ScriptedImporter/UnityEditor.QuickSearchModule:UnityEditor.Search:ASIAI0B
Importing 'GUID: 0f1a58da19e0ba041a98bc0549851fce - Path: Assets/Free Pack/HDRP/Materials/M_Chair_V2_HDRP.mat - Importer: ScriptedImporter/UnityEditor.QuickSearchModule:UnityEditor.Search:ASIAI0B' with importer (ScriptedImporter : UnityEditor.QuickSearchModule:UnityEditor.Search:ASIAI0B)
Imported 'GUID: 0f1a58da19e0ba041a98bc0549851fce' -> (Import Result ID: '794f58da85b72c1a48d63757f55a9cda') in 0.003 seconds [static and dynamic dependencies]. Details - ImportResultOutputID=41b41ed16a2489d10fdb7109af28452f DependenciesID=7cc8170d53b568516c98b1715211da8d StaticDependenciesID=f8d7d8c5cd3af11ecd30399fe4c7a307 
Number of updated asset objects reloaded before import = 0
Number of asset objects unloaded after import = 1
========================================================================
Received Import Request.
  Time of request: 2026-10-08T13:51:28.8824287Z
  Time since last request: 0.0002601 seconds.
  importAddress: GUID: a6f2d16b2fd9a3e4ea67dda2ecdbc848 - Path: Assets/Free Pack/Built-In/Materials/M_Mug_02.mat - Importer: ScriptedImporter/UnityEditor.QuickSearchModule:UnityEditor.Search:ASIAI0B
Importing 'GUID: a6f2d16b2fd9a3e4ea67dda2ecdbc848 - Path: Assets/Free Pack/Built-In/Materials/M_Mug_02.mat - Importer: ScriptedImporter/UnityEditor.QuickSearchModule:UnityEditor.Search:ASIAI0B' with importer (ScriptedImporter : UnityEditor.QuickSearchModule:UnityEditor.Search:ASIAI0B)
Imported 'GUID: a6f2d16b2fd9a3e4ea67dda2ecdbc848' -> (Import Result ID: '79097423f6c1ef090f290a902b1ca549') in 0.003 seconds [static and dynamic dependencies]. Details - ImportResultOutputID=a0245665b024485ef6864502b3c000be DependenciesID=16936bd5410ba2ee7dcdaeddc6c5dcb4 StaticDependenciesID=9f47bcfbc919a650e435182faadadeb4 
Number of updated asset objects reloaded before import = 0
Number of asset objects unloaded after import = 1
========================================================================
Received Import Request.
  Time of request: 2026-10-08T13:51:28.8861179Z
  Time since last request: 0.0003395 seconds.
  importAddress: GUID: 03079335b7835c746a9087e890f49c8b - Path: Assets/Free Pack/Built-In/Prefabs/SM_Coffee_cup.prefab - Importer: ScriptedImporter/UnityEditor.QuickSearchModule:UnityEditor.Search:ASIAI0B
Importing 'GUID: 03079335b7835c746a9087e890f49c8b - Path: Assets/Free Pack/Built-In/Prefabs/SM_Coffee_cup.prefab - Importer: ScriptedImporter/UnityEditor.QuickSearchModule:UnityEditor.Search:ASIAI0B' with importer (ScriptedImporter : UnityEditor.QuickSearchModule:UnityEditor.Search:ASIAI0B)
Imported 'GUID: 03079335b7835c746a9087e890f49c8b' -> (Import Result ID: 'c499630b50877d0cb8c2b49672c8e830') in 0.005 seconds [static and dynamic dependencies]. Details - ImportResultOutputID=4dc8875abc5a7b56360820e0060db49f DependenciesID=4603822ffd310b1f97f8ccec33a434c7 StaticDependenciesID=a5df5f29f2490aff0e295630da5ee77a 
Number of updated asset objects reloaded before import = 0
Number of asset objects unloaded after import = 26
========================================================================
Received Import Request.
  Time of request: 2026-10-08T13:51:28.8914919Z
  Time since last request: 0.0002288 seconds.
  importAddress: GUID: e636e309eeafc2a45a28b7313ea9044b - Path: Assets/Free Pack/Built-In/Prefabs/SM_Spoon_05.prefab - Importer: ScriptedImporter/UnityEditor.QuickSearchModule:UnityEditor.Search:ASIAI0B
Importing 'GUID: e636e309eeafc2a45a28b7313ea9044b - Path: Assets/Free Pack/Built-In/Prefabs/SM_Spoon_05.prefab - Importer: ScriptedImporter/UnityEditor.QuickSearchModule:UnityEditor.Search:ASIAI0B' with importer (ScriptedImporter : UnityEditor.QuickSearchModule:UnityEditor.Search:ASIAI0B)
Imported 'GUID: e636e309eeafc2a45a28b7313ea9044b' -> (Import Result ID: 'ec346f1d716ca39b888d9580c9796c78') in 0.004 seconds [static and dynamic dependencies]. Details - ImportResultOutputID=f40574ef448788a87abdd8c444381564 DependenciesID=0021b7558c9a701ff211cb4b68d28c61 StaticDependenciesID=2568ee47f6e0b61af545242237624c52 
Number of updated asset objects reloaded before import = 0
Number of asset objects unloaded after import = 26
========================================================================
Received Import Request.
  Time of request: 2026-10-08T13:51:28.895673Z
  Time since last request: 0.0001865 seconds.
  importAddress: GUID: 1c77d7645cf462342805c49a62e8c42e - Path: Assets/Free Pack/HDRP/Materials/M_CS_Batch_01_HDRP.mat - Importer: ScriptedImporter/UnityEditor.QuickSearchModule:UnityEditor.Search:ASIAI0B
Importing 'GUID: 1c77d7645cf462342805c49a62e8c42e - Path: Assets/Free Pack/HDRP/Materials/M_CS_Batch_01_HDRP.mat - Importer: ScriptedImporter/UnityEditor.QuickSearchModule:UnityEditor.Search:ASIAI0B' with importer (ScriptedImporter : UnityEditor.QuickSearchModule:UnityEditor.Search:ASIAI0B)
Imported 'GUID: 1c77d7645cf462342805c49a62e8c42e' -> (Import Result ID: '8ed676020a4ae1d90ccc6ded1cf96bf7') in 0.004 seconds [static and dynamic dependencies]. Details - ImportResultOutputID=80c1a209c43080f14754b9905dd461dc DependenciesID=137301bfa1c9516ef36e4cc9ae6412a0 StaticDependenciesID=fd0a4a7b5826757eecd3561e02063627 
Number of updated asset objects reloaded before import = 0
Number of asset objects unloaded after import = 1
========================================================================
Received Import Request.
  Time of request: 2026-10-08T13:51:28.8996425Z
  Time since last request: 0.0002464 seconds.
  importAddress: GUID: 7b51ee9f50a99af4dba0bf764e0dafa5 - Path: Assets/Free Pack/Built-In/Prefabs/SM_Spoon_15.prefab - Importer: ScriptedImporter/UnityEditor.QuickSearchModule:UnityEditor.Search:ASIAI0B
Importing 'GUID: 7b51ee9f50a99af4dba0bf764e0dafa5 - Path: Assets/Free Pack/Built-In/Prefabs/SM_Spoon_15.prefab - Importer: ScriptedImporter/UnityEditor.QuickSearchModule:UnityEditor.Search:ASIAI0B' with importer (ScriptedImporter : UnityEditor.QuickSearchModule:UnityEditor.Search:ASIAI0B)
Imported 'GUID: 7b51ee9f50a99af4dba0bf764e0dafa5' -> (Import Result ID: 'e6b89201afc9b1b0be39b5e3429eb6a9') in 0.005 seconds [static and dynamic dependencies]. Details - ImportResultOutputID=49461e6e3e189564a54e579c597a7564 DependenciesID=81feb3649bfa1c12f26ec296cf2cbb9b StaticDependenciesID=85269a60c2cc36ce4341b156ceac67df 
Number of updated asset objects reloaded before import = 0
Number of asset objects unloaded after import = 26
========================================================================
Received Import Request.
  Time of request: 2026-10-08T13:51:28.9049786Z
  Time since last request: 0.0002201 seconds.
  importAddress: GUID: 237e2c3f8ecbb4c4b929c55eaa71e2c5 - Path: Assets/Free Pack/HDRP/Materials/M_Lab_Wall_HDRP.mat - Importer: ScriptedImporter/UnityEditor.QuickSearchModule:UnityEditor.Search:ASIAI0B
Importing 'GUID: 237e2c3f8ecbb4c4b929c55eaa71e2c5 - Path: Assets/Free Pack/HDRP/Materials/M_Lab_Wall_HDRP.mat - Importer: ScriptedImporter/UnityEditor.QuickSearchModule:UnityEditor.Search:ASIAI0B' with importer (ScriptedImporter : UnityEditor.QuickSearchModule:UnityEditor.Search:ASIAI0B)
Imported 'GUID: 237e2c3f8ecbb4c4b929c55eaa71e2c5' -> (Import Result ID: '2c7caac2171e3b1634783615c7055637') in 0.004 seconds [static and dynamic dependencies]. Details - ImportResultOutputID=093c10a2078d2931e30e5c8ead669c8f DependenciesID=c4ce6fd66ce8ab4f6036b0176cbcb139 StaticDependenciesID=7caa5e02cb31bb1fed8235d9bb4bbc0b 
Number of updated asset objects reloaded before import = 0
Number of asset objects unloaded after import = 1
========================================================================
Received Import Request.
  Time of request: 2026-10-08T13:51:28.9098689Z
  Time since last request: 0.000342 seconds.
  importAddress: GUID: 9e98654d75b846c4a8444251b5bb4302 - Path: Assets/Free Pack/HDRP/Materials/M_Fridge_HDRP.mat - Importer: ScriptedImporter/UnityEditor.QuickSearchModule:UnityEditor.Search:ASIAI0B
Importing 'GUID: 9e98654d75b846c4a8444251b5bb4302 - Path: Assets/Free Pack/HDRP/Materials/M_Fridge_HDRP.mat - Importer: ScriptedImporter/UnityEditor.QuickSearchModule:UnityEditor.Search:ASIAI0B' with importer (ScriptedImporter : UnityEditor.QuickSearchModule:UnityEditor.Search:ASIAI0B)
Imported 'GUID: 9e98654d75b846c4a8444251b5bb4302' -> (Import Result ID: '374c4c5a876122e319e878c22a6ec147') in 0.005 seconds [static and dynamic dependencies]. Details - ImportResultOutputID=63caeaf09430531918903ad43487e958 DependenciesID=e1939f02aa1c3b8aacaca5d75ebb6e4b StaticDependenciesID=27552fa0e5f91453448f09fec39e11cc 
Number of updated asset objects reloaded before import = 0
Number of asset objects unloaded after import = 1
========================================================================
Received Import Request.
  Time of request: 2026-10-08T13:51:28.914733Z
  Time since last request: 0.0002423 seconds.
  importAddress: GUID: ed7f2b1eff3dd7f4b94ef18881e6978a - Path: Assets/Free Pack/HDRP/Materials/M_Marble_Top_Dining_Table_HDRP.mat - Importer: ScriptedImporter/UnityEditor.QuickSearchModule:UnityEditor.Search:ASIAI0B
Importing 'GUID: ed7f2b1eff3dd7f4b94ef18881e6978a - Path: Assets/Free Pack/HDRP/Materials/M_Marble_Top_Dining_Table_HDRP.mat - Importer: ScriptedImporter/UnityEditor.QuickSearchModule:UnityEditor.Search:ASIAI0B' with importer (ScriptedImporter : UnityEditor.QuickSearchModule:UnityEditor.Search:ASIAI0B)
Imported 'GUID: ed7f2b1eff3dd7f4b94ef18881e6978a' -> (Import Result ID: '6f0ad2b4d2662af4078e4742564e404c') in 0.004 seconds [static and dynamic dependencies]. Details - ImportResultOutputID=358d8cb2ea9e667ebf1b5cc8c850c3ff DependenciesID=432b059c22ab1bde229edff9410ed320 StaticDependenciesID=50594df93f3de10f29e7d08a7e5f0951 
Number of updated asset objects reloaded before import = 0
Number of asset objects unloaded after import = 1
========================================================================
Received Import Request.
  Time of request: 2026-10-08T13:51:28.9189804Z
  Time since last request: 0.0002559 seconds.
  importAddress: GUID: d10aad0c115520a4bbf59a048fa1ff3f - Path: Assets/Free Pack/Built-In/Prefabs/SM_Tube_Light.prefab - Importer: ScriptedImporter/UnityEditor.QuickSearchModule:UnityEditor.Search:ASIAI0B
Importing 'GUID: d10aad0c115520a4bbf59a048fa1ff3f - Path: Assets/Free Pack/Built-In/Prefabs/SM_Tube_Light.prefab - Importer: ScriptedImporter/UnityEditor.QuickSearchModule:UnityEditor.Search:ASIAI0B' with importer (ScriptedImporter : UnityEditor.QuickSearchModule:UnityEditor.Search:ASIAI0B)
Imported 'GUID: d10aad0c115520a4bbf59a048fa1ff3f' -> (Import Result ID: '6a2e19186a73557d782042298e4d7dff') in 0.004 seconds [static and dynamic dependencies]. Details - ImportResultOutputID=e8cad4cdf30f83c1580b398892eb59d5 DependenciesID=be38fead440e497041fd829b145f3bd8 StaticDependenciesID=2b4b9460b39d2257dda3148b38db8f6b 
Number of updated asset objects reloaded before import = 0
Number of asset objects unloaded after import = 26
========================================================================
Received Import Request.
  Time of request: 2026-10-08T13:51:28.9233607Z
  Time since last request: 0.0002918 seconds.
  importAddress: GUID: f1c989da24bd6544b93f4ffd2cd12262 - Path: Assets/Free Pack/Built-In/Prefabs/SM_Grapes_02.prefab - Importer: ScriptedImporter/UnityEditor.QuickSearchModule:UnityEditor.Search:ASIAI0B
Importing 'GUID: f1c989da24bd6544b93f4ffd2cd12262 - Path: Assets/Free Pack/Built-In/Prefabs/SM_Grapes_02.prefab - Importer: ScriptedImporter/UnityEditor.QuickSearchModule:UnityEditor.Search:ASIAI0B' with importer (ScriptedImporter : UnityEditor.QuickSearchModule:UnityEditor.Search:ASIAI0B)
Imported 'GUID: f1c989da24bd6544b93f4ffd2cd12262' -> (Import Result ID: '58bb66fc85b92b2fdc4d7bd85c791901') in 0.004 seconds [static and dynamic dependencies]. Details - ImportResultOutputID=fc203d18761526240b3a974586b84131 DependenciesID=42cd89cdb09edf49eeaaace14117de6a StaticDependenciesID=570c621941560fcd546f55e9c7aa30f6 
Number of updated asset objects reloaded before import = 0
Number of asset objects unloaded after import = 26
========================================================================
Received Import Request.
  Time of request: 2026-10-08T13:51:28.9280522Z
  Time since last request: 0.0001907 seconds.
  importAddress: GUID: 9e99013874d7c8b48a85083cc1b34ffa - Path: Assets/Free Pack/HDRP/Materials/M_Apple_V4_HDRP.mat - Importer: ScriptedImporter/UnityEditor.QuickSearchModule:UnityEditor.Search:ASIAI0B
Importing 'GUID: 9e99013874d7c8b48a85083cc1b34ffa - Path: Assets/Free Pack/HDRP/Materials/M_Apple_V4_HDRP.mat - Importer: ScriptedImporter/UnityEditor.QuickSearchModule:UnityEditor.Search:ASIAI0B' with importer (ScriptedImporter : UnityEditor.QuickSearchModule:UnityEditor.Search:ASIAI0B)
Imported 'GUID: 9e99013874d7c8b48a85083cc1b34ffa' -> (Import Result ID: '6fc41b65d0378c272f474de3e4996eb5') in 0.003 seconds [static and dynamic dependencies]. Details - ImportResultOutputID=3350d9699af7309e1dde7f529000cf61 DependenciesID=9a6d6a1c89b23c65b3c62d5072c615cb StaticDependenciesID=3388aba8a2ae3be85a202997910e7d55 
Number of updated asset objects reloaded before import = 0
Number of asset objects unloaded after import = 1
========================================================================
Received Import Request.
  Time of request: 2026-10-08T13:51:28.9319183Z
  Time since last request: 0.0002593 seconds.
  importAddress: GUID: e2d83813a64a9044e9d5ed42e9aa2dfe - Path: Assets/Free Pack/HDRP/Materials/M_Batch_Small_02_HDRP.mat - Importer: ScriptedImporter/UnityEditor.QuickSearchModule:UnityEditor.Search:ASIAI0B
Importing 'GUID: e2d83813a64a9044e9d5ed42e9aa2dfe - Path: Assets/Free Pack/HDRP/Materials/M_Batch_Small_02_HDRP.mat - Importer: ScriptedImporter/UnityEditor.QuickSearchModule:UnityEditor.Search:ASIAI0B' with importer (ScriptedImporter : UnityEditor.QuickSearchModule:UnityEditor.Search:ASIAI0B)
Imported 'GUID: e2d83813a64a9044e9d5ed42e9aa2dfe' -> (Import Result ID: '9da351183b3e353852e29632785841ab') in 0.004 seconds [static and dynamic dependencies]. Details - ImportResultOutputID=3621d05c87dece4c8d05a854210e485d DependenciesID=caec7044f7981cb3c1a8875eac8b7166 StaticDependenciesID=8bc8d1b9364a6a32f26ce7b4db87f132 
Number of updated asset objects reloaded before import = 0
Number of asset objects unloaded after import = 1
========================================================================
Received Import Request.
  Time of request: 2026-10-08T13:51:28.9358281Z
  Time since last request: 0.0002736 seconds.
  importAddress: GUID: afd3e8f2da1a6b74aab973cb36c2c69e - Path: Assets/Free Pack/Built-In/Prefabs/SM_Jar_07.prefab - Importer: ScriptedImporter/UnityEditor.QuickSearchModule:UnityEditor.Search:ASIAI0B
Importing 'GUID: afd3e8f2da1a6b74aab973cb36c2c69e - Path: Assets/Free Pack/Built-In/Prefabs/SM_Jar_07.prefab - Importer: ScriptedImporter/UnityEditor.QuickSearchModule:UnityEditor.Search:ASIAI0B' with importer (ScriptedImporter : UnityEditor.QuickSearchModule:UnityEditor.Search:ASIAI0B)
Imported 'GUID: afd3e8f2da1a6b74aab973cb36c2c69e' -> (Import Result ID: '5763836d937963903f35b5cf97359255') in 0.004 seconds [static and dynamic dependencies]. Details - ImportResultOutputID=ed6ddd7c4e609efe3bc9cacd39038d8e DependenciesID=e58c5ddc87fc6c48bec7d7df661abf24 StaticDependenciesID=81fe44bbdc9b2958cef6da42d0c522d6 
Number of updated asset objects reloaded before import = 0
Number of asset objects unloaded after import = 26
========================================================================
Received Import Request.
  Time of request: 2026-10-08T13:51:28.9402346Z
  Time since last request: 0.0001806 seconds.
  importAddress: GUID: 27fcfedd052bf9d4397e7965c2f77fef - Path: Assets/Free Pack/Built-In/Materials/M_SM_Spoon_05.mat - Importer: ScriptedImporter/UnityEditor.QuickSearchModule:UnityEditor.Search:ASIAI0B
Importing 'GUID: 27fcfedd052bf9d4397e7965c2f77fef - Path: Assets/Free Pack/Built-In/Materials/M_SM_Spoon_05.mat - Importer: ScriptedImporter/UnityEditor.QuickSearchModule:UnityEditor.Search:ASIAI0B' with importer (ScriptedImporter : UnityEditor.QuickSearchModule:UnityEditor.Search:ASIAI0B)
Imported 'GUID: 27fcfedd052bf9d4397e7965c2f77fef' -> (Import Result ID: 'ebe8c8a114f192f9f67432b52f04fb2f') in 0.005 seconds [static and dynamic dependencies]. Details - ImportResultOutputID=597e98acea1625c62ad3c379c73acd6a DependenciesID=38a8f4fcc6fd295b9594734f311bb1e6 StaticDependenciesID=b1ae88583e26cd1e0a3ac11f32ebdeb0 
Number of updated asset objects reloaded before import = 0
Number of asset objects unloaded after import = 1
========================================================================
Received Import Request.
  Time of request: 2026-10-08T13:51:28.9456868Z
  Time since last request: 0.0003194 seconds.
  importAddress: GUID: 36a36dab243dec64a9f1349969bad9fd - Path: Assets/Free Pack/Built-In/Prefabs/SM_EggplantDish.prefab - Importer: ScriptedImporter/UnityEditor.QuickSearchModule:UnityEditor.Search:ASIAI0B
Importing 'GUID: 36a36dab243dec64a9f1349969bad9fd - Path: Assets/Free Pack/Built-In/Prefabs/SM_EggplantDish.prefab - Importer: ScriptedImporter/UnityEditor.QuickSearchModule:UnityEditor.Search:ASIAI0B' with importer (ScriptedImporter : UnityEditor.QuickSearchModule:UnityEditor.Search:ASIAI0B)
Imported 'GUID: 36a36dab243dec64a9f1349969bad9fd' -> (Import Result ID: '8ab8aa38d4f52cc5c9434c5581480bca') in 0.005 seconds [static and dynamic dependencies]. Details - ImportResultOutputID=d143acc8db7ea041154d596aced45006 DependenciesID=89fde5a04726adb69801eb55e8b984e5 StaticDependenciesID=3d1443dedcc21cbdf8bab2d5854cf883 
Number of updated asset objects reloaded before import = 0
Number of asset objects unloaded after import = 26
========================================================================
Received Import Request.
  Time of request: 2026-10-08T13:51:28.9507544Z
  Time since last request: 0.0001917 seconds.
  importAddress: GUID: 36c668b0fd3ee0a4f903282b71ca129f - Path: Assets/Free Pack/HDRP/Materials/M_Cereal_Bowl_HDRP.mat - Importer: ScriptedImporter/UnityEditor.QuickSearchModule:UnityEditor.Search:ASIAI0B
Importing 'GUID: 36c668b0fd3ee0a4f903282b71ca129f - Path: Assets/Free Pack/HDRP/Materials/M_Cereal_Bowl_HDRP.mat - Importer: ScriptedImporter/UnityEditor.QuickSearchModule:UnityEditor.Search:ASIAI0B' with importer (ScriptedImporter : UnityEditor.QuickSearchModule:UnityEditor.Search:ASIAI0B)
Imported 'GUID: 36c668b0fd3ee0a4f903282b71ca129f' -> (Import Result ID: 'f1be422cdce7c97ed2d747616fabb71c') in 0.004 seconds [static and dynamic dependencies]. Details - ImportResultOutputID=26613e9cfcdc602f0af8304444e954d0 DependenciesID=7c6a3da3552f35dcf000d6c6aa49a94d StaticDependenciesID=2adc7f8259eea9df7a995d5182ec146e 
Number of updated asset objects reloaded before import = 0
Number of asset objects unloaded after import = 1
========================================================================
Received Import Request.
  Time of request: 2026-10-08T13:51:28.9553454Z
  Time since last request: 0.00026 seconds.
  importAddress: GUID: 271c3baf5e675604f889145b17c26c6a - Path: Assets/Free Pack/Built-In/Materials/M_Trim_WoodenWall.mat - Importer: ScriptedImporter/UnityEditor.QuickSearchModule:UnityEditor.Search:ASIAI0B
Importing 'GUID: 271c3baf5e675604f889145b17c26c6a - Path: Assets/Free Pack/Built-In/Materials/M_Trim_WoodenWall.mat - Importer: ScriptedImporter/UnityEditor.QuickSearchModule:UnityEditor.Search:ASIAI0B' with importer (ScriptedImporter : UnityEditor.QuickSearchModule:UnityEditor.Search:ASIAI0B)
Imported 'GUID: 271c3baf5e675604f889145b17c26c6a' -> (Import Result ID: '538888ff8515b419c2022a5746fef3bf') in 0.003 seconds [static and dynamic dependencies]. Details - ImportResultOutputID=576199b988bd984224745a0cd30834d8 DependenciesID=71c98f7342aeec8edc2d0fc255161633 StaticDependenciesID=54bd5a4c37a962312437a32317bc81a4 
Number of updated asset objects reloaded before import = 0
Number of asset objects unloaded after import = 1
========================================================================
Received Import Request.
  Time of request: 2026-10-08T13:51:28.9591621Z
  Time since last request: 0.0002662 seconds.
  importAddress: GUID: ea29d563a4928f14dbc9188467dddb37 - Path: Assets/Free Pack/HDRP/Materials/M_EggplantDish_HDRP.mat - Importer: ScriptedImporter/UnityEditor.QuickSearchModule:UnityEditor.Search:ASIAI0B
Importing 'GUID: ea29d563a4928f14dbc9188467dddb37 - Path: Assets/Free Pack/HDRP/Materials/M_EggplantDish_HDRP.mat - Importer: ScriptedImporter/UnityEditor.QuickSearchModule:UnityEditor.Search:ASIAI0B' with importer (ScriptedImporter : UnityEditor.QuickSearchModule:UnityEditor.Search:ASIAI0B)
Imported 'GUID: ea29d563a4928f14dbc9188467dddb37' -> (Import Result ID: 'd3a5ebaf58dda175b7f1f5a3772f086c') in 0.004 seconds [static and dynamic dependencies]. Details - ImportResultOutputID=62ff631bdd0c5d7026b7442f1ff32d13 DependenciesID=6f1e53dbc8d1f0c474428b53a5e0b542 StaticDependenciesID=9bc35cdcb422671b25e39525ef2e1c64 
Number of updated asset objects reloaded before import = 0
Number of asset objects unloaded after import = 1
========================================================================
Received Import Request.
  Time of request: 2026-10-08T13:51:28.9634464Z
  Time since last request: 0.0002889 seconds.
  importAddress: GUID: 4295545f69b299c4cb9e942e7d0c1793 - Path: Assets/Free Pack/Built-In/Prefabs/SM_Mug_02.prefab - Importer: ScriptedImporter/UnityEditor.QuickSearchModule:UnityEditor.Search:ASIAI0B
Importing 'GUID: 4295545f69b299c4cb9e942e7d0c1793 - Path: Assets/Free Pack/Built-In/Prefabs/SM_Mug_02.prefab - Importer: ScriptedImporter/UnityEditor.QuickSearchModule:UnityEditor.Search:ASIAI0B' with importer (ScriptedImporter : UnityEditor.QuickSearchModule:UnityEditor.Search:ASIAI0B)
Imported 'GUID: 4295545f69b299c4cb9e942e7d0c1793' -> (Import Result ID: 'c410e2040daa73113a670b61f0eee938') in 0.004 seconds [static and dynamic dependencies]. Details - ImportResultOutputID=ee6742852bed42b2d0c162699d127757 DependenciesID=f6ae16c3e8dfa68fe2ebe9e42355c64d StaticDependenciesID=efcdb3a5f1499b2bc1e5fe5e5578b299 
Number of updated asset objects reloaded before import = 0
Number of asset objects unloaded after import = 26
========================================================================
Received Import Request.
  Time of request: 2026-10-08T13:51:28.9681963Z
  Time since last request: 0.0001913 seconds.
  importAddress: GUID: 086a2a1f70b87984386752630519ba6a - Path: Assets/Free Pack/Built-In/Prefabs/SM_Candle_stand_04.prefab - Importer: ScriptedImporter/UnityEditor.QuickSearchModule:UnityEditor.Search:ASIAI0B
Importing 'GUID: 086a2a1f70b87984386752630519ba6a - Path: Assets/Free Pack/Built-In/Prefabs/SM_Candle_stand_04.prefab - Importer: ScriptedImporter/UnityEditor.QuickSearchModule:UnityEditor.Search:ASIAI0B' with importer (ScriptedImporter : UnityEditor.QuickSearchModule:UnityEditor.Search:ASIAI0B)
Imported 'GUID: 086a2a1f70b87984386752630519ba6a' -> (Import Result ID: '532267305174b8003aec45030afc4327') in 0.005 seconds [static and dynamic dependencies]. Details - ImportResultOutputID=ecd502127b0e501370ae2a502defd2f9 DependenciesID=5236b9408e11806404b268b73e8e9134 StaticDependenciesID=4fcf5540fdb1c0e9162d99983b7798f1 
Number of updated asset objects reloaded before import = 0
Number of asset objects unloaded after import = 26
========================================================================
Received Import Request.
  Time of request: 2026-10-08T13:51:28.9738208Z
  Time since last request: 0.0002042 seconds.
  importAddress: GUID: 1c4c19bf4f88bf145982b412f4b1f22b - Path: Assets/Free Pack/Built-In/Prefabs/SM_Wall_02.prefab - Importer: ScriptedImporter/UnityEditor.QuickSearchModule:UnityEditor.Search:ASIAI0B
Importing 'GUID: 1c4c19bf4f88bf145982b412f4b1f22b - Path: Assets/Free Pack/Built-In/Prefabs/SM_Wall_02.prefab - Importer: ScriptedImporter/UnityEditor.QuickSearchModule:UnityEditor.Search:ASIAI0B' with importer (ScriptedImporter : UnityEditor.QuickSearchModule:UnityEditor.Search:ASIAI0B)
Imported 'GUID: 1c4c19bf4f88bf145982b412f4b1f22b' -> (Import Result ID: '53e490a4be66aec968cc7d3713910af3') in 0.006 seconds [static and dynamic dependencies]. Details - ImportResultOutputID=7ae3dacd9385fc1f52d12d73303c5e1d DependenciesID=991313a9959ee55e536f7e3e308a3d9c StaticDependenciesID=4b7cb13dd9705c2a513e624f32e4c441 
Number of updated asset objects reloaded before import = 0
Number of asset objects unloaded after import = 10
========================================================================
Received Import Request.
  Time of request: 2026-10-08T13:51:28.980532Z
  Time since last request: 0.0002185 seconds.
  importAddress: GUID: aa8f63c98d57c7745be275f15b90d7c3 - Path: Assets/Free Pack/Built-In/Prefabs/SM_Plate.prefab - Importer: ScriptedImporter/UnityEditor.QuickSearchModule:UnityEditor.Search:ASIAI0B
Importing 'GUID: aa8f63c98d57c7745be275f15b90d7c3 - Path: Assets/Free Pack/Built-In/Prefabs/SM_Plate.prefab - Importer: ScriptedImporter/UnityEditor.QuickSearchModule:UnityEditor.Search:ASIAI0B' with importer (ScriptedImporter : UnityEditor.QuickSearchModule:UnityEditor.Search:ASIAI0B)
Imported 'GUID: aa8f63c98d57c7745be275f15b90d7c3' -> (Import Result ID: '10f0e635f52b5e6f89c20c4aa284acd6') in 0.004 seconds [static and dynamic dependencies]. Details - ImportResultOutputID=5fcabe5a79d61ad07f49216511d138c5 DependenciesID=a7a2dc16322e3afbefec1242e05dc5be StaticDependenciesID=3cecf23d22e9c6337d0953c305264b2b 
Number of updated asset objects reloaded before import = 0
Number of asset objects unloaded after import = 26
========================================================================
Received Import Request.
  Time of request: 2026-10-08T13:51:28.9854481Z
  Time since last request: 0.0002614 seconds.
  importAddress: GUID: 6adfe408377b8f146a86e41e59718544 - Path: Assets/Free Pack/HDRP/Materials/M_Batch_Small_01_HDRP.mat - Importer: ScriptedImporter/UnityEditor.QuickSearchModule:UnityEditor.Search:ASIAI0B
Importing 'GUID: 6adfe408377b8f146a86e41e59718544 - Path: Assets/Free Pack/HDRP/Materials/M_Batch_Small_01_HDRP.mat - Importer: ScriptedImporter/UnityEditor.QuickSearchModule:UnityEditor.Search:ASIAI0B' with importer (ScriptedImporter : UnityEditor.QuickSearchModule:UnityEditor.Search:ASIAI0B)
Imported 'GUID: 6adfe408377b8f146a86e41e59718544' -> (Import Result ID: '81fcbb48f0c1813039d3e7bda0c8f75d') in 0.004 seconds [static and dynamic dependencies]. Details - ImportResultOutputID=4719c1fa35b09edab2caafadc819071f DependenciesID=ed87aeec2539e472993ee047c2828500 StaticDependenciesID=e0731d71e1861a5517021cd984f18435 
Number of updated asset objects reloaded before import = 0
Number of asset objects unloaded after import = 1
========================================================================
Received Import Request.
  Time of request: 2026-10-08T13:51:28.9896328Z
  Time since last request: 0.0002781 seconds.
  importAddress: GUID: 9d80136e17b8d8f40a5e4d370f516977 - Path: Assets/Free Pack/Built-In/Prefabs/SM_Bottle_32.prefab - Importer: ScriptedImporter/UnityEditor.QuickSearchModule:UnityEditor.Search:ASIAI0B
Importing 'GUID: 9d80136e17b8d8f40a5e4d370f516977 - Path: Assets/Free Pack/Built-In/Prefabs/SM_Bottle_32.prefab - Importer: ScriptedImporter/UnityEditor.QuickSearchModule:UnityEditor.Search:ASIAI0B' with importer (ScriptedImporter : UnityEditor.QuickSearchModule:UnityEditor.Search:ASIAI0B)
Imported 'GUID: 9d80136e17b8d8f40a5e4d370f516977' -> (Import Result ID: '0a46d622eea8440e432bc6a08adf64d3') in 0.004 seconds [static and dynamic dependencies]. Details - ImportResultOutputID=3d0bf4078a330d4450e53ddf3ca53bda DependenciesID=40a8becca49cd913a69bdc3e12447721 StaticDependenciesID=6091814252592d09716082db35d56ca2 
Number of updated asset objects reloaded before import = 0
Number of asset objects unloaded after import = 26
========================================================================
Received Import Request.
  Time of request: 2026-10-08T13:51:28.9942588Z
  Time since last request: 0.0002166 seconds.
  importAddress: GUID: c5db97ad2a05b71459015d2cf7deae37 - Path: Assets/Free Pack/Built-In/Materials/M_SM_Plate.mat - Importer: ScriptedImporter/UnityEditor.QuickSearchModule:UnityEditor.Search:ASIAI0B
Importing 'GUID: c5db97ad2a05b71459015d2cf7deae37 - Path: Assets/Free Pack/Built-In/Materials/M_SM_Plate.mat - Importer: ScriptedImporter/UnityEditor.QuickSearchModule:UnityEditor.Search:ASIAI0B' with importer (ScriptedImporter : UnityEditor.QuickSearchModule:UnityEditor.Search:ASIAI0B)
Imported 'GUID: c5db97ad2a05b71459015d2cf7deae37' -> (Import Result ID: 'cf3c2c901de731d4687f376bc17517d9') in 0.004 seconds [static and dynamic dependencies]. Details - ImportResultOutputID=0eb795746deceedd8bfcd59be7e4d44f DependenciesID=045a4327df915b313401ac8364b1abd1 StaticDependenciesID=ca53db73d617ad9fffbc6f4312820eb7 
Number of updated asset objects reloaded before import = 0
Number of asset objects unloaded after import = 1
========================================================================
Received Import Request.
  Time of request: 2026-10-08T13:51:28.9985007Z
  Time since last request: 0.0002858 seconds.
  importAddress: GUID: afb4efc7fd296f84d88111a4d88d217b - Path: Assets/Free Pack/Built-In/Prefabs/SM_Packet_16.prefab - Importer: ScriptedImporter/UnityEditor.QuickSearchModule:UnityEditor.Search:ASIAI0B
Importing 'GUID: afb4efc7fd296f84d88111a4d88d217b - Path: Assets/Free Pack/Built-In/Prefabs/SM_Packet_16.prefab - Importer: ScriptedImporter/UnityEditor.QuickSearchModule:UnityEditor.Search:ASIAI0B' with importer (ScriptedImporter : UnityEditor.QuickSearchModule:UnityEditor.Search:ASIAI0B)
Imported 'GUID: afb4efc7fd296f84d88111a4d88d217b' -> (Import Result ID: '1e658808806216219f85357c83f277f7') in 0.004 seconds [static and dynamic dependencies]. Details - ImportResultOutputID=e2721f0b2537375e3d3ce61658dc6405 DependenciesID=990f51041556f313504ec46885b7bab5 StaticDependenciesID=ad43426d8ce9b8f5e67d400bcae51b1f 
Number of updated asset objects reloaded before import = 0
Number of asset objects unloaded after import = 26
========================================================================
Received Import Request.
  Time of request: 2026-10-08T13:51:29.0030449Z
  Time since last request: 0.000199 seconds.
  importAddress: GUID: 5ed6e70c9030f114489b4adf645862af - Path: Assets/Free Pack/Built-In/Prefabs/SM_Bottle_22.prefab - Importer: ScriptedImporter/UnityEditor.QuickSearchModule:UnityEditor.Search:ASIAI0B
Importing 'GUID: 5ed6e70c9030f114489b4adf645862af - Path: Assets/Free Pack/Built-In/Prefabs/SM_Bottle_22.prefab - Importer: ScriptedImporter/UnityEditor.QuickSearchModule:UnityEditor.Search:ASIAI0B' with importer (ScriptedImporter : UnityEditor.QuickSearchModule:UnityEditor.Search:ASIAI0B)
Imported 'GUID: 5ed6e70c9030f114489b4adf645862af' -> (Import Result ID: '8beecfac3b1e8270994feb7289613b24') in 0.004 seconds [static and dynamic dependencies]. Details - ImportResultOutputID=4de5340fefb7f4168c3c8740b008331f DependenciesID=d3c6d0581ac8dbd11c127a44cd5b9ea1 StaticDependenciesID=5a611b24201779cdeef7f76aeebe5230 
Number of updated asset objects reloaded before import = 0
Number of asset objects unloaded after import = 26
========================================================================
Received Import Request.
  Time of request: 2026-10-08T13:51:29.0076465Z
  Time since last request: 0.0002151 seconds.
  importAddress: GUID: b6856cd0dafb19e4589b9c3becf722a3 - Path: Assets/Free Pack/HDRP/Materials/M_CerealBox_HDRP.mat - Importer: ScriptedImporter/UnityEditor.QuickSearchModule:UnityEditor.Search:ASIAI0B
Importing 'GUID: b6856cd0dafb19e4589b9c3becf722a3 - Path: Assets/Free Pack/HDRP/Materials/M_CerealBox_HDRP.mat - Importer: ScriptedImporter/UnityEditor.QuickSearchModule:UnityEditor.Search:ASIAI0B' with importer (ScriptedImporter : UnityEditor.QuickSearchModule:UnityEditor.Search:ASIAI0B)
Imported 'GUID: b6856cd0dafb19e4589b9c3becf722a3' -> (Import Result ID: '898d704a4778fa4abbe05d6de206672c') in 0.004 seconds [static and dynamic dependencies]. Details - ImportResultOutputID=8e87e182cfbeddb77b0667516e9f4f16 DependenciesID=a3a62de554395eff3e09bfed3b850119 StaticDependenciesID=6fc3ce8afbb25142ec352f6e26158c9b 
Number of updated asset objects reloaded before import = 0
Number of asset objects unloaded after import = 1
========================================================================
Received Import Request.
  Time of request: 2026-10-08T13:51:29.0120029Z
  Time since last request: 0.0002641 seconds.
  importAddress: GUID: c825b036960e9b640b8bb98599063e63 - Path: Assets/Free Pack/HDRP/Materials/M_Carpet_01_HDRP.mat - Importer: ScriptedImporter/UnityEditor.QuickSearchModule:UnityEditor.Search:ASIAI0B
Importing 'GUID: c825b036960e9b640b8bb98599063e63 - Path: Assets/Free Pack/HDRP/Materials/M_Carpet_01_HDRP.mat - Importer: ScriptedImporter/UnityEditor.QuickSearchModule:UnityEditor.Search:ASIAI0B' with importer (ScriptedImporter : UnityEditor.QuickSearchModule:UnityEditor.Search:ASIAI0B)
Imported 'GUID: c825b036960e9b640b8bb98599063e63' -> (Import Result ID: '5811013438add8d31104219c25e05605') in 0.105 seconds [static and dynamic dependencies]. Details - ImportResultOutputID=24db24e49bb4d5df15e61d130f2dd849 DependenciesID=6a7a5142bda40b1f57bc8c3de840ab10 StaticDependenciesID=2b6dc168a5dbb6823c8a021513b07726 
Number of updated asset objects reloaded before import = 0
Number of asset objects unloaded after import = 1
========================================================================
Received Import Request.
  Time of request: 2026-10-08T13:51:29.1174927Z
  Time since last request: 0.0002832 seconds.
  importAddress: GUID: 795f55bd6016d0d4e8beb1d4fe4877a3 - Path: Assets/Free Pack/HDRP/Materials/M_Demo_Batch_01_HDRP.mat - Importer: ScriptedImporter/UnityEditor.QuickSearchModule:UnityEditor.Search:ASIAI0B
Importing 'GUID: 795f55bd6016d0d4e8beb1d4fe4877a3 - Path: Assets/Free Pack/HDRP/Materials/M_Demo_Batch_01_HDRP.mat - Importer: ScriptedImporter/UnityEditor.QuickSearchModule:UnityEditor.Search:ASIAI0B' with importer (ScriptedImporter : UnityEditor.QuickSearchModule:UnityEditor.Search:ASIAI0B)
Imported 'GUID: 795f55bd6016d0d4e8beb1d4fe4877a3' -> (Import Result ID: '79b53f69e2174b18c41500f20f4c93ec') in 0.004 seconds [static and dynamic dependencies]. Details - ImportResultOutputID=3588e88e0cd1d419da63ca6607aec8e5 DependenciesID=6946aa7ac29d7a2add7bd865bb840502 StaticDependenciesID=65680712d42d87046a06d07bced2d075 
Number of updated asset objects reloaded before import = 0
Number of asset objects unloaded after import = 1
========================================================================
Received Import Request.
  Time of request: 2026-10-08T13:51:29.1216451Z
  Time since last request: 0.0002641 seconds.
  importAddress: GUID: f79b211b2fe1ea44bab26a5929c6b8f9 - Path: Assets/Free Pack/Built-In/Prefabs/SM_HH_Bowl_01.prefab - Importer: ScriptedImporter/UnityEditor.QuickSearchModule:UnityEditor.Search:ASIAI0B
Importing 'GUID: f79b211b2fe1ea44bab26a5929c6b8f9 - Path: Assets/Free Pack/Built-In/Prefabs/SM_HH_Bowl_01.prefab - Importer: ScriptedImporter/UnityEditor.QuickSearchModule:UnityEditor.Search:ASIAI0B' with importer (ScriptedImporter : UnityEditor.QuickSearchModule:UnityEditor.Search:ASIAI0B)
Imported 'GUID: f79b211b2fe1ea44bab26a5929c6b8f9' -> (Import Result ID: '8022f0812dcd1d620077ee5a3c0a6c9b') in 0.004 seconds [static and dynamic dependencies]. Details - ImportResultOutputID=d0ce82a7f879356b5c43e1a317b88bb4 DependenciesID=fa0d0296e3e3b91f3ebb3d05b535ce89 StaticDependenciesID=d6aa55959945c979ee11bc6e49577fd0 
Number of updated asset objects reloaded before import = 0
Number of asset objects unloaded after import = 23
========================================================================
Received Import Request.
  Time of request: 2026-10-08T13:51:29.1259251Z
  Time since last request: 0.0002256 seconds.
  importAddress: GUID: a31bc76a174afc14cb4cccadbc866c7c - Path: Assets/Free Pack/Built-In/Prefabs/SM_Marble_Top_Dining_Table.prefab - Importer: ScriptedImporter/UnityEditor.QuickSearchModule:UnityEditor.Search:ASIAI0B
Importing 'GUID: a31bc76a174afc14cb4cccadbc866c7c - Path: Assets/Free Pack/Built-In/Prefabs/SM_Marble_Top_Dining_Table.prefab - Importer: ScriptedImporter/UnityEditor.QuickSearchModule:UnityEditor.Search:ASIAI0B' with importer (ScriptedImporter : UnityEditor.QuickSearchModule:UnityEditor.Search:ASIAI0B)
Imported 'GUID: a31bc76a174afc14cb4cccadbc866c7c' -> (Import Result ID: '4179f2edfd1b4394eecea4d0a7f59967') in 0.004 seconds [static and dynamic dependencies]. Details - ImportResultOutputID=6e1ece85c34190cbd09f815e55f94db4 DependenciesID=6f9eda960012c8a9510fe2ba77c23b9c StaticDependenciesID=29e0ca52691d55ab62aa49d34a850ec5 
Number of updated asset objects reloaded before import = 0
Number of asset objects unloaded after import = 26
========================================================================
Received Import Request.
  Time of request: 2026-10-08T13:51:29.1304811Z
  Time since last request: 0.0002023 seconds.
  importAddress: GUID: 7efbada4ba3a83241924163202d28803 - Path: Assets/Free Pack/Built-In/Prefabs/SM_Chickenfull.prefab - Importer: ScriptedImporter/UnityEditor.QuickSearchModule:UnityEditor.Search:ASIAI0B
Importing 'GUID: 7efbada4ba3a83241924163202d28803 - Path: Assets/Free Pack/Built-In/Prefabs/SM_Chickenfull.prefab - Importer: ScriptedImporter/UnityEditor.QuickSearchModule:UnityEditor.Search:ASIAI0B' with importer (ScriptedImporter : UnityEditor.QuickSearchModule:UnityEditor.Search:ASIAI0B)
Imported 'GUID: 7efbada4ba3a83241924163202d28803' -> (Import Result ID: '1b724e9e95fafa5ea7f2f94387341d6a') in 0.005 seconds [static and dynamic dependencies]. Details - ImportResultOutputID=2675ca18f12eb400e18a8957aaac87c8 DependenciesID=e0d2ab3be505bfa8f19a6db2e51b2298 StaticDependenciesID=873842e0c75f435c21ea1aa50525a3c6 
Number of updated asset objects reloaded before import = 0
Number of asset objects unloaded after import = 26
========================================================================
Received Import Request.
  Time of request: 2026-10-08T13:51:29.1355708Z
  Time since last request: 0.0000903 seconds.
  importAddress: GUID: 32ae1c6b6ea3e1340b7186bfad4230f8 - Path: Assets/Free Pack/Built-In/Prefabs/SM_Banana.prefab - Importer: ScriptedImporter/UnityEditor.QuickSearchModule:UnityEditor.Search:ASIAI0B
Importing 'GUID: 32ae1c6b6ea3e1340b7186bfad4230f8 - Path: Assets/Free Pack/Built-In/Prefabs/SM_Banana.prefab - Importer: ScriptedImporter/UnityEditor.QuickSearchModule:UnityEditor.Search:ASIAI0B' with importer (ScriptedImporter : UnityEditor.QuickSearchModule:UnityEditor.Search:ASIAI0B)
Imported 'GUID: 32ae1c6b6ea3e1340b7186bfad4230f8' -> (Import Result ID: 'f27c6ff5ac2e612c016772819cffcb78') in 0.004 seconds [static and dynamic dependencies]. Details - ImportResultOutputID=dde6109e682d5308e6d632a736b71ec3 DependenciesID=c1981a31674fd69eb752c9221963fda4 StaticDependenciesID=47b04520859ae4a47d148ff84ba444e2 
Number of updated asset objects reloaded before import = 0
Number of asset objects unloaded after import = 26
========================================================================
Received Import Request.
  Time of request: 2026-10-08T13:51:29.1402345Z
  Time since last request: 0.000208 seconds.
  importAddress: GUID: 31e852c6c7032744b88943a0b390fd7b - Path: Assets/Free Pack/Built-In/Prefabs/SM_CodFishDish.prefab - Importer: ScriptedImporter/UnityEditor.QuickSearchModule:UnityEditor.Search:ASIAI0B
Importing 'GUID: 31e852c6c7032744b88943a0b390fd7b - Path: Assets/Free Pack/Built-In/Prefabs/SM_CodFishDish.prefab - Importer: ScriptedImporter/UnityEditor.QuickSearchModule:UnityEditor.Search:ASIAI0B' with importer (ScriptedImporter : UnityEditor.QuickSearchModule:UnityEditor.Search:ASIAI0B)
Imported 'GUID: 31e852c6c7032744b88943a0b390fd7b' -> (Import Result ID: '7e727ed6466cdfe9d0f8fad6b267c947') in 0.005 seconds [static and dynamic dependencies]. Details - ImportResultOutputID=3677a20cfe89f1530492ebe1e5e681eb DependenciesID=944313ac7fd1282f6985fc2f44473c6e StaticDependenciesID=5830384bc65066012c8503dcf6e9bf4c 
Number of updated asset objects reloaded before import = 0
Number of asset objects unloaded after import = 26
========================================================================
Received Import Request.
  Time of request: 2026-10-08T13:51:29.1457729Z
  Time since last request: 0.0001984 seconds.
  importAddress: GUID: 53b15322bd73daf42ae229aa1ddc7edd - Path: Assets/Free Pack/HDRP/Materials/M_HH_Basket_04_HDRP.mat - Importer: ScriptedImporter/UnityEditor.QuickSearchModule:UnityEditor.Search:ASIAI0B
Importing 'GUID: 53b15322bd73daf42ae229aa1ddc7edd - Path: Assets/Free Pack/HDRP/Materials/M_HH_Basket_04_HDRP.mat - Importer: ScriptedImporter/UnityEditor.QuickSearchModule:UnityEditor.Search:ASIAI0B' with importer (ScriptedImporter : UnityEditor.QuickSearchModule:UnityEditor.Search:ASIAI0B)
Imported 'GUID: 53b15322bd73daf42ae229aa1ddc7edd' -> (Import Result ID: '86496a9cd9b2431e1aab2b3b77764a5a') in 0.004 seconds [static and dynamic dependencies]. Details - ImportResultOutputID=a26181f35c9d7a08324138861c43300e DependenciesID=daee587ae22fb61bac315575390a4237 StaticDependenciesID=d1a85499ed632071af91d847f714302d 
Number of updated asset objects reloaded before import = 0
Number of asset objects unloaded after import = 1
========================================================================
Received Import Request.
  Time of request: 2026-10-08T13:51:29.1499502Z
  Time since last request: 0.000266 seconds.
  importAddress: GUID: 172ba3cb56ad6a348b721217d76768fd - Path: Assets/Free Pack/Built-In/Prefabs/SM_Cereal_Bowl.prefab - Importer: ScriptedImporter/UnityEditor.QuickSearchModule:UnityEditor.Search:ASIAI0B
Importing 'GUID: 172ba3cb56ad6a348b721217d76768fd - Path: Assets/Free Pack/Built-In/Prefabs/SM_Cereal_Bowl.prefab - Importer: ScriptedImporter/UnityEditor.QuickSearchModule:UnityEditor.Search:ASIAI0B' with importer (ScriptedImporter : UnityEditor.QuickSearchModule:UnityEditor.Search:ASIAI0B)
Imported 'GUID: 172ba3cb56ad6a348b721217d76768fd' -> (Import Result ID: '965553a0f980cfbb758c5c96daefa908') in 0.006 seconds [static and dynamic dependencies]. Details - ImportResultOutputID=0f669f9191d5aca7c6178cd2d745ba97 DependenciesID=2c1f90ddf63b86b5c80c7209d6a1b659 StaticDependenciesID=10a869d8c26523c27ad460d245787949 
Number of updated asset objects reloaded before import = 0
Number of asset objects unloaded after import = 26
========================================================================
Received Import Request.
  Time of request: 2026-10-08T13:51:29.1559774Z
  Time since last request: 0.0001927 seconds.
  importAddress: GUID: 1194081ff38504740807985378ead78f - Path: Assets/Free Pack/HDRP/Materials/M_Grapes_02_HDRP.mat - Importer: ScriptedImporter/UnityEditor.QuickSearchModule:UnityEditor.Search:ASIAI0B
Importing 'GUID: 1194081ff38504740807985378ead78f - Path: Assets/Free Pack/HDRP/Materials/M_Grapes_02_HDRP.mat - Importer: ScriptedImporter/UnityEditor.QuickSearchModule:UnityEditor.Search:ASIAI0B' with importer (ScriptedImporter : UnityEditor.QuickSearchModule:UnityEditor.Search:ASIAI0B)
Imported 'GUID: 1194081ff38504740807985378ead78f' -> (Import Result ID: 'c67fdb38743125e25dff3f7f6fbcd9e2') in 0.004 seconds [static and dynamic dependencies]. Details - ImportResultOutputID=ab04513defc2436ff54b5b780f4e2f6a DependenciesID=5c2ec592e17b9915cedfeb8bbf934e71 StaticDependenciesID=4b755c7fdfe4575dbe16aa744e510e6b 
Number of updated asset objects reloaded before import = 0
Number of asset objects unloaded after import = 1
========================================================================
Received Import Request.
  Time of request: 2026-10-08T13:51:29.1607666Z
  Time since last request: 0.0002545 seconds.
  importAddress: GUID: 3b97222adbf21d9499e3a10f37861c71 - Path: Assets/Free Pack/HDRP/Materials/M_Candle_stand_04_HDRP.mat - Importer: ScriptedImporter/UnityEditor.QuickSearchModule:UnityEditor.Search:ASIAI0B
Importing 'GUID: 3b97222adbf21d9499e3a10f37861c71 - Path: Assets/Free Pack/HDRP/Materials/M_Candle_stand_04_HDRP.mat - Importer: ScriptedImporter/UnityEditor.QuickSearchModule:UnityEditor.Search:ASIAI0B' with importer (ScriptedImporter : UnityEditor.QuickSearchModule:UnityEditor.Search:ASIAI0B)
Imported 'GUID: 3b97222adbf21d9499e3a10f37861c71' -> (Import Result ID: 'a9d8ca31a8d8657582ebb3f10fa1be34') in 0.004 seconds [static and dynamic dependencies]. Details - ImportResultOutputID=9f05a66f3c9623fcc153a9e52e2e7614 DependenciesID=35188e553c37a45bd7c096204cde0c92 StaticDependenciesID=37cdaea61a5021f0c7d62eaf2270945d 
Number of updated asset objects reloaded before import = 0
Number of asset objects unloaded after import = 1
========================================================================
Received Import Request.
  Time of request: 2026-10-08T13:51:29.1648271Z
  Time since last request: 0.0002572 seconds.
  importAddress: GUID: 3644f2e131059424faf6314be716a8e0 - Path: Assets/Free Pack/HDRP/Materials/M_Mug_02_HDRP.mat - Importer: ScriptedImporter/UnityEditor.QuickSearchModule:UnityEditor.Search:ASIAI0B
Importing 'GUID: 3644f2e131059424faf6314be716a8e0 - Path: Assets/Free Pack/HDRP/Materials/M_Mug_02_HDRP.mat - Importer: ScriptedImporter/UnityEditor.QuickSearchModule:UnityEditor.Search:ASIAI0B' with importer (ScriptedImporter : UnityEditor.QuickSearchModule:UnityEditor.Search:ASIAI0B)
Imported 'GUID: 3644f2e131059424faf6314be716a8e0' -> (Import Result ID: 'd4c165662be90496cfa7061a7f9e213b') in 0.004 seconds [static and dynamic dependencies]. Details - ImportResultOutputID=92d9b67a639f0ea7aee3a3396efef70d DependenciesID=33ff62cd45b3402bfc7f2a2825322a5b StaticDependenciesID=a32f7a66ecf1ff74eb2b3954ede81e14 
Number of updated asset objects reloaded before import = 0
Number of asset objects unloaded after import = 1
========================================================================
Received Import Request.
  Time of request: 2026-10-08T13:51:29.1691598Z
  Time since last request: 0.0003645 seconds.
  importAddress: GUID: 64c665c8108bce044a9b62536e1cab6d - Path: Assets/Free Pack/Built-In/Prefabs/SM_Candle_stand_05.prefab - Importer: ScriptedImporter/UnityEditor.QuickSearchModule:UnityEditor.Search:ASIAI0B
Importing 'GUID: 64c665c8108bce044a9b62536e1cab6d - Path: Assets/Free Pack/Built-In/Prefabs/SM_Candle_stand_05.prefab - Importer: ScriptedImporter/UnityEditor.QuickSearchModule:UnityEditor.Search:ASIAI0B' with importer (ScriptedImporter : UnityEditor.QuickSearchModule:UnityEditor.Search:ASIAI0B)
Imported 'GUID: 64c665c8108bce044a9b62536e1cab6d' -> (Import Result ID: '00463fd0c793e3cc14d3d24eabe147ab') in 0.005 seconds [static and dynamic dependencies]. Details - ImportResultOutputID=ed8662fbf6bc9d925d41de90b94bf6dd DependenciesID=b3e3f24ea295a606eabc9ea69f547c7c StaticDependenciesID=05199c44fa089efcefa196b1b036ca07 
Number of updated asset objects reloaded before import = 0
Number of asset objects unloaded after import = 26
========================================================================
Received Import Request.
  Time of request: 2026-10-08T13:51:29.174873Z
  Time since last request: 0.0001912 seconds.
  importAddress: GUID: cff1c1b823cf63c43a30bfc1597ea7d9 - Path: Assets/Free Pack/HDRP/Materials/M_Candle_stand_05_HDRP.mat - Importer: ScriptedImporter/UnityEditor.QuickSearchModule:UnityEditor.Search:ASIAI0B
Importing 'GUID: cff1c1b823cf63c43a30bfc1597ea7d9 - Path: Assets/Free Pack/HDRP/Materials/M_Candle_stand_05_HDRP.mat - Importer: ScriptedImporter/UnityEditor.QuickSearchModule:UnityEditor.Search:ASIAI0B' with importer (ScriptedImporter : UnityEditor.QuickSearchModule:UnityEditor.Search:ASIAI0B)
Imported 'GUID: cff1c1b823cf63c43a30bfc1597ea7d9' -> (Import Result ID: '30191fcc55b303dd55a5c60493f38df0') in 0.004 seconds [static and dynamic dependencies]. Details - ImportResultOutputID=1e644fe80b9934fa433224241d173685 DependenciesID=94de39d56c13b004341b1f13e8e48c9d StaticDependenciesID=c775dd66eb7b9d9317aa3da8aeb838fd 
Number of updated asset objects reloaded before import = 0
Number of asset objects unloaded after import = 1
========================================================================
Received Import Request.
  Time of request: 2026-10-08T13:51:29.178949Z
  Time since last request: 0.0002439 seconds.
  importAddress: GUID: 3cca53778fd56914d9baf85c80009fd0 - Path: Assets/Free Pack/Built-In/Prefabs/SM_Cabinet_Doors_01.prefab - Importer: ScriptedImporter/UnityEditor.QuickSearchModule:UnityEditor.Search:ASIAI0B
Importing 'GUID: 3cca53778fd56914d9baf85c80009fd0 - Path: Assets/Free Pack/Built-In/Prefabs/SM_Cabinet_Doors_01.prefab - Importer: ScriptedImporter/UnityEditor.QuickSearchModule:UnityEditor.Search:ASIAI0B' with importer (ScriptedImporter : UnityEditor.QuickSearchModule:UnityEditor.Search:ASIAI0B)
Imported 'GUID: 3cca53778fd56914d9baf85c80009fd0' -> (Import Result ID: 'e5fdea27aaa919ee93920c1f737ec395') in 0.004 seconds [static and dynamic dependencies]. Details - ImportResultOutputID=146f10c6b40d31fc67014458674830fe DependenciesID=5717d2c13e6a1688c4e6559e67dfaad4 StaticDependenciesID=6079e5688805f08ce90f28977bc8110c 
Number of updated asset objects reloaded before import = 0
Number of asset objects unloaded after import = 26
========================================================================
Received Import Request.
  Time of request: 2026-10-08T13:51:29.1836537Z
  Time since last request: 0.0001637 seconds.
  importAddress: GUID: e731e5803a60ac446af7940fc0904da9 - Path: Assets/Free Pack/Built-In/Prefabs/SM_Microwave_Oven.prefab - Importer: ScriptedImporter/UnityEditor.QuickSearchModule:UnityEditor.Search:ASIAI0B
Importing 'GUID: e731e5803a60ac446af7940fc0904da9 - Path: Assets/Free Pack/Built-In/Prefabs/SM_Microwave_Oven.prefab - Importer: ScriptedImporter/UnityEditor.QuickSearchModule:UnityEditor.Search:ASIAI0B' with importer (ScriptedImporter : UnityEditor.QuickSearchModule:UnityEditor.Search:ASIAI0B)
Imported 'GUID: e731e5803a60ac446af7940fc0904da9' -> (Import Result ID: '0e76648e08ce61356d959ccb78131411') in 0.004 seconds [static and dynamic dependencies]. Details - ImportResultOutputID=0f927df34eeb60d5a0c05cee4881e26f DependenciesID=f86a449bf1e436fe62599b051ef5127b StaticDependenciesID=ad43d5961a2c13863ffbb5476b9ec286 
Number of updated asset objects reloaded before import = 0
Number of asset objects unloaded after import = 26
========================================================================
Received Import Request.
  Time of request: 2026-10-08T13:51:29.1884291Z
  Time since last request: 0.0002065 seconds.
  importAddress: GUID: 84f2de4beb6e9db4bb4a358bead0f318 - Path: Assets/Free Pack/Built-In/Prefabs/SM_Chair_V2.prefab - Importer: ScriptedImporter/UnityEditor.QuickSearchModule:UnityEditor.Search:ASIAI0B
Importing 'GUID: 84f2de4beb6e9db4bb4a358bead0f318 - Path: Assets/Free Pack/Built-In/Prefabs/SM_Chair_V2.prefab - Importer: ScriptedImporter/UnityEditor.QuickSearchModule:UnityEditor.Search:ASIAI0B' with importer (ScriptedImporter : UnityEditor.QuickSearchModule:UnityEditor.Search:ASIAI0B)
Imported 'GUID: 84f2de4beb6e9db4bb4a358bead0f318' -> (Import Result ID: 'ba207e485f71f7c4a7ee5d5fc479df81') in 0.004 seconds [static and dynamic dependencies]. Details - ImportResultOutputID=3d2274307265efe052e8b90086e3b812 DependenciesID=34c67f3d274325a0cc836bfc0b8466b3 StaticDependenciesID=4f18785087ecefd809d08b5de9b62ed1 
Number of updated asset objects reloaded before import = 0
Number of asset objects unloaded after import = 26
========================================================================
Received Import Request.
  Time of request: 2026-10-08T13:51:29.1933065Z
  Time since last request: 0.0002082 seconds.
  importAddress: GUID: 3a50b97164ce88f40a0840891932d1c7 - Path: Assets/Free Pack/HDRP/Materials/M_FC_RK_Batch_02_HDRP.mat - Importer: ScriptedImporter/UnityEditor.QuickSearchModule:UnityEditor.Search:ASIAI0B
Importing 'GUID: 3a50b97164ce88f40a0840891932d1c7 - Path: Assets/Free Pack/HDRP/Materials/M_FC_RK_Batch_02_HDRP.mat - Importer: ScriptedImporter/UnityEditor.QuickSearchModule:UnityEditor.Search:ASIAI0B' with importer (ScriptedImporter : UnityEditor.QuickSearchModule:UnityEditor.Search:ASIAI0B)
Imported 'GUID: 3a50b97164ce88f40a0840891932d1c7' -> (Import Result ID: 'e1b65b3e583864c1de745a23ff7616c7') in 0.005 seconds [static and dynamic dependencies]. Details - ImportResultOutputID=2e65d61a9d318c87def08ad7e04a538c DependenciesID=88167bd74a3ec0e7d54c342edab8b993 StaticDependenciesID=f4e82f800106ad593843003cfaee2756 
Number of updated asset objects reloaded before import = 0
Number of asset objects unloaded after import = 1
========================================================================
Received Import Request.
  Time of request: 2026-10-08T13:51:29.198494Z
  Time since last request: 0.000257 seconds.
  importAddress: GUID: a850de88239309c4bbb8ca6d473951ab - Path: Assets/Free Pack/Built-In/Prefabs/SM_Cereal_box.prefab - Importer: ScriptedImporter/UnityEditor.QuickSearchModule:UnityEditor.Search:ASIAI0B
Importing 'GUID: a850de88239309c4bbb8ca6d473951ab - Path: Assets/Free Pack/Built-In/Prefabs/SM_Cereal_box.prefab - Importer: ScriptedImporter/UnityEditor.QuickSearchModule:UnityEditor.Search:ASIAI0B' with importer (ScriptedImporter : UnityEditor.QuickSearchModule:UnityEditor.Search:ASIAI0B)
Imported 'GUID: a850de88239309c4bbb8ca6d473951ab' -> (Import Result ID: 'b92a6965bb01f42221d7ac03b6b6bf86') in 0.004 seconds [static and dynamic dependencies]. Details - ImportResultOutputID=7516d48780b0971a8a667eff605a352c DependenciesID=86211ad4b35a4f50dc072c905f2f5c5c StaticDependenciesID=c5ca589b6f9b605046016bf4e549e0e4 
Number of updated asset objects reloaded before import = 0
Number of asset objects unloaded after import = 26
========================================================================
Received Import Request.
  Time of request: 2026-10-08T13:51:29.2031547Z
  Time since last request: 0.000216 seconds.
  importAddress: GUID: df2e19664b7f08944810243b5ada1521 - Path: Assets/Free Pack/Built-In/Prefabs/SM_Spoon_02.prefab - Importer: ScriptedImporter/UnityEditor.QuickSearchModule:UnityEditor.Search:ASIAI0B
Importing 'GUID: df2e19664b7f08944810243b5ada1521 - Path: Assets/Free Pack/Built-In/Prefabs/SM_Spoon_02.prefab - Importer: ScriptedImporter/UnityEditor.QuickSearchModule:UnityEditor.Search:ASIAI0B' with importer (ScriptedImporter : UnityEditor.QuickSearchModule:UnityEditor.Search:ASIAI0B)
Imported 'GUID: df2e19664b7f08944810243b5ada1521' -> (Import Result ID: '09ee4f2d961920dc56fcb50d9f41f99a') in 0.004 seconds [static and dynamic dependencies]. Details - ImportResultOutputID=92fd3b8d41e7f4772f4a0162cca7a8ff DependenciesID=8f574fcf7e7d6ffbdcf988b1df108689 StaticDependenciesID=a0383ac43f5729a27faeb8598f15231a 
Number of updated asset objects reloaded before import = 0
Number of asset objects unloaded after import = 26
========================================================================
Received Import Request.
  Time of request: 2026-10-08T13:51:29.2075793Z
  Time since last request: 0.0002002 seconds.
  importAddress: GUID: 7028b362d7e9c0d4a9775aa5a44fca3a - Path: Assets/Free Pack/Built-In/Prefabs/SM_Wall_04.prefab - Importer: ScriptedImporter/UnityEditor.QuickSearchModule:UnityEditor.Search:ASIAI0B
Importing 'GUID: 7028b362d7e9c0d4a9775aa5a44fca3a - Path: Assets/Free Pack/Built-In/Prefabs/SM_Wall_04.prefab - Importer: ScriptedImporter/UnityEditor.QuickSearchModule:UnityEditor.Search:ASIAI0B' with importer (ScriptedImporter : UnityEditor.QuickSearchModule:UnityEditor.Search:ASIAI0B)
Imported 'GUID: 7028b362d7e9c0d4a9775aa5a44fca3a' -> (Import Result ID: 'de97fe058439785a8db2e747a69fc36a') in 0.005 seconds [static and dynamic dependencies]. Details - ImportResultOutputID=bb1008a0e5e1674b517f379dbc3a08f8 DependenciesID=e454ab39d73f701f0c91242289dbd59d StaticDependenciesID=76ade0acf982acdc55e31f55b3d5cc77 
Number of updated asset objects reloaded before import = 0
Number of asset objects unloaded after import = 9
========================================================================
Received Import Request.
  Time of request: 2026-10-08T13:51:29.2131972Z
  Time since last request: 0.0001898 seconds.
  importAddress: GUID: afb60eca1ff89424ea376c66e9d45f97 - Path: Assets/Free Pack/Built-In/Prefabs/SM_CS_Chair_01.prefab - Importer: ScriptedImporter/UnityEditor.QuickSearchModule:UnityEditor.Search:ASIAI0B
Importing 'GUID: afb60eca1ff89424ea376c66e9d45f97 - Path: Assets/Free Pack/Built-In/Prefabs/SM_CS_Chair_01.prefab - Importer: ScriptedImporter/UnityEditor.QuickSearchModule:UnityEditor.Search:ASIAI0B' with importer (ScriptedImporter : UnityEditor.QuickSearchModule:UnityEditor.Search:ASIAI0B)
Imported 'GUID: afb60eca1ff89424ea376c66e9d45f97' -> (Import Result ID: '33118494bdaea4495fea87730f78de2c') in 0.004 seconds [static and dynamic dependencies]. Details - ImportResultOutputID=863527135db4d70bf0be2e60ff8e086c DependenciesID=471c9e9a62d975d2da6a3c6a5a80b065 StaticDependenciesID=255ed133c24c338f6a385be8ebdd2e70 
Number of updated asset objects reloaded before import = 0
Number of asset objects unloaded after import = 26
========================================================================
Received Import Request.
  Time of request: 2026-10-08T13:51:29.2177618Z
  Time since last request: 0.0001885 seconds.
  importAddress: GUID: a27612287e172514690d62a8eca6be17 - Path: Assets/Free Pack/Built-In/Prefabs/SM_Spoon_04.prefab - Importer: ScriptedImporter/UnityEditor.QuickSearchModule:UnityEditor.Search:ASIAI0B
Importing 'GUID: a27612287e172514690d62a8eca6be17 - Path: Assets/Free Pack/Built-In/Prefabs/SM_Spoon_04.prefab - Importer: ScriptedImporter/UnityEditor.QuickSearchModule:UnityEditor.Search:ASIAI0B' with importer (ScriptedImporter : UnityEditor.QuickSearchModule:UnityEditor.Search:ASIAI0B)
Imported 'GUID: a27612287e172514690d62a8eca6be17' -> (Import Result ID: '03567d375917cacb7c6493d6bc7bb162') in 0.004 seconds [static and dynamic dependencies]. Details - ImportResultOutputID=a4d16a9a0ed4000f44716eb81fe4444f DependenciesID=44b3b190a436110ac08d69ec47218607 StaticDependenciesID=67ef0d06cc63383f53a8b1cf7cb4e8b4 
Number of updated asset objects reloaded before import = 0
Number of asset objects unloaded after import = 26
========================================================================
Received Import Request.
  Time of request: 2026-10-08T13:51:29.2222628Z
  Time since last request: 0.0002083 seconds.
  importAddress: GUID: 449c56fab7747d04c979c325ac03d5e0 - Path: Assets/Free Pack/Built-In/Prefabs/SM_Table_V8.prefab - Importer: ScriptedImporter/UnityEditor.QuickSearchModule:UnityEditor.Search:ASIAI0B
Importing 'GUID: 449c56fab7747d04c979c325ac03d5e0 - Path: Assets/Free Pack/Built-In/Prefabs/SM_Table_V8.prefab - Importer: ScriptedImporter/UnityEditor.QuickSearchModule:UnityEditor.Search:ASIAI0B' with importer (ScriptedImporter : UnityEditor.QuickSearchModule:UnityEditor.Search:ASIAI0B)
Imported 'GUID: 449c56fab7747d04c979c325ac03d5e0' -> (Import Result ID: '9045a1ba2364d0500eaecba5a3b29004') in 0.006 seconds [static and dynamic dependencies]. Details - ImportResultOutputID=fbba68f142802624fec795fe8a910bd6 DependenciesID=ad54f86468ede62d5842b8c3d940d106 StaticDependenciesID=cfe8fbea5eb65bade7c387feff9818d8 
Number of updated asset objects reloaded before import = 0
Number of asset objects unloaded after import = 26
========================================================================
Received Import Request.
  Time of request: 2026-10-08T13:51:29.2287543Z
  Time since last request: 0.0001898 seconds.
  importAddress: GUID: 403bc12e463eab646bcba4e8cdcff85c - Path: Assets/Free Pack/Built-In/Prefabs/SM_Fridge.prefab - Importer: ScriptedImporter/UnityEditor.QuickSearchModule:UnityEditor.Search:ASIAI0B
Importing 'GUID: 403bc12e463eab646bcba4e8cdcff85c - Path: Assets/Free Pack/Built-In/Prefabs/SM_Fridge.prefab - Importer: ScriptedImporter/UnityEditor.QuickSearchModule:UnityEditor.Search:ASIAI0B' with importer (ScriptedImporter : UnityEditor.QuickSearchModule:UnityEditor.Search:ASIAI0B)
Imported 'GUID: 403bc12e463eab646bcba4e8cdcff85c' -> (Import Result ID: '596e358e7f828ac359aa2d7ef9a4a13b') in 0.004 seconds [static and dynamic dependencies]. Details - ImportResultOutputID=f2bff0fbb8aa4c952a47889d74d69259 DependenciesID=c7f75515da912e525832f28a9cec1eb9 StaticDependenciesID=7d79c47f2eda272bb69edbd77e1a47ea 
Number of updated asset objects reloaded before import = 0
Number of asset objects unloaded after import = 26
========================================================================
Received Import Request.
  Time of request: 2026-10-08T13:51:29.2331806Z
  Time since last request: 0.0002124 seconds.
  importAddress: GUID: 3503a9c3d076d2f4ab6582060d695371 - Path: Assets/Free Pack/Built-In/Prefabs/SM_HH_Basket_04.prefab - Importer: ScriptedImporter/UnityEditor.QuickSearchModule:UnityEditor.Search:ASIAI0B
Importing 'GUID: 3503a9c3d076d2f4ab6582060d695371 - Path: Assets/Free Pack/Built-In/Prefabs/SM_HH_Basket_04.prefab - Importer: ScriptedImporter/UnityEditor.QuickSearchModule:UnityEditor.Search:ASIAI0B' with importer (ScriptedImporter : UnityEditor.QuickSearchModule:UnityEditor.Search:ASIAI0B)
Imported 'GUID: 3503a9c3d076d2f4ab6582060d695371' -> (Import Result ID: '887401f53a04df939851f3c5b6e8411a') in 0.005 seconds [static and dynamic dependencies]. Details - ImportResultOutputID=b72fb9203e535594826bc140ce965b8d DependenciesID=78ea6b5613da7531777d78cc22365514 StaticDependenciesID=d9d9a59679aa6bbd4b90dfaa3a0509c5 
Number of updated asset objects reloaded before import = 0
Number of asset objects unloaded after import = 26
========================================================================
Received Import Request.
  Time of request: 2026-10-08T13:51:29.2380768Z
  Time since last request: 0.0001874 seconds.
  importAddress: GUID: 7616f835a6080c04a90ef0c8d71f923b - Path: Assets/Free Pack/Built-In/Materials/M_Table_V8.mat - Importer: ScriptedImporter/UnityEditor.QuickSearchModule:UnityEditor.Search:ASIAI0B
Importing 'GUID: 7616f835a6080c04a90ef0c8d71f923b - Path: Assets/Free Pack/Built-In/Materials/M_Table_V8.mat - Importer: ScriptedImporter/UnityEditor.QuickSearchModule:UnityEditor.Search:ASIAI0B' with importer (ScriptedImporter : UnityEditor.QuickSearchModule:UnityEditor.Search:ASIAI0B)
Imported 'GUID: 7616f835a6080c04a90ef0c8d71f923b' -> (Import Result ID: 'd59251f53b154473d50848351927f11f') in 0.004 seconds [static and dynamic dependencies]. Details - ImportResultOutputID=d35c26dc6c1fabfb662803ad9f56bbb2 DependenciesID=1cc132127243ad03bb3cbb1043cdadd4 StaticDependenciesID=68544b875dbe79c09f4b15451f4a9b9c 
Number of updated asset objects reloaded before import = 0
Number of asset objects unloaded after import = 1
========================================================================
Received Import Request.
  Time of request: 2026-10-08T13:51:29.2420654Z
  Time since last request: 0.0002825 seconds.
  importAddress: GUID: 924717611a07ed446ace8f20d3a90ac1 - Path: Assets/Free Pack/HDRP/Materials/M_BottleBulk_01_HDRP.mat - Importer: ScriptedImporter/UnityEditor.QuickSearchModule:UnityEditor.Search:ASIAI0B
Importing 'GUID: 924717611a07ed446ace8f20d3a90ac1 - Path: Assets/Free Pack/HDRP/Materials/M_BottleBulk_01_HDRP.mat - Importer: ScriptedImporter/UnityEditor.QuickSearchModule:UnityEditor.Search:ASIAI0B' with importer (ScriptedImporter : UnityEditor.QuickSearchModule:UnityEditor.Search:ASIAI0B)
Imported 'GUID: 924717611a07ed446ace8f20d3a90ac1' -> (Import Result ID: 'af87f6dde962d8f3d0600be09b29a387') in 0.004 seconds [static and dynamic dependencies]. Details - ImportResultOutputID=683dfbb26cb16c1e62c6ae8e5c5dbd4e DependenciesID=9563c7e487d2f48b852acb4c565c8c77 StaticDependenciesID=0b5c42ad583dd05e9a50464a5a77484a 
Number of updated asset objects reloaded before import = 0
Number of asset objects unloaded after import = 1
========================================================================
Received Import Request.
  Time of request: 2026-10-08T13:51:29.2463331Z
  Time since last request: 0.0002649 seconds.
  importAddress: GUID: e247c224f230f43498cc582e1cfb27e0 - Path: Assets/Free Pack/HDRP/Materials/M_Jar_07_HDRP.mat - Importer: ScriptedImporter/UnityEditor.QuickSearchModule:UnityEditor.Search:ASIAI0B
Importing 'GUID: e247c224f230f43498cc582e1cfb27e0 - Path: Assets/Free Pack/HDRP/Materials/M_Jar_07_HDRP.mat - Importer: ScriptedImporter/UnityEditor.QuickSearchModule:UnityEditor.Search:ASIAI0B' with importer (ScriptedImporter : UnityEditor.QuickSearchModule:UnityEditor.Search:ASIAI0B)
Imported 'GUID: e247c224f230f43498cc582e1cfb27e0' -> (Import Result ID: '9dbcca83be0e703626cb0e92c7900b52') in 0.003 seconds [static and dynamic dependencies]. Details - ImportResultOutputID=c2c129515056bbf08799d8286d4b0e0c DependenciesID=85a7b1e4082e54f2b68717fddfc20d23 StaticDependenciesID=4ecff6846a75d63f4f1ca0878d1eb361 
Number of updated asset objects reloaded before import = 0
Number of asset objects unloaded after import = 1
========================================================================
Received Import Request.
  Time of request: 2026-10-08T13:51:29.2500166Z
  Time since last request: 0.0002341 seconds.
  importAddress: GUID: 62d5f4c276736d447ae478dc609bce89 - Path: Assets/Free Pack/HDRP/Materials/M_All_Banana_HDRP.mat - Importer: ScriptedImporter/UnityEditor.QuickSearchModule:UnityEditor.Search:ASIAI0B
Importing 'GUID: 62d5f4c276736d447ae478dc609bce89 - Path: Assets/Free Pack/HDRP/Materials/M_All_Banana_HDRP.mat - Importer: ScriptedImporter/UnityEditor.QuickSearchModule:UnityEditor.Search:ASIAI0B' with importer (ScriptedImporter : UnityEditor.QuickSearchModule:UnityEditor.Search:ASIAI0B)
Imported 'GUID: 62d5f4c276736d447ae478dc609bce89' -> (Import Result ID: 'c7783d7d7cd8fffef9907ac421b534e0') in 0.004 seconds [static and dynamic dependencies]. Details - ImportResultOutputID=42f80cd9e7231b3daaed694e78098404 DependenciesID=5d2ecaa55c2c198acc020b68bd093ab8 StaticDependenciesID=3ae0f6f790b4835112266cb43467044a 
Number of updated asset objects reloaded before import = 0
Number of asset objects unloaded after import = 1
========================================================================
Received Import Request.
  Time of request: 2026-10-08T13:51:29.2560737Z
  Time since last request: 0.0023125 seconds.
  importAddress: GUID: 2417b5bd72595b343a5049d31484f12f - Path: Assets/Free Pack/HDRP/Textures/T_CS_Batch_01_MaskMap.png - Importer: ScriptedImporter/UnityEditor.QuickSearchModule:UnityEditor.Search:ASIAI0B
Importing 'GUID: 2417b5bd72595b343a5049d31484f12f - Path: Assets/Free Pack/HDRP/Textures/T_CS_Batch_01_MaskMap.png - Importer: ScriptedImporter/UnityEditor.QuickSearchModule:UnityEditor.Search:ASIAI0B' with importer (ScriptedImporter : UnityEditor.QuickSearchModule:UnityEditor.Search:ASIAI0B)
Imported 'GUID: 2417b5bd72595b343a5049d31484f12f' -> (Import Result ID: 'fea9039c8c7fbbad8669ecd5a8ad3e0c') in 0.008 seconds [static and dynamic dependencies]. Details - ImportResultOutputID=ae9f6ade7ab755fc8847a667dc2d8e66 DependenciesID=ee84d930f01dd69c53249125616ddad8 StaticDependenciesID=7ae616c4d062b65c509e1eadfa357be0 
Number of updated asset objects reloaded before import = 0
Number of asset objects unloaded after import = 1
========================================================================
Received Import Request.
  Time of request: 2026-10-08T13:51:29.2640855Z
  Time since last request: 0.0003499 seconds.
  importAddress: GUID: 0b97c90d5c3351a49b18b06e36c4b927 - Path: Assets/Free Pack/HDRP/Prefabs/SM_Cereal_Bowl_HDRP.prefab - Importer: ScriptedImporter/UnityEditor.QuickSearchModule:UnityEditor.Search:ASIAI0B
Importing 'GUID: 0b97c90d5c3351a49b18b06e36c4b927 - Path: Assets/Free Pack/HDRP/Prefabs/SM_Cereal_Bowl_HDRP.prefab - Importer: ScriptedImporter/UnityEditor.QuickSearchModule:UnityEditor.Search:ASIAI0B' with importer (ScriptedImporter : UnityEditor.QuickSearchModule:UnityEditor.Search:ASIAI0B)
Imported 'GUID: 0b97c90d5c3351a49b18b06e36c4b927' -> (Import Result ID: 'ba9651f178deec89d89fddc42927bcb7') in 0.004 seconds [static and dynamic dependencies]. Details - ImportResultOutputID=80b322138631b3243d1c4ab237c2dbd4 DependenciesID=08aab642c20508bab991f652bd664c73 StaticDependenciesID=8d4bd5df28def0a84af077c925a88afa 
Number of updated asset objects reloaded before import = 0
Number of asset objects unloaded after import = 26
========================================================================
Received Import Request.
  Time of request: 2026-10-08T13:51:29.2682701Z
  Time since last request: 0.0001754 seconds.
  importAddress: GUID: 08ec4065ee63fe24981d8c65ba768bc1 - Path: Assets/Free Pack/HDRP/Textures/T_Marble_Top_Dining_Table_MaskMap.png - Importer: ScriptedImporter/UnityEditor.QuickSearchModule:UnityEditor.Search:ASIAI0B
Importing 'GUID: 08ec4065ee63fe24981d8c65ba768bc1 - Path: Assets/Free Pack/HDRP/Textures/T_Marble_Top_Dining_Table_MaskMap.png - Importer: ScriptedImporter/UnityEditor.QuickSearchModule:UnityEditor.Search:ASIAI0B' with importer (ScriptedImporter : UnityEditor.QuickSearchModule:UnityEditor.Search:ASIAI0B)
Imported 'GUID: 08ec4065ee63fe24981d8c65ba768bc1' -> (Import Result ID: 'f42566ab6ea7a665cfbdf1bbf6ea0aa3') in 0.008 seconds [static and dynamic dependencies]. Details - ImportResultOutputID=37be4f68a18a87d1549efc83c32993e7 DependenciesID=c30149651de0f0d90f287194efa52470 StaticDependenciesID=353652f386337cb7421f7d95bc69fe58 
Number of updated asset objects reloaded before import = 0
Number of asset objects unloaded after import = 1
========================================================================
Received Import Request.
  Time of request: 2026-10-08T13:51:29.2765496Z
  Time since last request: 0.000331 seconds.
  importAddress: GUID: 06f8f0cf1765c7b47a8ff08ad1e5865a - Path: Assets/Free Pack/HDRP/Materials/M_Table_V8_HDRP.mat - Importer: ScriptedImporter/UnityEditor.QuickSearchModule:UnityEditor.Search:ASIAI0B
Importing 'GUID: 06f8f0cf1765c7b47a8ff08ad1e5865a - Path: Assets/Free Pack/HDRP/Materials/M_Table_V8_HDRP.mat - Importer: ScriptedImporter/UnityEditor.QuickSearchModule:UnityEditor.Search:ASIAI0B' with importer (ScriptedImporter : UnityEditor.QuickSearchModule:UnityEditor.Search:ASIAI0B)
Imported 'GUID: 06f8f0cf1765c7b47a8ff08ad1e5865a' -> (Import Result ID: '4e5d862b726041e9587f449539569701') in 0.005 seconds [static and dynamic dependencies]. Details - ImportResultOutputID=ae2f1445b4a114564f3dd749253a5b06 DependenciesID=340a7c819e6d71be736536a78bcfe139 StaticDependenciesID=2b24e8485de6117f09dbf55973f5cc75 
Number of updated asset objects reloaded before import = 0
Number of asset objects unloaded after import = 1
========================================================================
Received Import Request.
  Time of request: 2026-10-08T13:51:29.2816367Z
  Time since last request: 0.0002518 seconds.
  importAddress: GUID: 27b62a97bcb24424abdc515911aae1e9 - Path: Assets/Free Pack/HDRP/Textures/T_Apple_V4_MaskMap.png - Importer: ScriptedImporter/UnityEditor.QuickSearchModule:UnityEditor.Search:ASIAI0B
Importing 'GUID: 27b62a97bcb24424abdc515911aae1e9 - Path: Assets/Free Pack/HDRP/Textures/T_Apple_V4_MaskMap.png - Importer: ScriptedImporter/UnityEditor.QuickSearchModule:UnityEditor.Search:ASIAI0B' with importer (ScriptedImporter : UnityEditor.QuickSearchModule:UnityEditor.Search:ASIAI0B)
Imported 'GUID: 27b62a97bcb24424abdc515911aae1e9' -> (Import Result ID: '6ade4a98ab4671d78e4ead1d4afd6703') in 0.009 seconds [static and dynamic dependencies]. Details - ImportResultOutputID=de8659ab2322513711cf1eccd3d7ff2a DependenciesID=73b82e8fe5f04fa0f86d72e2bc8e0cff StaticDependenciesID=74bc1b804118af3697f9d29855be8a70 
Number of updated asset objects reloaded before import = 0
Number of asset objects unloaded after import = 1
========================================================================
Received Import Request.
  Time of request: 2026-10-08T13:51:29.2906942Z
  Time since last request: 0.0003594 seconds.
  importAddress: GUID: 39a7131134f4ab2458f24185d2e7607c - Path: Assets/Free Pack/HDRP/Prefabs/SM_EggplantDish_HDRP.prefab - Importer: ScriptedImporter/UnityEditor.QuickSearchModule:UnityEditor.Search:ASIAI0B
Importing 'GUID: 39a7131134f4ab2458f24185d2e7607c - Path: Assets/Free Pack/HDRP/Prefabs/SM_EggplantDish_HDRP.prefab - Importer: ScriptedImporter/UnityEditor.QuickSearchModule:UnityEditor.Search:ASIAI0B' with importer (ScriptedImporter : UnityEditor.QuickSearchModule:UnityEditor.Search:ASIAI0B)
Imported 'GUID: 39a7131134f4ab2458f24185d2e7607c' -> (Import Result ID: '7d0a7255adf83d9e69cadf9cd9ffa281') in 0.004 seconds [static and dynamic dependencies]. Details - ImportResultOutputID=4c0b997d6f3f60929f82b5178fe33547 DependenciesID=0c60e09f975a8c730b59ed8c61d7f889 StaticDependenciesID=9b938b765818dd4d428f514b54555353 
Number of updated asset objects reloaded before import = 0
Number of asset objects unloaded after import = 26
========================================================================
Received Import Request.
  Time of request: 2026-10-08T13:51:29.295268Z
  Time since last request: 0.0001769 seconds.
  importAddress: GUID: 01b66ed0b37f7ce45a4ed089b77357ab - Path: Assets/Free Pack/HDRP/Textures/T_SM_Spoon_05_MaskMap.png - Importer: ScriptedImporter/UnityEditor.QuickSearchModule:UnityEditor.Search:ASIAI0B
Importing 'GUID: 01b66ed0b37f7ce45a4ed089b77357ab - Path: Assets/Free Pack/HDRP/Textures/T_SM_Spoon_05_MaskMap.png - Importer: ScriptedImporter/UnityEditor.QuickSearchModule:UnityEditor.Search:ASIAI0B' with importer (ScriptedImporter : UnityEditor.QuickSearchModule:UnityEditor.Search:ASIAI0B)
Imported 'GUID: 01b66ed0b37f7ce45a4ed089b77357ab' -> (Import Result ID: '0e016137e1da3c2d714af985efa6e68d') in 0.008 seconds [static and dynamic dependencies]. Details - ImportResultOutputID=2d7fc58eefe593da9f1471478e5d6221 DependenciesID=364ab3c61a5268617e4b08c62d0971bf StaticDependenciesID=baab6b1e74aa9c28f6d1420f70a18d1c 
Number of updated asset objects reloaded before import = 0
Number of asset objects unloaded after import = 1
========================================================================
Received Import Request.
  Time of request: 2026-10-08T13:51:29.3032053Z
  Time since last request: 0.0002819 seconds.
  importAddress: GUID: 5278a3b728faf774fb159ce2b4f9d52e - Path: Assets/Free Pack/HDRP/Prefabs/SM_Banana_HDRP.prefab - Importer: ScriptedImporter/UnityEditor.QuickSearchModule:UnityEditor.Search:ASIAI0B
Importing 'GUID: 5278a3b728faf774fb159ce2b4f9d52e - Path: Assets/Free Pack/HDRP/Prefabs/SM_Banana_HDRP.prefab - Importer: ScriptedImporter/UnityEditor.QuickSearchModule:UnityEditor.Search:ASIAI0B' with importer (ScriptedImporter : UnityEditor.QuickSearchModule:UnityEditor.Search:ASIAI0B)
Imported 'GUID: 5278a3b728faf774fb159ce2b4f9d52e' -> (Import Result ID: 'd92a91e53d3d21061d9a7ddcfc48fa5c') in 0.105 seconds [static and dynamic dependencies]. Details - ImportResultOutputID=ce2e4c46a45229d5fe4a18630f12d198 DependenciesID=318851aed83d3ad736a3da62f9e0c83c StaticDependenciesID=719b2b07beea7e28e5fedbbe71048cb3 
Number of updated asset objects reloaded before import = 0
Number of asset objects unloaded after import = 26
========================================================================
Received Import Request.
  Time of request: 2026-10-08T13:51:29.4082978Z
  Time since last request: 0.0002255 seconds.
  importAddress: GUID: b662c20f8d10bf649a04fc57c6be5666 - Path: Assets/Free Pack/HDRP/Textures/T_Candle_stand_05_MaskMap.png - Importer: ScriptedImporter/UnityEditor.QuickSearchModule:UnityEditor.Search:ASIAI0B
Importing 'GUID: b662c20f8d10bf649a04fc57c6be5666 - Path: Assets/Free Pack/HDRP/Textures/T_Candle_stand_05_MaskMap.png - Importer: ScriptedImporter/UnityEditor.QuickSearchModule:UnityEditor.Search:ASIAI0B' with importer (ScriptedImporter : UnityEditor.QuickSearchModule:UnityEditor.Search:ASIAI0B)
Imported 'GUID: b662c20f8d10bf649a04fc57c6be5666' -> (Import Result ID: '7557df8ee9d859421cb49afdab5b65be') in 0.007 seconds [static and dynamic dependencies]. Details - ImportResultOutputID=732b4ad45876c18c26022c4415b6aed1 DependenciesID=1540708f99bc10df7aa8d235f8e59eaf StaticDependenciesID=691c522e9a2e0950696630ca00232e76 
Number of updated asset objects reloaded before import = 0
Number of asset objects unloaded after import = 1
========================================================================
Received Import Request.
  Time of request: 2026-10-08T13:51:29.4161868Z
  Time since last request: 0.0002655 seconds.
  importAddress: GUID: c4708b1a8b746fe4783add05c6d03282 - Path: Assets/Free Pack/HDRP/Prefabs/SM_CodFishDish_HDRP.prefab - Importer: ScriptedImporter/UnityEditor.QuickSearchModule:UnityEditor.Search:ASIAI0B
Importing 'GUID: c4708b1a8b746fe4783add05c6d03282 - Path: Assets/Free Pack/HDRP/Prefabs/SM_CodFishDish_HDRP.prefab - Importer: ScriptedImporter/UnityEditor.QuickSearchModule:UnityEditor.Search:ASIAI0B' with importer (ScriptedImporter : UnityEditor.QuickSearchModule:UnityEditor.Search:ASIAI0B)
Imported 'GUID: c4708b1a8b746fe4783add05c6d03282' -> (Import Result ID: '7c6c669c58ae3d0b4873f0742af9df0f') in 0.004 seconds [static and dynamic dependencies]. Details - ImportResultOutputID=90e84752bbdc29c7b9a7a228e3f7f4bd DependenciesID=7c93f75e1bba2345b5220645b7ae8715 StaticDependenciesID=12f38accf0696d12e2f3dbbb479fd9cc 
Number of updated asset objects reloaded before import = 0
Number of asset objects unloaded after import = 26
========================================================================
Received Import Request.
  Time of request: 2026-10-08T13:51:29.4205124Z
  Time since last request: 0.0001855 seconds.
  importAddress: GUID: ec672a3a3ba9a6b4d894adb043cc5e56 - Path: Assets/Free Pack/HDRP/Prefabs/SM_Cabinet_Doors_01_HDRP.prefab - Importer: ScriptedImporter/UnityEditor.QuickSearchModule:UnityEditor.Search:ASIAI0B
Importing 'GUID: ec672a3a3ba9a6b4d894adb043cc5e56 - Path: Assets/Free Pack/HDRP/Prefabs/SM_Cabinet_Doors_01_HDRP.prefab - Importer: ScriptedImporter/UnityEditor.QuickSearchModule:UnityEditor.Search:ASIAI0B' with importer (ScriptedImporter : UnityEditor.QuickSearchModule:UnityEditor.Search:ASIAI0B)
Imported 'GUID: ec672a3a3ba9a6b4d894adb043cc5e56' -> (Import Result ID: '5445a757af6185ae9d1391eba4cc6e6d') in 0.005 seconds [static and dynamic dependencies]. Details - ImportResultOutputID=dbd7966c1a337db1efc3d5398ed7580d DependenciesID=ef87dc448f34e5325a9a2899d5855aa6 StaticDependenciesID=67c804b76bccb636a03d24adf218760a 
Number of updated asset objects reloaded before import = 0
Number of asset objects unloaded after import = 26
========================================================================
Received Import Request.
  Time of request: 2026-10-08T13:51:29.4259106Z
  Time since last request: 0.000205 seconds.
  importAddress: GUID: 98823459a28a1174c851e6417ca1ad4e - Path: Assets/Free Pack/HDRP/Textures/T_CerealBox_MaskMap.png - Importer: ScriptedImporter/UnityEditor.QuickSearchModule:UnityEditor.Search:ASIAI0B
Importing 'GUID: 98823459a28a1174c851e6417ca1ad4e - Path: Assets/Free Pack/HDRP/Textures/T_CerealBox_MaskMap.png - Importer: ScriptedImporter/UnityEditor.QuickSearchModule:UnityEditor.Search:ASIAI0B' with importer (ScriptedImporter : UnityEditor.QuickSearchModule:UnityEditor.Search:ASIAI0B)
Imported 'GUID: 98823459a28a1174c851e6417ca1ad4e' -> (Import Result ID: '15a6da94ce42ea1f90813a9e70116f84') in 0.007 seconds [static and dynamic dependencies]. Details - ImportResultOutputID=b646a091b94b15cfb75a971433cb526c DependenciesID=e1a74345c82c87dd1351c684985e9ca8 StaticDependenciesID=bfa43dc2575ff40c53a674341d8b5167 
Number of updated asset objects reloaded before import = 0
Number of asset objects unloaded after import = 1
========================================================================
Received Import Request.
  Time of request: 2026-10-08T13:51:29.4337261Z
  Time since last request: 0.0003239 seconds.
  importAddress: GUID: c070fa36abae1db4b964bc2f0020e1a8 - Path: Assets/Free Pack/HDRP/Prefabs/SM_Spoon_05_HDRP.prefab - Importer: ScriptedImporter/UnityEditor.QuickSearchModule:UnityEditor.Search:ASIAI0B
Importing 'GUID: c070fa36abae1db4b964bc2f0020e1a8 - Path: Assets/Free Pack/HDRP/Prefabs/SM_Spoon_05_HDRP.prefab - Importer: ScriptedImporter/UnityEditor.QuickSearchModule:UnityEditor.Search:ASIAI0B' with importer (ScriptedImporter : UnityEditor.QuickSearchModule:UnityEditor.Search:ASIAI0B)
Imported 'GUID: c070fa36abae1db4b964bc2f0020e1a8' -> (Import Result ID: 'db293fa22d9fd65a1d7cdc20e320a544') in 0.004 seconds [static and dynamic dependencies]. Details - ImportResultOutputID=fa7c0b7e9f9dd8f8ea96831dc628a68d DependenciesID=cbc9033c0f9ef95bbaef704c16303678 StaticDependenciesID=252a97ba9ef2989cabcae923c0e06111 
Number of updated asset objects reloaded before import = 0
Number of asset objects unloaded after import = 26
========================================================================
Received Import Request.
  Time of request: 2026-10-08T13:51:29.4378595Z
  Time since last request: 0.0001679 seconds.
  importAddress: GUID: 86a907830ce0f0243b5ce4f285fe6094 - Path: Assets/Free Pack/HDRP/Prefabs/SM_Candle_stand_05_HDRP.prefab - Importer: ScriptedImporter/UnityEditor.QuickSearchModule:UnityEditor.Search:ASIAI0B
Importing 'GUID: 86a907830ce0f0243b5ce4f285fe6094 - Path: Assets/Free Pack/HDRP/Prefabs/SM_Candle_stand_05_HDRP.prefab - Importer: ScriptedImporter/UnityEditor.QuickSearchModule:UnityEditor.Search:ASIAI0B' with importer (ScriptedImporter : UnityEditor.QuickSearchModule:UnityEditor.Search:ASIAI0B)
Imported 'GUID: 86a907830ce0f0243b5ce4f285fe6094' -> (Import Result ID: '3672298c28a4e85bc5970b4637da038c') in 0.004 seconds [static and dynamic dependencies]. Details - ImportResultOutputID=4c348f4317fad041ff8250de839fe5ad DependenciesID=ec9956275f3c6e5a59170d644ea353f5 StaticDependenciesID=00af30d783571f5233783b59a24a37b9 
Number of updated asset objects reloaded before import = 0
Number of asset objects unloaded after import = 26
========================================================================
Received Import Request.
  Time of request: 2026-10-08T13:51:29.4420652Z
  Time since last request: 0.0001422 seconds.
  importAddress: GUID: b1ab9cc015d27e54ba0ab2908505fb2b - Path: Assets/Free Pack/HDRP/Prefabs/SM_Chickenfull_HDRP.prefab - Importer: ScriptedImporter/UnityEditor.QuickSearchModule:UnityEditor.Search:ASIAI0B
Importing 'GUID: b1ab9cc015d27e54ba0ab2908505fb2b - Path: Assets/Free Pack/HDRP/Prefabs/SM_Chickenfull_HDRP.prefab - Importer: ScriptedImporter/UnityEditor.QuickSearchModule:UnityEditor.Search:ASIAI0B' with importer (ScriptedImporter : UnityEditor.QuickSearchModule:UnityEditor.Search:ASIAI0B)
Imported 'GUID: b1ab9cc015d27e54ba0ab2908505fb2b' -> (Import Result ID: 'd7e9b41f9564f44cc2f5bfb9a1db7cb6') in 0.004 seconds [static and dynamic dependencies]. Details - ImportResultOutputID=09cc55b2f4f9be684235887d0df0ad24 DependenciesID=04465a40f3138d9c8211999432bd6715 StaticDependenciesID=d645ccca17788220c78969086891121b 
Number of updated asset objects reloaded before import = 0
Number of asset objects unloaded after import = 26
========================================================================
Received Import Request.
  Time of request: 2026-10-08T13:51:29.4460734Z
  Time since last request: 0.0001907 seconds.
  importAddress: GUID: 7bda43bfa0777434db972694e1ac0eff - Path: Assets/Free Pack/HDRP/Prefabs/SM_Candle_stand_04_HDRP.prefab - Importer: ScriptedImporter/UnityEditor.QuickSearchModule:UnityEditor.Search:ASIAI0B
Importing 'GUID: 7bda43bfa0777434db972694e1ac0eff - Path: Assets/Free Pack/HDRP/Prefabs/SM_Candle_stand_04_HDRP.prefab - Importer: ScriptedImporter/UnityEditor.QuickSearchModule:UnityEditor.Search:ASIAI0B' with importer (ScriptedImporter : UnityEditor.QuickSearchModule:UnityEditor.Search:ASIAI0B)
Imported 'GUID: 7bda43bfa0777434db972694e1ac0eff' -> (Import Result ID: '8d64f3ec333cc7249a2c0dde5dbb0b40') in 0.004 seconds [static and dynamic dependencies]. Details - ImportResultOutputID=9151790fe056b65c0c0dd18347fda0dc DependenciesID=ae0489fa3c870a9e0992c75fe145acc8 StaticDependenciesID=5b17c4d6f75cd7537eeea6bf491fa1b8 
Number of updated asset objects reloaded before import = 0
Number of asset objects unloaded after import = 26
========================================================================
Received Import Request.
  Time of request: 2026-10-08T13:51:29.4506793Z
  Time since last request: 0.0001682 seconds.
  importAddress: GUID: 0c2818cae0d659e43908df355a30f8eb - Path: Assets/Free Pack/HDRP/Prefabs/SM_Tube_Light_HDRP.prefab - Importer: ScriptedImporter/UnityEditor.QuickSearchModule:UnityEditor.Search:ASIAI0B
Importing 'GUID: 0c2818cae0d659e43908df355a30f8eb - Path: Assets/Free Pack/HDRP/Prefabs/SM_Tube_Light_HDRP.prefab - Importer: ScriptedImporter/UnityEditor.QuickSearchModule:UnityEditor.Search:ASIAI0B' with importer (ScriptedImporter : UnityEditor.QuickSearchModule:UnityEditor.Search:ASIAI0B)
Imported 'GUID: 0c2818cae0d659e43908df355a30f8eb' -> (Import Result ID: '219911a6f364912ea8f2edc1ddc97fe6') in 0.004 seconds [static and dynamic dependencies]. Details - ImportResultOutputID=ea8aa7f80851848d83d4b8a85fde2673 DependenciesID=a74ce1a08a403494ca71cacdcb4b7b52 StaticDependenciesID=b7efc32d7798c2ac2c2da61246297162 
Number of updated asset objects reloaded before import = 0
Number of asset objects unloaded after import = 26
========================================================================
Received Import Request.
  Time of request: 2026-10-08T13:51:29.4548458Z
  Time since last request: 0.0001845 seconds.
  importAddress: GUID: 8f8fe185573f96846b05cf6ea6e1370f - Path: Assets/Free Pack/HDRP/Prefabs/SM_Marble_Top_Dining_Table_HDRP.prefab - Importer: ScriptedImporter/UnityEditor.QuickSearchModule:UnityEditor.Search:ASIAI0B
Importing 'GUID: 8f8fe185573f96846b05cf6ea6e1370f - Path: Assets/Free Pack/HDRP/Prefabs/SM_Marble_Top_Dining_Table_HDRP.prefab - Importer: ScriptedImporter/UnityEditor.QuickSearchModule:UnityEditor.Search:ASIAI0B' with importer (ScriptedImporter : UnityEditor.QuickSearchModule:UnityEditor.Search:ASIAI0B)
Imported 'GUID: 8f8fe185573f96846b05cf6ea6e1370f' -> (Import Result ID: 'fd6fa5a3f9495e49522e4e2275fbfa3e') in 0.004 seconds [static and dynamic dependencies]. Details - ImportResultOutputID=4d3779cb596984abb667daa222dc23d5 DependenciesID=76dc01468cdfa69c7403b8c71adc0fe3 StaticDependenciesID=4a1a3124d24049286863cea42298ffd1 
Number of updated asset objects reloaded before import = 0
Number of asset objects unloaded after import = 26
========================================================================
Received Import Request.
  Time of request: 2026-10-08T13:51:29.4594859Z
  Time since last request: 0.0001791 seconds.
  importAddress: GUID: 7fabb36316fe1ea489dab987fe7f484a - Path: Assets/Free Pack/HDRP/Prefabs/SM_Chair_V2_HDRP.prefab - Importer: ScriptedImporter/UnityEditor.QuickSearchModule:UnityEditor.Search:ASIAI0B
Importing 'GUID: 7fabb36316fe1ea489dab987fe7f484a - Path: Assets/Free Pack/HDRP/Prefabs/SM_Chair_V2_HDRP.prefab - Importer: ScriptedImporter/UnityEditor.QuickSearchModule:UnityEditor.Search:ASIAI0B' with importer (ScriptedImporter : UnityEditor.QuickSearchModule:UnityEditor.Search:ASIAI0B)
Imported 'GUID: 7fabb36316fe1ea489dab987fe7f484a' -> (Import Result ID: '1ed20b232b81701d425a4e1fef12ad50') in 0.004 seconds [static and dynamic dependencies]. Details - ImportResultOutputID=fc88457cc510bf3f6dcedf3ef417aa9c DependenciesID=53b1c6bcadc26f68d9cb169a28d4b113 StaticDependenciesID=f17e44fb9107080690429f1ca71385da 
Number of updated asset objects reloaded before import = 0
Number of asset objects unloaded after import = 26
========================================================================
Received Import Request.
  Time of request: 2026-10-08T13:51:29.4638013Z
  Time since last request: 0.000188 seconds.
  importAddress: GUID: 0a3735f74bb5d5a46a9a9288c00aeaa3 - Path: Assets/Free Pack/HDRP/Textures/T_Cereal_Bowl_MaskMap.png - Importer: ScriptedImporter/UnityEditor.QuickSearchModule:UnityEditor.Search:ASIAI0B
Importing 'GUID: 0a3735f74bb5d5a46a9a9288c00aeaa3 - Path: Assets/Free Pack/HDRP/Textures/T_Cereal_Bowl_MaskMap.png - Importer: ScriptedImporter/UnityEditor.QuickSearchModule:UnityEditor.Search:ASIAI0B' with importer (ScriptedImporter : UnityEditor.QuickSearchModule:UnityEditor.Search:ASIAI0B)
Imported 'GUID: 0a3735f74bb5d5a46a9a9288c00aeaa3' -> (Import Result ID: '3f03a694769d60ebc0098720e782d564') in 0.007 seconds [static and dynamic dependencies]. Details - ImportResultOutputID=526adc7b2bdb34ac8576dbeda662d700 DependenciesID=b52e96ade847651cbebbcd8c29cdc3ed StaticDependenciesID=8dd63cf62eb56c6a09d3588171f06b06 
Number of updated asset objects reloaded before import = 0
Number of asset objects unloaded after import = 1
========================================================================
Received Import Request.
  Time of request: 2026-10-08T13:51:29.4715453Z
  Time since last request: 0.0003017 seconds.
  importAddress: GUID: 047b935f87cbc5941b059b2b05dee3ad - Path: Assets/Free Pack/HDRP/Prefabs/SM_HH_Basket_04_HDRP.prefab - Importer: ScriptedImporter/UnityEditor.QuickSearchModule:UnityEditor.Search:ASIAI0B
Importing 'GUID: 047b935f87cbc5941b059b2b05dee3ad - Path: Assets/Free Pack/HDRP/Prefabs/SM_HH_Basket_04_HDRP.prefab - Importer: ScriptedImporter/UnityEditor.QuickSearchModule:UnityEditor.Search:ASIAI0B' with importer (ScriptedImporter : UnityEditor.QuickSearchModule:UnityEditor.Search:ASIAI0B)
Imported 'GUID: 047b935f87cbc5941b059b2b05dee3ad' -> (Import Result ID: '149e08c811c22e16e8911b927fcb1a8a') in 0.004 seconds [static and dynamic dependencies]. Details - ImportResultOutputID=fa5c7de84ebd24f361c4d791e1907f90 DependenciesID=637671cff6caad98bfc18c5e3969329f StaticDependenciesID=2f07f6820623a1a73b4163d0aa72a211 
Number of updated asset objects reloaded before import = 0
Number of asset objects unloaded after import = 26
========================================================================
Received Import Request.
  Time of request: 2026-10-08T13:51:29.476053Z
  Time since last request: 0.0001685 seconds.
  importAddress: GUID: 49d8c74dc79eacb4a8232cab0acc6a76 - Path: Assets/Free Pack/HDRP/Prefabs/SM_CS_Chair_01_HDRP.prefab - Importer: ScriptedImporter/UnityEditor.QuickSearchModule:UnityEditor.Search:ASIAI0B
Importing 'GUID: 49d8c74dc79eacb4a8232cab0acc6a76 - Path: Assets/Free Pack/HDRP/Prefabs/SM_CS_Chair_01_HDRP.prefab - Importer: ScriptedImporter/UnityEditor.QuickSearchModule:UnityEditor.Search:ASIAI0B' with importer (ScriptedImporter : UnityEditor.QuickSearchModule:UnityEditor.Search:ASIAI0B)
Imported 'GUID: 49d8c74dc79eacb4a8232cab0acc6a76' -> (Import Result ID: 'af29d676b78ed7f84bd21dcad7f73028') in 0.004 seconds [static and dynamic dependencies]. Details - ImportResultOutputID=d7fa60b9e706a6d880da1c2aec8b7867 DependenciesID=c748faeaddd116de72975ce5fc1ca4e0 StaticDependenciesID=9fb9c5ca26c37ff14074ac2e97dd324c 
Number of updated asset objects reloaded before import = 0
Number of asset objects unloaded after import = 26
========================================================================
Received Import Request.
  Time of request: 2026-10-08T13:51:29.4805448Z
  Time since last request: 0.0001699 seconds.
  importAddress: GUID: d6332a7de8d9d704fbe8e902e783325e - Path: Assets/Free Pack/HDRP/Prefabs/SM_Microwave_Oven_HDRP.prefab - Importer: ScriptedImporter/UnityEditor.QuickSearchModule:UnityEditor.Search:ASIAI0B
Importing 'GUID: d6332a7de8d9d704fbe8e902e783325e - Path: Assets/Free Pack/HDRP/Prefabs/SM_Microwave_Oven_HDRP.prefab - Importer: ScriptedImporter/UnityEditor.QuickSearchModule:UnityEditor.Search:ASIAI0B' with importer (ScriptedImporter : UnityEditor.QuickSearchModule:UnityEditor.Search:ASIAI0B)
Imported 'GUID: d6332a7de8d9d704fbe8e902e783325e' -> (Import Result ID: '2ba1e1a780207c7e89711d199fdc5a79') in 0.005 seconds [static and dynamic dependencies]. Details - ImportResultOutputID=e74043342c6585fa19db0e7f52a167a0 DependenciesID=84d52ef16d70f9f40fbc2f69820c94e6 StaticDependenciesID=5871c52fad10bd043574d479adaa91e1 
Number of updated asset objects reloaded before import = 0
Number of asset objects unloaded after import = 26
========================================================================
Received Import Request.
  Time of request: 2026-10-08T13:51:29.4857181Z
  Time since last request: 0.0002534 seconds.
  importAddress: GUID: af5e7ea85ab6a7d4bbc26fb35f5e30c4 - Path: Assets/Free Pack/HDRP/Prefabs/SM_Spoon_15_HDRP.prefab - Importer: ScriptedImporter/UnityEditor.QuickSearchModule:UnityEditor.Search:ASIAI0B
Importing 'GUID: af5e7ea85ab6a7d4bbc26fb35f5e30c4 - Path: Assets/Free Pack/HDRP/Prefabs/SM_Spoon_15_HDRP.prefab - Importer: ScriptedImporter/UnityEditor.QuickSearchModule:UnityEditor.Search:ASIAI0B' with importer (ScriptedImporter : UnityEditor.QuickSearchModule:UnityEditor.Search:ASIAI0B)
Imported 'GUID: af5e7ea85ab6a7d4bbc26fb35f5e30c4' -> (Import Result ID: '5f7d8551cd3b2db2e0adc307c74b1829') in 0.004 seconds [static and dynamic dependencies]. Details - ImportResultOutputID=cc754dfeb4a1e2b31989e8234f850fd1 DependenciesID=125aa92c052d58c31fe020c459f0f1db StaticDependenciesID=ab9b19811ac3728fe5c390b361a5aadb 
Number of updated asset objects reloaded before import = 0
Number of asset objects unloaded after import = 26
========================================================================
Received Import Request.
  Time of request: 2026-10-08T13:51:29.4900025Z
  Time since last request: 0.0001899 seconds.
  importAddress: GUID: 3744eacf03394334696235cf024bdb07 - Path: Assets/Free Pack/HDRP/Prefabs/SM_Wall_04_HDRP.prefab - Importer: ScriptedImporter/UnityEditor.QuickSearchModule:UnityEditor.Search:ASIAI0B
Importing 'GUID: 3744eacf03394334696235cf024bdb07 - Path: Assets/Free Pack/HDRP/Prefabs/SM_Wall_04_HDRP.prefab - Importer: ScriptedImporter/UnityEditor.QuickSearchModule:UnityEditor.Search:ASIAI0B' with importer (ScriptedImporter : UnityEditor.QuickSearchModule:UnityEditor.Search:ASIAI0B)
Imported 'GUID: 3744eacf03394334696235cf024bdb07' -> (Import Result ID: 'c091759500ba8ff04ce4fc4a2a05c850') in 0.005 seconds [static and dynamic dependencies]. Details - ImportResultOutputID=4f90d099c42ba195cd5306b4fb8879a3 DependenciesID=994ab48d0f31b115e36910b5101fc854 StaticDependenciesID=45b7f68347276db96c261ef1f503910d 
Number of updated asset objects reloaded before import = 0
Number of asset objects unloaded after import = 9
========================================================================
Received Import Request.
  Time of request: 2026-10-08T13:51:29.4953966Z
  Time since last request: 0.0001964 seconds.
  importAddress: GUID: 547c494a67d843045a68432fa0c82334 - Path: Assets/Free Pack/HDRP/Textures/T_Grapes_02_MaskMap.png - Importer: ScriptedImporter/UnityEditor.QuickSearchModule:UnityEditor.Search:ASIAI0B
Importing 'GUID: 547c494a67d843045a68432fa0c82334 - Path: Assets/Free Pack/HDRP/Textures/T_Grapes_02_MaskMap.png - Importer: ScriptedImporter/UnityEditor.QuickSearchModule:UnityEditor.Search:ASIAI0B' with importer (ScriptedImporter : UnityEditor.QuickSearchModule:UnityEditor.Search:ASIAI0B)
Imported 'GUID: 547c494a67d843045a68432fa0c82334' -> (Import Result ID: '74a50daca5f68f73a494ca87004c2f32') in 0.008 seconds [static and dynamic dependencies]. Details - ImportResultOutputID=36be4fa499fb07896efd977cc9fbd23d DependenciesID=1b8e198f6d14ea7c79dea3e5f36ddda3 StaticDependenciesID=37ef57095e47cb35ace663aa85cd4975 
Number of updated asset objects reloaded before import = 0
Number of asset objects unloaded after import = 1
========================================================================
Received Import Request.
  Time of request: 2026-10-08T13:51:29.5041685Z
  Time since last request: 0.0003244 seconds.
  importAddress: GUID: 28ed07a3c2d92b948b86beb2d03c2e08 - Path: Assets/Free Pack/HDRP/Textures/T_Mug_02_MaskMap.png - Importer: ScriptedImporter/UnityEditor.QuickSearchModule:UnityEditor.Search:ASIAI0B
Importing 'GUID: 28ed07a3c2d92b948b86beb2d03c2e08 - Path: Assets/Free Pack/HDRP/Textures/T_Mug_02_MaskMap.png - Importer: ScriptedImporter/UnityEditor.QuickSearchModule:UnityEditor.Search:ASIAI0B' with importer (ScriptedImporter : UnityEditor.QuickSearchModule:UnityEditor.Search:ASIAI0B)
Imported 'GUID: 28ed07a3c2d92b948b86beb2d03c2e08' -> (Import Result ID: '74d99c18df10685b7a723389c27b91e1') in 0.008 seconds [static and dynamic dependencies]. Details - ImportResultOutputID=e9f9ee72168c40f6de67d39bc7d50ef1 DependenciesID=36b0f84140c73cb347d554fe3e72cb66 StaticDependenciesID=aadf334175a57c46c0dac404eac77124 
Number of updated asset objects reloaded before import = 0
Number of asset objects unloaded after import = 1
========================================================================
Received Import Request.
  Time of request: 2026-10-08T13:51:29.5226727Z
  Time since last request: 0.0105877 seconds.
  importAddress: GUID: cc8f47e49da26dc45a809d8acad260ba - Path: Assets/Free Pack/HDRP/Materials/M_SM_Plate_HDRP.mat - Importer: ScriptedImporter/UnityEditor.QuickSearchModule:UnityEditor.Search:ASIAI0B
Importing 'GUID: cc8f47e49da26dc45a809d8acad260ba - Path: Assets/Free Pack/HDRP/Materials/M_SM_Plate_HDRP.mat - Importer: ScriptedImporter/UnityEditor.QuickSearchModule:UnityEditor.Search:ASIAI0B' with importer (ScriptedImporter : UnityEditor.QuickSearchModule:UnityEditor.Search:ASIAI0B)
Imported 'GUID: cc8f47e49da26dc45a809d8acad260ba' -> (Import Result ID: '8c5a60ea540d828907f1cd743e1b1267') in 0.005 seconds [static and dynamic dependencies]. Details - ImportResultOutputID=dec45ec9a09321df0f80c0f325599954 DependenciesID=4db8c68b91c76129434d18d5b57b1062 StaticDependenciesID=242066c94d10043f9d372e4aa3e94538 
Number of updated asset objects reloaded before import = 0
Number of asset objects unloaded after import = 1
========================================================================
Received Import Request.
  Time of request: 2026-10-08T13:51:29.5283543Z
  Time since last request: 0.0001643 seconds.
  importAddress: GUID: f2a6ea21554cf1a4896976bf649e1b8d - Path: Assets/Free Pack/HDRP/Materials/M_Trim_WoodenWall_HDRP.mat - Importer: ScriptedImporter/UnityEditor.QuickSearchModule:UnityEditor.Search:ASIAI0B
Importing 'GUID: f2a6ea21554cf1a4896976bf649e1b8d - Path: Assets/Free Pack/HDRP/Materials/M_Trim_WoodenWall_HDRP.mat - Importer: ScriptedImporter/UnityEditor.QuickSearchModule:UnityEditor.Search:ASIAI0B' with importer (ScriptedImporter : UnityEditor.QuickSearchModule:UnityEditor.Search:ASIAI0B)
Imported 'GUID: f2a6ea21554cf1a4896976bf649e1b8d' -> (Import Result ID: '3c2927b44b41a942b0de75b2df1cb8f8') in 0.004 seconds [static and dynamic dependencies]. Details - ImportResultOutputID=0089e60712f444352f1788760e9615ad DependenciesID=0170c72e8f80af35d4f58ee7599d9197 StaticDependenciesID=0da7fb0cdbd9726dde22c2015d9ed5b7 
Number of updated asset objects reloaded before import = 0
Number of asset objects unloaded after import = 1
========================================================================
Received Import Request.
  Time of request: 2026-10-08T13:51:29.5327361Z
  Time since last request: 0.0002917 seconds.
  importAddress: GUID: c9d544683bb244447b2d3a995368c708 - Path: Assets/Free Pack/HDRP/Prefabs/SM_Carpet_02_HDRP.prefab - Importer: ScriptedImporter/UnityEditor.QuickSearchModule:UnityEditor.Search:ASIAI0B
Importing 'GUID: c9d544683bb244447b2d3a995368c708 - Path: Assets/Free Pack/HDRP/Prefabs/SM_Carpet_02_HDRP.prefab - Importer: ScriptedImporter/UnityEditor.QuickSearchModule:UnityEditor.Search:ASIAI0B' with importer (ScriptedImporter : UnityEditor.QuickSearchModule:UnityEditor.Search:ASIAI0B)
Imported 'GUID: c9d544683bb244447b2d3a995368c708' -> (Import Result ID: '3480441b7e0c7cd704d161db58ebb2a3') in 0.006 seconds [static and dynamic dependencies]. Details - ImportResultOutputID=db90aed2267cac41e2ca6607828eff1c DependenciesID=d700b461f46f1e187ead8badf8ec75b3 StaticDependenciesID=e3753d9e981b27732ee96ada8f2d7240 
Number of updated asset objects reloaded before import = 0
Number of asset objects unloaded after import = 9
========================================================================
Received Import Request.
  Time of request: 2026-10-08T13:51:29.5388925Z
  Time since last request: 0.0001795 seconds.
  importAddress: GUID: 7ba285dad4d95294a9b47e8238e2be45 - Path: Assets/Free Pack/HDRP/Textures/T_Batch_Small_02_MaskMap.png - Importer: ScriptedImporter/UnityEditor.QuickSearchModule:UnityEditor.Search:ASIAI0B
Importing 'GUID: 7ba285dad4d95294a9b47e8238e2be45 - Path: Assets/Free Pack/HDRP/Textures/T_Batch_Small_02_MaskMap.png - Importer: ScriptedImporter/UnityEditor.QuickSearchModule:UnityEditor.Search:ASIAI0B' with importer (ScriptedImporter : UnityEditor.QuickSearchModule:UnityEditor.Search:ASIAI0B)
Imported 'GUID: 7ba285dad4d95294a9b47e8238e2be45' -> (Import Result ID: 'f3e19d25786825719e9942b4d6ac73e2') in 0.008 seconds [static and dynamic dependencies]. Details - ImportResultOutputID=5558a634f010933ff02cab9f1c7910b9 DependenciesID=c645f66c51e92e608f970057e48d0156 StaticDependenciesID=a413e86d43fea5ebe4cd4a147c74d3f0 
Number of updated asset objects reloaded before import = 0
Number of asset objects unloaded after import = 1
========================================================================
Received Import Request.
  Time of request: 2026-10-08T13:51:29.5469003Z
  Time since last request: 0.0002864 seconds.
  importAddress: GUID: 69f275b60ae106245bfac50fb39bf0d7 - Path: Assets/Free Pack/HDRP/Prefabs/SM_Mug_02_HDRP.prefab - Importer: ScriptedImporter/UnityEditor.QuickSearchModule:UnityEditor.Search:ASIAI0B
Importing 'GUID: 69f275b60ae106245bfac50fb39bf0d7 - Path: Assets/Free Pack/HDRP/Prefabs/SM_Mug_02_HDRP.prefab - Importer: ScriptedImporter/UnityEditor.QuickSearchModule:UnityEditor.Search:ASIAI0B' with importer (ScriptedImporter : UnityEditor.QuickSearchModule:UnityEditor.Search:ASIAI0B)
Imported 'GUID: 69f275b60ae106245bfac50fb39bf0d7' -> (Import Result ID: 'b5166f84b63b66ba568eec5f1ba97fe5') in 0.004 seconds [static and dynamic dependencies]. Details - ImportResultOutputID=8131b7eaa07b15e75430bb8889c05656 DependenciesID=d4aa6134e9f25c6d237dbba6f5c70f6d StaticDependenciesID=228c65b81e0a1f011e55390328e840ac 
Number of updated asset objects reloaded before import = 0
Number of asset objects unloaded after import = 26
========================================================================
Received Import Request.
  Time of request: 2026-10-08T13:51:29.5513401Z
  Time since last request: 0.0002916 seconds.
  importAddress: GUID: 6a0a5a10cdbd1ea46bd0ca4df5c89b71 - Path: Assets/Free Pack/HDRP/Prefabs/SM_Coffee_cup_HDRP.prefab - Importer: ScriptedImporter/UnityEditor.QuickSearchModule:UnityEditor.Search:ASIAI0B
Importing 'GUID: 6a0a5a10cdbd1ea46bd0ca4df5c89b71 - Path: Assets/Free Pack/HDRP/Prefabs/SM_Coffee_cup_HDRP.prefab - Importer: ScriptedImporter/UnityEditor.QuickSearchModule:UnityEditor.Search:ASIAI0B' with importer (ScriptedImporter : UnityEditor.QuickSearchModule:UnityEditor.Search:ASIAI0B)
Imported 'GUID: 6a0a5a10cdbd1ea46bd0ca4df5c89b71' -> (Import Result ID: 'ec30608d8ab05e61cb8ad67218f2db3b') in 0.004 seconds [static and dynamic dependencies]. Details - ImportResultOutputID=929d8bc2ffb2aa8a07f999fb6185e652 DependenciesID=994fe964612df25dfc656aae003c3c83 StaticDependenciesID=37e959cfd88d5cd062b78e2d64772028 
Number of updated asset objects reloaded before import = 0
Number of asset objects unloaded after import = 26
========================================================================
Received Import Request.
  Time of request: 2026-10-08T13:51:29.555933Z
  Time since last request: 0.0003006 seconds.
  importAddress: GUID: 9ebc64d99d088e245951f0f43f382670 - Path: Assets/Free Pack/HDRP/Textures/T_BottleBulk_01_MaskMap.png - Importer: ScriptedImporter/UnityEditor.QuickSearchModule:UnityEditor.Search:ASIAI0B
Importing 'GUID: 9ebc64d99d088e245951f0f43f382670 - Path: Assets/Free Pack/HDRP/Textures/T_BottleBulk_01_MaskMap.png - Importer: ScriptedImporter/UnityEditor.QuickSearchModule:UnityEditor.Search:ASIAI0B' with importer (ScriptedImporter : UnityEditor.QuickSearchModule:UnityEditor.Search:ASIAI0B)
Imported 'GUID: 9ebc64d99d088e245951f0f43f382670' -> (Import Result ID: 'd5ec0370257a8907d87bf7fd64b7cb3d') in 0.007 seconds [static and dynamic dependencies]. Details - ImportResultOutputID=b6f04500bbfe39e4f0264ba594c7b69e DependenciesID=608630091aa750807ad876352a3ca816 StaticDependenciesID=b7884fb40340a191244d480383adfb9c 
Number of updated asset objects reloaded before import = 0
Number of asset objects unloaded after import = 1
========================================================================
Received Import Request.
  Time of request: 2026-10-08T13:51:29.5635928Z
  Time since last request: 0.000341 seconds.
  importAddress: GUID: 6825a766f1ef43541a7292aac2702955 - Path: Assets/Free Pack/HDRP/Prefabs/SM_Grapes_02_HDRP.prefab - Importer: ScriptedImporter/UnityEditor.QuickSearchModule:UnityEditor.Search:ASIAI0B
Importing 'GUID: 6825a766f1ef43541a7292aac2702955 - Path: Assets/Free Pack/HDRP/Prefabs/SM_Grapes_02_HDRP.prefab - Importer: ScriptedImporter/UnityEditor.QuickSearchModule:UnityEditor.Search:ASIAI0B' with importer (ScriptedImporter : UnityEditor.QuickSearchModule:UnityEditor.Search:ASIAI0B)
Imported 'GUID: 6825a766f1ef43541a7292aac2702955' -> (Import Result ID: '5e9431c11320ce58a246c8510b729d1b') in 0.005 seconds [static and dynamic dependencies]. Details - ImportResultOutputID=1fadf3e08322811b943d518988765220 DependenciesID=e25576181269f95a7d2ad21d4cb30fa7 StaticDependenciesID=9fc4f6f75b2ed3e1a192cb8366b18303 
Number of updated asset objects reloaded before import = 0
Number of asset objects unloaded after import = 26
========================================================================
Received Import Request.
  Time of request: 2026-10-08T13:51:29.5686611Z
  Time since last request: 0.0001981 seconds.
  importAddress: GUID: 1d7f98561a93ede41b076c4b40af3ad9 - Path: Assets/Free Pack/HDRP/Prefabs/SM_Bottle_22_HDRP.prefab - Importer: ScriptedImporter/UnityEditor.QuickSearchModule:UnityEditor.Search:ASIAI0B
Importing 'GUID: 1d7f98561a93ede41b076c4b40af3ad9 - Path: Assets/Free Pack/HDRP/Prefabs/SM_Bottle_22_HDRP.prefab - Importer: ScriptedImporter/UnityEditor.QuickSearchModule:UnityEditor.Search:ASIAI0B' with importer (ScriptedImporter : UnityEditor.QuickSearchModule:UnityEditor.Search:ASIAI0B)
Imported 'GUID: 1d7f98561a93ede41b076c4b40af3ad9' -> (Import Result ID: '04df28aa61a341d10ca01f9bb62ee247') in 0.004 seconds [static and dynamic dependencies]. Details - ImportResultOutputID=919a09fff0733ab27236322cfa0f5dbc DependenciesID=55fe2fc2b6e48962b510b4ba9b2ad6f4 StaticDependenciesID=b1556a3b5eb5e9082326e304413d6b49 
Number of updated asset objects reloaded before import = 0
Number of asset objects unloaded after import = 26
========================================================================
Received Import Request.
  Time of request: 2026-10-08T13:51:29.5734018Z
  Time since last request: 0.0001761 seconds.
  importAddress: GUID: ab10bee95bd8f2347b7e134f7a2ce86f - Path: Assets/Free Pack/HDRP/Textures/T_FC_RK_Batch_02_MaskMap.png - Importer: ScriptedImporter/UnityEditor.QuickSearchModule:UnityEditor.Search:ASIAI0B
Importing 'GUID: ab10bee95bd8f2347b7e134f7a2ce86f - Path: Assets/Free Pack/HDRP/Textures/T_FC_RK_Batch_02_MaskMap.png - Importer: ScriptedImporter/UnityEditor.QuickSearchModule:UnityEditor.Search:ASIAI0B' with importer (ScriptedImporter : UnityEditor.QuickSearchModule:UnityEditor.Search:ASIAI0B)
Imported 'GUID: ab10bee95bd8f2347b7e134f7a2ce86f' -> (Import Result ID: 'd99d83dc31330bacc21993308671c725') in 0.008 seconds [static and dynamic dependencies]. Details - ImportResultOutputID=dc1d957466cb6b74ffa804bff3327eb1 DependenciesID=cedad56ead6355e71465c9de588ea602 StaticDependenciesID=8c5c1c6eabb502cfd47addd86c598fb4 
Number of updated asset objects reloaded before import = 0
Number of asset objects unloaded after import = 1
========================================================================
Received Import Request.
  Time of request: 2026-10-08T13:51:29.5816807Z
  Time since last request: 0.0003094 seconds.
  importAddress: GUID: 06e3be8ce7ff18844bd62e85ef3557b3 - Path: Assets/Free Pack/HDRP/Textures/T_EggplantDish_MaskMap.png - Importer: ScriptedImporter/UnityEditor.QuickSearchModule:UnityEditor.Search:ASIAI0B
Importing 'GUID: 06e3be8ce7ff18844bd62e85ef3557b3 - Path: Assets/Free Pack/HDRP/Textures/T_EggplantDish_MaskMap.png - Importer: ScriptedImporter/UnityEditor.QuickSearchModule:UnityEditor.Search:ASIAI0B' with importer (ScriptedImporter : UnityEditor.QuickSearchModule:UnityEditor.Search:ASIAI0B)
Imported 'GUID: 06e3be8ce7ff18844bd62e85ef3557b3' -> (Import Result ID: '1f5c08c8328f76866ec0a009f49a641c') in 0.008 seconds [static and dynamic dependencies]. Details - ImportResultOutputID=0181a7f19b4416b8c517aa1953a4c176 DependenciesID=4f92fc5e1be4154dded6a5f8ae70d544 StaticDependenciesID=cd89d7ef8482db9a6e0bbbc2ecafc9ff 
Number of updated asset objects reloaded before import = 0
Number of asset objects unloaded after import = 1
========================================================================
Received Import Request.
  Time of request: 2026-10-08T13:51:29.5897687Z
  Time since last request: 0.0002939 seconds.
  importAddress: GUID: c91ea5082fca24446925728287eb3361 - Path: Assets/Free Pack/HDRP/Prefabs/SM_Spoon_02_HDRP.prefab - Importer: ScriptedImporter/UnityEditor.QuickSearchModule:UnityEditor.Search:ASIAI0B
Importing 'GUID: c91ea5082fca24446925728287eb3361 - Path: Assets/Free Pack/HDRP/Prefabs/SM_Spoon_02_HDRP.prefab - Importer: ScriptedImporter/UnityEditor.QuickSearchModule:UnityEditor.Search:ASIAI0B' with importer (ScriptedImporter : UnityEditor.QuickSearchModule:UnityEditor.Search:ASIAI0B)
Imported 'GUID: c91ea5082fca24446925728287eb3361' -> (Import Result ID: 'e2aa72de94425f8523ebefaf419ff00d') in 0.004 seconds [static and dynamic dependencies]. Details - ImportResultOutputID=a5ddabf2c087b01c7cc78f5a0967006d DependenciesID=ba0289af09a17fec5e7b4950e2ad8f1a StaticDependenciesID=c1e0cb949e74be5907749975df3a2351 
Number of updated asset objects reloaded before import = 0
Number of asset objects unloaded after import = 26
========================================================================
Received Import Request.
  Time of request: 2026-10-08T13:51:29.5944195Z
  Time since last request: 0.0002191 seconds.
  importAddress: GUID: f3474a0534dafa24d801f50b758ac286 - Path: Assets/Free Pack/HDRP/Textures/T_Batch_Small_01_MaskMap.png - Importer: ScriptedImporter/UnityEditor.QuickSearchModule:UnityEditor.Search:ASIAI0B
Importing 'GUID: f3474a0534dafa24d801f50b758ac286 - Path: Assets/Free Pack/HDRP/Textures/T_Batch_Small_01_MaskMap.png - Importer: ScriptedImporter/UnityEditor.QuickSearchModule:UnityEditor.Search:ASIAI0B' with importer (ScriptedImporter : UnityEditor.QuickSearchModule:UnityEditor.Search:ASIAI0B)
Imported 'GUID: f3474a0534dafa24d801f50b758ac286' -> (Import Result ID: 'da85c3e2a3976b0462c77d2ee9195c72') in 0.008 seconds [static and dynamic dependencies]. Details - ImportResultOutputID=bbe7427d6a9d06504de8bc5c7bd0396a DependenciesID=40fb7776e1331cdbcc5b65566129e819 StaticDependenciesID=8f290cf4cc754cf79b5c69a52d8a1a37 
Number of updated asset objects reloaded before import = 0
Number of asset objects unloaded after import = 1
========================================================================
Received Import Request.
  Time of request: 2026-10-08T13:51:29.6031218Z
  Time since last request: 0.0002104 seconds.
  importAddress: GUID: a6553e0170b6b6a48acb0086418d0876 - Path: Assets/Free Pack/HDRP/Textures/T_Fridge_MaskMap.png - Importer: ScriptedImporter/UnityEditor.QuickSearchModule:UnityEditor.Search:ASIAI0B
Importing 'GUID: a6553e0170b6b6a48acb0086418d0876 - Path: Assets/Free Pack/HDRP/Textures/T_Fridge_MaskMap.png - Importer: ScriptedImporter/UnityEditor.QuickSearchModule:UnityEditor.Search:ASIAI0B' with importer (ScriptedImporter : UnityEditor.QuickSearchModule:UnityEditor.Search:ASIAI0B)
Imported 'GUID: a6553e0170b6b6a48acb0086418d0876' -> (Import Result ID: '128e909db00f50b5a6b1bbb14e975867') in 0.008 seconds [static and dynamic dependencies]. Details - ImportResultOutputID=612c48dd926681447a22cedc4118805e DependenciesID=653e2727608c4bf8ec37108fba114d6b StaticDependenciesID=4ba199f469f750cfb0ed209687358c15 
Number of updated asset objects reloaded before import = 0
Number of asset objects unloaded after import = 1
========================================================================
Received Import Request.
  Time of request: 2026-10-08T13:51:29.6117816Z
  Time since last request: 0.0002923 seconds.
  importAddress: GUID: 4e971321d44b5324b8746759a659ab59 - Path: Assets/Free Pack/HDRP/Textures/T_Bulk2_MaskMap.png - Importer: ScriptedImporter/UnityEditor.QuickSearchModule:UnityEditor.Search:ASIAI0B
Importing 'GUID: 4e971321d44b5324b8746759a659ab59 - Path: Assets/Free Pack/HDRP/Textures/T_Bulk2_MaskMap.png - Importer: ScriptedImporter/UnityEditor.QuickSearchModule:UnityEditor.Search:ASIAI0B' with importer (ScriptedImporter : UnityEditor.QuickSearchModule:UnityEditor.Search:ASIAI0B)
Imported 'GUID: 4e971321d44b5324b8746759a659ab59' -> (Import Result ID: '9017313b2d0fe64094398f743943e6ca') in 0.109 seconds [static and dynamic dependencies]. Details - ImportResultOutputID=c14b9dbcc426153291adaf7c1d44e419 DependenciesID=bc7aca782b68637a4eb73b2be0a0acc3 StaticDependenciesID=e06cc51ccc9608d6739d6a0706ccdd1f 
Number of updated asset objects reloaded before import = 0
Number of asset objects unloaded after import = 1
========================================================================
Received Import Request.
  Time of request: 2026-10-08T13:51:29.8219503Z
  Time since last request: 0.1005561 seconds.
  importAddress: GUID: ebbad5ab0280f70489de03b94c57e382 - Path: Assets/Free Pack/URP/Prefabs/SM_Chair_V2_URP.prefab - Importer: ScriptedImporter/UnityEditor.QuickSearchModule:UnityEditor.Search:ASIAI0B
Importing 'GUID: ebbad5ab0280f70489de03b94c57e382 - Path: Assets/Free Pack/URP/Prefabs/SM_Chair_V2_URP.prefab - Importer: ScriptedImporter/UnityEditor.QuickSearchModule:UnityEditor.Search:ASIAI0B' with importer (ScriptedImporter : UnityEditor.QuickSearchModule:UnityEditor.Search:ASIAI0B)
Imported 'GUID: ebbad5ab0280f70489de03b94c57e382' -> (Import Result ID: '9ef8ff8910f721cd353fd99a3f02da99') in 0.007 seconds [static and dynamic dependencies]. Details - ImportResultOutputID=442870691320fb4102fa45308cdf0b47 DependenciesID=7f37faf22c8f20f6de339225d8301b95 StaticDependenciesID=25bac2d2d3433e051571847e68858125 
Number of updated asset objects reloaded before import = 0
Number of asset objects unloaded after import = 26
========================================================================
Received Import Request.
  Time of request: 2026-10-08T13:51:29.8292051Z
  Time since last request: 0.0001845 seconds.
  importAddress: GUID: 6f0714179a6cd334eb3f99d8125f1b43 - Path: Assets/Free Pack/URP/Prefabs/SM_HH_Basket_04_URP.prefab - Importer: ScriptedImporter/UnityEditor.QuickSearchModule:UnityEditor.Search:ASIAI0B
Importing 'GUID: 6f0714179a6cd334eb3f99d8125f1b43 - Path: Assets/Free Pack/URP/Prefabs/SM_HH_Basket_04_URP.prefab - Importer: ScriptedImporter/UnityEditor.QuickSearchModule:UnityEditor.Search:ASIAI0B' with importer (ScriptedImporter : UnityEditor.QuickSearchModule:UnityEditor.Search:ASIAI0B)
Imported 'GUID: 6f0714179a6cd334eb3f99d8125f1b43' -> (Import Result ID: '5bd137841b3b83a461f064edd197bf67') in 0.107 seconds [static and dynamic dependencies]. Details - ImportResultOutputID=0a671bc17a592bbf5d8469f4efc3b3f2 DependenciesID=416fd6a9576398ccd6f6cd5fa86477bd StaticDependenciesID=1a0594bd7817e0cef39034f6b2f3769a 
Number of updated asset objects reloaded before import = 0
Number of asset objects unloaded after import = 26
========================================================================
Received Import Request.
  Time of request: 2026-10-08T13:51:29.9363618Z
  Time since last request: 0.000141 seconds.
  importAddress: GUID: e49d7c44b4e4b5345a495ef62830c4d0 - Path: Assets/Free Pack/URP/Prefabs/SM_Microwave_Oven_URP.prefab - Importer: ScriptedImporter/UnityEditor.QuickSearchModule:UnityEditor.Search:ASIAI0B
Importing 'GUID: e49d7c44b4e4b5345a495ef62830c4d0 - Path: Assets/Free Pack/URP/Prefabs/SM_Microwave_Oven_URP.prefab - Importer: ScriptedImporter/UnityEditor.QuickSearchModule:UnityEditor.Search:ASIAI0B' with importer (ScriptedImporter : UnityEditor.QuickSearchModule:UnityEditor.Search:ASIAI0B)
Imported 'GUID: e49d7c44b4e4b5345a495ef62830c4d0' -> (Import Result ID: '1f44cc01521e5cc3360bf3b2445724f2') in 0.005 seconds [static and dynamic dependencies]. Details - ImportResultOutputID=c403b85a151833ac94e4b5c0520c7272 DependenciesID=15946ec40602893f39b07166efdb0911 StaticDependenciesID=286f3cacb56d2bda6a14a0aa1c0352b2 
Number of updated asset objects reloaded before import = 0
Number of asset objects unloaded after import = 26
========================================================================
Received Import Request.
  Time of request: 2026-10-08T13:51:29.9416176Z
  Time since last request: 0.0003009 seconds.
  importAddress: GUID: 9507dc6ee3f9efa43ab2d1fe54d03997 - Path: Assets/Free Pack/URP/Materials/M_Bulk2_URP.mat - Importer: ScriptedImporter/UnityEditor.QuickSearchModule:UnityEditor.Search:ASIAI0B
Importing 'GUID: 9507dc6ee3f9efa43ab2d1fe54d03997 - Path: Assets/Free Pack/URP/Materials/M_Bulk2_URP.mat - Importer: ScriptedImporter/UnityEditor.QuickSearchModule:UnityEditor.Search:ASIAI0B' with importer (ScriptedImporter : UnityEditor.QuickSearchModule:UnityEditor.Search:ASIAI0B)
Imported 'GUID: 9507dc6ee3f9efa43ab2d1fe54d03997' -> (Import Result ID: 'ca4d0ca75fea4192059087b5a2463f00') in 0.004 seconds [static and dynamic dependencies]. Details - ImportResultOutputID=06efea0f59cdb801a09e5b103e85dd71 DependenciesID=4cff1ea4d32ce74ecdbfee96e4c70b36 StaticDependenciesID=69e0c7dcb556b680d93286e4de3c84fc 
Number of updated asset objects reloaded before import = 0
Number of asset objects unloaded after import = 1
========================================================================
Received Import Request.
  Time of request: 2026-10-08T13:51:29.9459393Z
  Time since last request: 0.0003173 seconds.
  importAddress: GUID: 9fb9341b87aa9484b90f49e87ea1286b - Path: Assets/Free Pack/URP/Prefabs/SM_Marble_Top_Dining_Table_URP.prefab - Importer: ScriptedImporter/UnityEditor.QuickSearchModule:UnityEditor.Search:ASIAI0B
Importing 'GUID: 9fb9341b87aa9484b90f49e87ea1286b - Path: Assets/Free Pack/URP/Prefabs/SM_Marble_Top_Dining_Table_URP.prefab - Importer: ScriptedImporter/UnityEditor.QuickSearchModule:UnityEditor.Search:ASIAI0B' with importer (ScriptedImporter : UnityEditor.QuickSearchModule:UnityEditor.Search:ASIAI0B)
Imported 'GUID: 9fb9341b87aa9484b90f49e87ea1286b' -> (Import Result ID: '5ba24efa1ef850e0bafdc2152c9830df') in 0.005 seconds [static and dynamic dependencies]. Details - ImportResultOutputID=e76b54162fab1ed9b6a7459b94bc435c DependenciesID=ee2c595bc91a10b14be3804ab4e459ee StaticDependenciesID=6652c09d3205ca3c5c106982694afd26 
Number of updated asset objects reloaded before import = 0
Number of asset objects unloaded after import = 26
========================================================================
Received Import Request.
  Time of request: 2026-10-08T13:51:29.9513459Z
  Time since last request: 0.0002383 seconds.
  importAddress: GUID: 71bb12409e9ba144db9e99348df0fdf6 - Path: Assets/Free Pack/URP/Prefabs/SM_Bottle_32_URP.prefab - Importer: ScriptedImporter/UnityEditor.QuickSearchModule:UnityEditor.Search:ASIAI0B
Importing 'GUID: 71bb12409e9ba144db9e99348df0fdf6 - Path: Assets/Free Pack/URP/Prefabs/SM_Bottle_32_URP.prefab - Importer: ScriptedImporter/UnityEditor.QuickSearchModule:UnityEditor.Search:ASIAI0B' with importer (ScriptedImporter : UnityEditor.QuickSearchModule:UnityEditor.Search:ASIAI0B)
Imported 'GUID: 71bb12409e9ba144db9e99348df0fdf6' -> (Import Result ID: '72363ec2b1889c89625918d446e28d2f') in 0.006 seconds [static and dynamic dependencies]. Details - ImportResultOutputID=0071df463612969d68d3c0087d37cb4a DependenciesID=75bfc47f5707cd159481f5b5785697d7 StaticDependenciesID=102f6d0669ab8b47fd954685d64d15a2 
Number of updated asset objects reloaded before import = 0
Number of asset objects unloaded after import = 26
========================================================================
Received Import Request.
  Time of request: 2026-10-08T13:51:29.9580408Z
  Time since last request: 0.0002772 seconds.
  importAddress: GUID: 80f693e10452c9441a036dfc97892419 - Path: Assets/Free Pack/URP/Prefabs/SM_Jar_07_URP.prefab - Importer: ScriptedImporter/UnityEditor.QuickSearchModule:UnityEditor.Search:ASIAI0B
Importing 'GUID: 80f693e10452c9441a036dfc97892419 - Path: Assets/Free Pack/URP/Prefabs/SM_Jar_07_URP.prefab - Importer: ScriptedImporter/UnityEditor.QuickSearchModule:UnityEditor.Search:ASIAI0B' with importer (ScriptedImporter : UnityEditor.QuickSearchModule:UnityEditor.Search:ASIAI0B)
Imported 'GUID: 80f693e10452c9441a036dfc97892419' -> (Import Result ID: 'be1644dbaaff48cae04b96c7e4a1af5e') in 0.005 seconds [static and dynamic dependencies]. Details - ImportResultOutputID=1da4a55c5d884274f8ea0c1d9e11ebd2 DependenciesID=1438a65acdea2d6a326c68aa28811a44 StaticDependenciesID=ed7f5118b61a9fc4e4bea72b5dbc8ebe 
Number of updated asset objects reloaded before import = 0
Number of asset objects unloaded after import = 26
========================================================================
Received Import Request.
  Time of request: 2026-10-08T13:51:29.9636358Z
  Time since last request: 0.0001489 seconds.
  importAddress: GUID: 7651e1daf22853b4099456aa8464e41f - Path: Assets/Free Pack/HDRP/Textures/T_Table_V8_MaskMap.png - Importer: ScriptedImporter/UnityEditor.QuickSearchModule:UnityEditor.Search:ASIAI0B
Importing 'GUID: 7651e1daf22853b4099456aa8464e41f - Path: Assets/Free Pack/HDRP/Textures/T_Table_V8_MaskMap.png - Importer: ScriptedImporter/UnityEditor.QuickSearchModule:UnityEditor.Search:ASIAI0B' with importer (ScriptedImporter : UnityEditor.QuickSearchModule:UnityEditor.Search:ASIAI0B)
Imported 'GUID: 7651e1daf22853b4099456aa8464e41f' -> (Import Result ID: 'ea2ab8cb0a6e31998a04cb3fb7cc6d32') in 0.010 seconds [static and dynamic dependencies]. Details - ImportResultOutputID=5ef02adae5cc165481467c94f7deabab DependenciesID=fde610006c8b44f85227b38d9d66e4c1 StaticDependenciesID=06f459bbfaac16ce30bb49485e01cd74 
Number of updated asset objects reloaded before import = 0
Number of asset objects unloaded after import = 1
========================================================================
Received Import Request.
  Time of request: 2026-10-08T13:51:29.9738786Z
  Time since last request: 0.0003836 seconds.
  importAddress: GUID: 960166bf91515fd4c8cedbd3b61f3807 - Path: Assets/Free Pack/URP/Prefabs/SM_Spoon_02_URP.prefab - Importer: ScriptedImporter/UnityEditor.QuickSearchModule:UnityEditor.Search:ASIAI0B
Importing 'GUID: 960166bf91515fd4c8cedbd3b61f3807 - Path: Assets/Free Pack/URP/Prefabs/SM_Spoon_02_URP.prefab - Importer: ScriptedImporter/UnityEditor.QuickSearchModule:UnityEditor.Search:ASIAI0B' with importer (ScriptedImporter : UnityEditor.QuickSearchModule:UnityEditor.Search:ASIAI0B)
Imported 'GUID: 960166bf91515fd4c8cedbd3b61f3807' -> (Import Result ID: '499d08e0d71b4018f661dd9931a99d3d') in 0.005 seconds [static and dynamic dependencies]. Details - ImportResultOutputID=6239f6656d4f5a8eba29c9734181afae DependenciesID=e0106858bae9c16b4568ff556dce04a7 StaticDependenciesID=bab494d5d167c6cf4bcae93602b24f35 
Number of updated asset objects reloaded before import = 0
Number of asset objects unloaded after import = 26
========================================================================
Received Import Request.
  Time of request: 2026-10-08T13:51:29.9794538Z
  Time since last request: 0.000209 seconds.
  importAddress: GUID: 33b535f9574a3074ca0fd699ba463ad7 - Path: Assets/Free Pack/URP/Prefabs/SM_Cereal_box_URP.prefab - Importer: ScriptedImporter/UnityEditor.QuickSearchModule:UnityEditor.Search:ASIAI0B
Importing 'GUID: 33b535f9574a3074ca0fd699ba463ad7 - Path: Assets/Free Pack/URP/Prefabs/SM_Cereal_box_URP.prefab - Importer: ScriptedImporter/UnityEditor.QuickSearchModule:UnityEditor.Search:ASIAI0B' with importer (ScriptedImporter : UnityEditor.QuickSearchModule:UnityEditor.Search:ASIAI0B)
Imported 'GUID: 33b535f9574a3074ca0fd699ba463ad7' -> (Import Result ID: '567846d97dea5f6cd7f9cb311dc0ab8e') in 0.005 seconds [static and dynamic dependencies]. Details - ImportResultOutputID=bf9d2fd469d234ee4fb261f0f0990eae DependenciesID=251343867175b06ce1e82970d2c60a2c StaticDependenciesID=1e5627334b6a4e2e0a084dc7ada0dd51 
Number of updated asset objects reloaded before import = 0
Number of asset objects unloaded after import = 26
========================================================================
Received Import Request.
  Time of request: 2026-10-08T13:51:29.9845422Z
  Time since last request: 0.0002814 seconds.
  importAddress: GUID: 0678b31410a73ca4690928a52fd28e9f - Path: Assets/Free Pack/URP/Materials/M_Lab_Wall_URP.mat - Importer: ScriptedImporter/UnityEditor.QuickSearchModule:UnityEditor.Search:ASIAI0B
Importing 'GUID: 0678b31410a73ca4690928a52fd28e9f - Path: Assets/Free Pack/URP/Materials/M_Lab_Wall_URP.mat - Importer: ScriptedImporter/UnityEditor.QuickSearchModule:UnityEditor.Search:ASIAI0B' with importer (ScriptedImporter : UnityEditor.QuickSearchModule:UnityEditor.Search:ASIAI0B)
Imported 'GUID: 0678b31410a73ca4690928a52fd28e9f' -> (Import Result ID: '63c5abb3ad2cebec67d6881f54aa0883') in 0.006 seconds [static and dynamic dependencies]. Details - ImportResultOutputID=1a0377180cc0c11f89953eee43d0584d DependenciesID=9fbb27d36cb5dd1bce7501dca6e9b7d8 StaticDependenciesID=889a1ee14917041ffaf6a2ce48c3968c 
Number of updated asset objects reloaded before import = 0
Number of asset objects unloaded after import = 1
========================================================================
Received Import Request.
  Time of request: 2026-10-08T13:51:29.9910978Z
  Time since last request: 0.000451 seconds.
  importAddress: GUID: 4e7b8851ab21af64cb615894de87fd5f - Path: Assets/Free Pack/URP/Materials/M_Batch_Small_02_URP.mat - Importer: ScriptedImporter/UnityEditor.QuickSearchModule:UnityEditor.Search:ASIAI0B
Importing 'GUID: 4e7b8851ab21af64cb615894de87fd5f - Path: Assets/Free Pack/URP/Materials/M_Batch_Small_02_URP.mat - Importer: ScriptedImporter/UnityEditor.QuickSearchModule:UnityEditor.Search:ASIAI0B' with importer (ScriptedImporter : UnityEditor.QuickSearchModule:UnityEditor.Search:ASIAI0B)
Imported 'GUID: 4e7b8851ab21af64cb615894de87fd5f' -> (Import Result ID: 'f8a74ecc76148191f74678f1b265c1e7') in 0.004 seconds [static and dynamic dependencies]. Details - ImportResultOutputID=f31129329704607d121ea9ad55fdeec2 DependenciesID=690aae90824bfb91411c7cbcc7ba2050 StaticDependenciesID=b47b8f2bfa2dc7f30141b44ecd02ff61 
Number of updated asset objects reloaded before import = 0
Number of asset objects unloaded after import = 1
========================================================================
Received Import Request.
  Time of request: 2026-10-08T13:51:29.9958121Z
  Time since last request: 0.0003228 seconds.
  importAddress: GUID: ea63a91df1601324c83463eb8b71b5d8 - Path: Assets/Free Pack/URP/Prefabs/SM_Coffee_cup_URP.prefab - Importer: ScriptedImporter/UnityEditor.QuickSearchModule:UnityEditor.Search:ASIAI0B
Importing 'GUID: ea63a91df1601324c83463eb8b71b5d8 - Path: Assets/Free Pack/URP/Prefabs/SM_Coffee_cup_URP.prefab - Importer: ScriptedImporter/UnityEditor.QuickSearchModule:UnityEditor.Search:ASIAI0B' with importer (ScriptedImporter : UnityEditor.QuickSearchModule:UnityEditor.Search:ASIAI0B)
Imported 'GUID: ea63a91df1601324c83463eb8b71b5d8' -> (Import Result ID: '156ef296744bc39a78b0d8d27d6a8a1e') in 0.006 seconds [static and dynamic dependencies]. Details - ImportResultOutputID=f7fb38c6e77334e16345406ee2ecd8da DependenciesID=7853e7108657c51ab5907e8d9d7d1a17 StaticDependenciesID=866b0a2058f6203aaac055df35cac671 
Number of updated asset objects reloaded before import = 0
Number of asset objects unloaded after import = 26
========================================================================
Received Import Request.
  Time of request: 2026-10-08T13:51:30.0021643Z
  Time since last request: 0.0002687 seconds.
  importAddress: GUID: 995c40044916ceb4294aaa912e5767e2 - Path: Assets/Free Pack/URP/Prefabs/SM_Candle_stand_05_URP.prefab - Importer: ScriptedImporter/UnityEditor.QuickSearchModule:UnityEditor.Search:ASIAI0B
Importing 'GUID: 995c40044916ceb4294aaa912e5767e2 - Path: Assets/Free Pack/URP/Prefabs/SM_Candle_stand_05_URP.prefab - Importer: ScriptedImporter/UnityEditor.QuickSearchModule:UnityEditor.Search:ASIAI0B' with importer (ScriptedImporter : UnityEditor.QuickSearchModule:UnityEditor.Search:ASIAI0B)
Imported 'GUID: 995c40044916ceb4294aaa912e5767e2' -> (Import Result ID: 'a594dee4848959691c7764a276080243') in 0.005 seconds [static and dynamic dependencies]. Details - ImportResultOutputID=1dae342ce8a84af9026894752a0139b0 DependenciesID=d7e6b8b4018142f8a97fceca120b94b4 StaticDependenciesID=2a01822e8f634c2c7d98e5212e81c752 
Number of updated asset objects reloaded before import = 0
Number of asset objects unloaded after import = 26
========================================================================
Received Import Request.
  Time of request: 2026-10-08T13:51:30.0074346Z
  Time since last request: 0.0001002 seconds.
  importAddress: GUID: d00e4641b2c04d14b861e8acd9d90ee9 - Path: Assets/Free Pack/URP/Prefabs/SM_Chickenfull_URP.prefab - Importer: ScriptedImporter/UnityEditor.QuickSearchModule:UnityEditor.Search:ASIAI0B
Importing 'GUID: d00e4641b2c04d14b861e8acd9d90ee9 - Path: Assets/Free Pack/URP/Prefabs/SM_Chickenfull_URP.prefab - Importer: ScriptedImporter/UnityEditor.QuickSearchModule:UnityEditor.Search:ASIAI0B' with importer (ScriptedImporter : UnityEditor.QuickSearchModule:UnityEditor.Search:ASIAI0B)
Imported 'GUID: d00e4641b2c04d14b861e8acd9d90ee9' -> (Import Result ID: '73b2c6c53053bf5360ef2fcd6c666c33') in 0.005 seconds [static and dynamic dependencies]. Details - ImportResultOutputID=c119453dc8040f076788437bc48d36c7 DependenciesID=0a4e765fb333ba4c255255c01b187f59 StaticDependenciesID=77f45b2157ebba3c4a1821338fe751f8 
Number of updated asset objects reloaded before import = 0
Number of asset objects unloaded after import = 26
========================================================================
Received Import Request.
  Time of request: 2026-10-08T13:51:30.0133385Z
  Time since last request: 0.0002576 seconds.
  importAddress: GUID: 8c5a70adea5f1044d81a5920cb5da141 - Path: Assets/Free Pack/URP/Prefabs/SM_CS_Chair_01_URP.prefab - Importer: ScriptedImporter/UnityEditor.QuickSearchModule:UnityEditor.Search:ASIAI0B
Importing 'GUID: 8c5a70adea5f1044d81a5920cb5da141 - Path: Assets/Free Pack/URP/Prefabs/SM_CS_Chair_01_URP.prefab - Importer: ScriptedImporter/UnityEditor.QuickSearchModule:UnityEditor.Search:ASIAI0B' with importer (ScriptedImporter : UnityEditor.QuickSearchModule:UnityEditor.Search:ASIAI0B)
Imported 'GUID: 8c5a70adea5f1044d81a5920cb5da141' -> (Import Result ID: '444ff5f582b8925244acbbbc5b0d7c92') in 0.006 seconds [static and dynamic dependencies]. Details - ImportResultOutputID=3682ca0af9c0c4512c63b65cca22533c DependenciesID=e65479de744fac19da836a3dc9763686 StaticDependenciesID=454389501592c4ab01270b3bab122ced 
Number of updated asset objects reloaded before import = 0
Number of asset objects unloaded after import = 26
========================================================================
Received Import Request.
  Time of request: 2026-10-08T13:51:30.0802039Z
  Time since last request: 0.061113 seconds.
  importAddress: GUID: 1bd8e2f47a6c4478ab8f0ade7687e79b - Path: Packages/com.unity.multiplayer.center/Common/IOnboardingSection.cs - Importer: ScriptedImporter/UnityEditor.QuickSearchModule:UnityEditor.Search:ASIAI0B
Importing 'GUID: 1bd8e2f47a6c4478ab8f0ade7687e79b - Path: Packages/com.unity.multiplayer.center/Common/IOnboardingSection.cs - Importer: ScriptedImporter/UnityEditor.QuickSearchModule:UnityEditor.Search:ASIAI0B' with importer (ScriptedImporter : UnityEditor.QuickSearchModule:UnityEditor.Search:ASIAI0B)
Imported 'GUID: 1bd8e2f47a6c4478ab8f0ade7687e79b' -> (Import Result ID: '607b2178e69ad688b7bafc50c0005986') in 0.006 seconds [static and dynamic dependencies]. Details - ImportResultOutputID=78d7131811e6448a273b83d06aa7a622 DependenciesID=6f17c888a8f683189ffba09d7ad39dd1 StaticDependenciesID=f250f83f70a676a575d850658b6de8ec 
Number of updated asset objects reloaded before import = 0
Number of asset objects unloaded after import = 0
========================================================================
Received Import Request.
  Time of request: 2026-10-08T13:51:30.0864983Z
  Time since last request: 0.0002457 seconds.
  importAddress: GUID: 0a9ab22e4e004c7db707338bccb538b9 - Path: Packages/com.unity.multiplayer.center/Common/Preset.cs - Importer: ScriptedImporter/UnityEditor.QuickSearchModule:UnityEditor.Search:ASIAI0B
Importing 'GUID: 0a9ab22e4e004c7db707338bccb538b9 - Path: Packages/com.unity.multiplayer.center/Common/Preset.cs - Importer: ScriptedImporter/UnityEditor.QuickSearchModule:UnityEditor.Search:ASIAI0B' with importer (ScriptedImporter : UnityEditor.QuickSearchModule:UnityEditor.Search:ASIAI0B)
Imported 'GUID: 0a9ab22e4e004c7db707338bccb538b9' -> (Import Result ID: 'beb496365b731c5a7b6b6a7da424b4c1') in 0.003 seconds [static and dynamic dependencies]. Details - ImportResultOutputID=7c891f078035e8a3111dbc30269c65d1 DependenciesID=e86eaae1d53262085529590117689f79 StaticDependenciesID=3e2071ded9f8d0d1b4562e9958440261 
Number of updated asset objects reloaded before import = 0
Number of asset objects unloaded after import = 0
========================================================================
Received Import Request.
  Time of request: 2026-10-08T13:51:30.0902451Z
  Time since last request: 0.0003277 seconds.
  importAddress: GUID: 50d5ff9fe4ab4477b7ea648da183e9d1 - Path: Packages/com.unity.multiplayer.center/Common/StyleConstants.cs - Importer: ScriptedImporter/UnityEditor.QuickSearchModule:UnityEditor.Search:ASIAI0B
Importing 'GUID: 50d5ff9fe4ab4477b7ea648da183e9d1 - Path: Packages/com.unity.multiplayer.center/Common/StyleConstants.cs - Importer: ScriptedImporter/UnityEditor.QuickSearchModule:UnityEditor.Search:ASIAI0B' with importer (ScriptedImporter : UnityEditor.QuickSearchModule:UnityEditor.Search:ASIAI0B)
Imported 'GUID: 50d5ff9fe4ab4477b7ea648da183e9d1' -> (Import Result ID: 'ed1740e8208fc61363e164b35d6778e3') in 0.004 seconds [static and dynamic dependencies]. Details - ImportResultOutputID=cc0e551952614e236d1e126335dad2a5 DependenciesID=b5461cb3061638ea42c25035db4a334b StaticDependenciesID=375fc93fd03f82cd296506723bb5056a 
Number of updated asset objects reloaded before import = 0
Number of asset objects unloaded after import = 0
========================================================================
Received Import Request.
  Time of request: 2026-10-08T13:51:30.0944726Z
  Time since last request: 0.0002782 seconds.
  importAddress: GUID: 676a3852811f4199813ce7f6dbac6880 - Path: Packages/com.unity.multiplayer.center/Editor/Features/PackageManagement.cs - Importer: ScriptedImporter/UnityEditor.QuickSearchModule:UnityEditor.Search:ASIAI0B
Importing 'GUID: 676a3852811f4199813ce7f6dbac6880 - Path: Packages/com.unity.multiplayer.center/Editor/Features/PackageManagement.cs - Importer: ScriptedImporter/UnityEditor.QuickSearchModule:UnityEditor.Search:ASIAI0B' with importer (ScriptedImporter : UnityEditor.QuickSearchModule:UnityEditor.Search:ASIAI0B)
Imported 'GUID: 676a3852811f4199813ce7f6dbac6880' -> (Import Result ID: '38a2b96ddb0ccd4d8e18045348022af1') in 0.005 seconds [static and dynamic dependencies]. Details - ImportResultOutputID=814c7787906bc0fa7abbd305eed8f252 DependenciesID=46d1321b8c21c6e624aa293844ca8788 StaticDependenciesID=b2a9785f68aac599387f733c182793d7 
Number of updated asset objects reloaded before import = 0
Number of asset objects unloaded after import = 0
========================================================================
Received Import Request.
  Time of request: 2026-10-08T13:51:30.0997962Z
  Time since last request: 0.000321 seconds.
  importAddress: GUID: c8f6fa942856442b8bd72594d3ce7363 - Path: Packages/com.unity.multiplayer.center/Third Party Notices.md - Importer: ScriptedImporter/UnityEditor.QuickSearchModule:UnityEditor.Search:ASIAI0B
Importing 'GUID: c8f6fa942856442b8bd72594d3ce7363 - Path: Packages/com.unity.multiplayer.center/Third Party Notices.md - Importer: ScriptedImporter/UnityEditor.QuickSearchModule:UnityEditor.Search:ASIAI0B' with importer (ScriptedImporter : UnityEditor.QuickSearchModule:UnityEditor.Search:ASIAI0B)
Imported 'GUID: c8f6fa942856442b8bd72594d3ce7363' -> (Import Result ID: 'e2d2897dc3d95bb5c424ea0572444b12') in 0.005 seconds [static and dynamic dependencies]. Details - ImportResultOutputID=9601acd7b0426094939e9e2073719d37 DependenciesID=64c50175455f3fda48bf67bcf382f54f StaticDependenciesID=a6ab4aff30ca5d4964e1dc68619f6145 
Number of updated asset objects reloaded before import = 0
Number of asset objects unloaded after import = 1
========================================================================
Received Import Request.
  Time of request: 2026-10-08T13:51:30.1050828Z
  Time since last request: 0.000322 seconds.
  importAddress: GUID: 51566b3736df4282bbe76645014b0cc5 - Path: Packages/com.unity.multiplayer.center/Editor/AssemblyInfo.cs - Importer: ScriptedImporter/UnityEditor.QuickSearchModule:UnityEditor.Search:ASIAI0B
Importing 'GUID: 51566b3736df4282bbe76645014b0cc5 - Path: Packages/com.unity.multiplayer.center/Editor/AssemblyInfo.cs - Importer: ScriptedImporter/UnityEditor.QuickSearchModule:UnityEditor.Search:ASIAI0B' with importer (ScriptedImporter : UnityEditor.QuickSearchModule:UnityEditor.Search:ASIAI0B)
Imported 'GUID: 51566b3736df4282bbe76645014b0cc5' -> (Import Result ID: '03bf2469e0588ee48c810316d9e41e13') in 0.005 seconds [static and dynamic dependencies]. Details - ImportResultOutputID=5ffc4a945a8ba91b70cc3765ca579f61 DependenciesID=038c35530f6f788f28cee77155faba7c StaticDependenciesID=f15166cdab261ded0db4f43ff75deda2 
Number of updated asset objects reloaded before import = 0
Number of asset objects unloaded after import = 0
========================================================================
Received Import Request.
  Time of request: 2026-10-08T13:51:30.1102361Z
  Time since last request: 0.000301 seconds.
  importAddress: GUID: d0e3ad91972c66f5238f5b9b7d5ae58a - Path: Packages/com.unity.modules.unitywebrequesttexture/package.json - Importer: ScriptedImporter/UnityEditor.QuickSearchModule:UnityEditor.Search:ASIAI0B
Importing 'GUID: d0e3ad91972c66f5238f5b9b7d5ae58a - Path: Packages/com.unity.modules.unitywebrequesttexture/package.json - Importer: ScriptedImporter/UnityEditor.QuickSearchModule:UnityEditor.Search:ASIAI0B' with importer (ScriptedImporter : UnityEditor.QuickSearchModule:UnityEditor.Search:ASIAI0B)
Imported 'GUID: d0e3ad91972c66f5238f5b9b7d5ae58a' -> (Import Result ID: 'a05055ee2dede2e759b379fcfc758395') in 0.005 seconds [static and dynamic dependencies]. Details - ImportResultOutputID=7b001b4b409fe1956bab168e93c9f5e1 DependenciesID=150a3ef30c449f73f8257c9ff203b5bd StaticDependenciesID=9e04a784c209b739b816e29a9e397a5a 
Number of updated asset objects reloaded before import = 0
Number of asset objects unloaded after import = 1
========================================================================
Received Import Request.
  Time of request: 2026-10-08T13:51:30.1158013Z
  Time since last request: 0.0003528 seconds.
  importAddress: GUID: 42fe78c8fe682715a2cb531422e6ccb3 - Path: Packages/com.unity.modules.imgui/package.json - Importer: ScriptedImporter/UnityEditor.QuickSearchModule:UnityEditor.Search:ASIAI0B
Importing 'GUID: 42fe78c8fe682715a2cb531422e6ccb3 - Path: Packages/com.unity.modules.imgui/package.json - Importer: ScriptedImporter/UnityEditor.QuickSearchModule:UnityEditor.Search:ASIAI0B' with importer (ScriptedImporter : UnityEditor.QuickSearchModule:UnityEditor.Search:ASIAI0B)
Imported 'GUID: 42fe78c8fe682715a2cb531422e6ccb3' -> (Import Result ID: '9055d9a637f4c92975fd09aba28660f9') in 0.005 seconds [static and dynamic dependencies]. Details - ImportResultOutputID=89e2185166b7ee158cbd69067081038d DependenciesID=2727e841bceffd12b781dd7b4b42afdf StaticDependenciesID=780632b9a178a33902f5392619c9500b 
Number of updated asset objects reloaded before import = 0
Number of asset objects unloaded after import = 1
========================================================================
Received Import Request.
  Time of request: 2026-10-08T13:51:30.1209787Z
  Time since last request: 0.0004019 seconds.
  importAddress: GUID: 8bce0b24c28e45d884acfcf49a3b8945 - Path: Packages/com.unity.multiplayer.center/Editor/Analytics/MultiplayerCenterAnalyticsFactory.cs - Importer: ScriptedImporter/UnityEditor.QuickSearchModule:UnityEditor.Search:ASIAI0B
Importing 'GUID: 8bce0b24c28e45d884acfcf49a3b8945 - Path: Packages/com.unity.multiplayer.center/Editor/Analytics/MultiplayerCenterAnalyticsFactory.cs - Importer: ScriptedImporter/UnityEditor.QuickSearchModule:UnityEditor.Search:ASIAI0B' with importer (ScriptedImporter : UnityEditor.QuickSearchModule:UnityEditor.Search:ASIAI0B)
Imported 'GUID: 8bce0b24c28e45d884acfcf49a3b8945' -> (Import Result ID: '5a579a0dc8578aac09274c8fd4ea2b49') in 0.004 seconds [static and dynamic dependencies]. Details - ImportResultOutputID=a009bd897daf66f88a3841b3e83c63e9 DependenciesID=e2f92c132453861e17604768279e5045 StaticDependenciesID=ecb848d3b85ad99402a5266fdecd931c 
Number of updated asset objects reloaded before import = 0
Number of asset objects unloaded after import = 0
========================================================================
Received Import Request.
  Time of request: 2026-10-08T13:51:30.1253614Z
  Time since last request: 0.0002782 seconds.
  importAddress: GUID: 8a752aaaadd2410dd9a84e01c1bace9f - Path: Packages/com.unity.modules.uielements/package.ModuleCompilationTrigger - Importer: ScriptedImporter/UnityEditor.QuickSearchModule:UnityEditor.Search:ASIAI0B
Importing 'GUID: 8a752aaaadd2410dd9a84e01c1bace9f - Path: Packages/com.unity.modules.uielements/package.ModuleCompilationTrigger - Importer: ScriptedImporter/UnityEditor.QuickSearchModule:UnityEditor.Search:ASIAI0B' with importer (ScriptedImporter : UnityEditor.QuickSearchModule:UnityEditor.Search:ASIAI0B)
Imported 'GUID: 8a752aaaadd2410dd9a84e01c1bace9f' -> (Import Result ID: '9f0f9ef54e6c14278115d5b08c26f580') in 0.004 seconds [static and dynamic dependencies]. Details - ImportResultOutputID=f4adb470aaf08bd11f38b4c24a4d2147 DependenciesID=4839533499d2d7df5a7d2936abcfdda3 StaticDependenciesID=0030ba3c6bca06b1b9c8ec1067de4263 
Number of updated asset objects reloaded before import = 0
Number of asset objects unloaded after import = 1
========================================================================
Received Import Request.
  Time of request: 2026-10-08T13:51:30.1296971Z
  Time since last request: 0.0003301 seconds.
  importAddress: GUID: 89b6d933e4994d0980f6b48dc2b8779c - Path: Packages/com.unity.multiplayer.center/Common/AnswerData.cs - Importer: ScriptedImporter/UnityEditor.QuickSearchModule:UnityEditor.Search:ASIAI0B
Importing 'GUID: 89b6d933e4994d0980f6b48dc2b8779c - Path: Packages/com.unity.multiplayer.center/Common/AnswerData.cs - Importer: ScriptedImporter/UnityEditor.QuickSearchModule:UnityEditor.Search:ASIAI0B' with importer (ScriptedImporter : UnityEditor.QuickSearchModule:UnityEditor.Search:ASIAI0B)
Imported 'GUID: 89b6d933e4994d0980f6b48dc2b8779c' -> (Import Result ID: '4225ba30c42b464813d99a068c1e2d35') in 0.004 seconds [static and dynamic dependencies]. Details - ImportResultOutputID=d596820beee770e21792ca55fb75fe2e DependenciesID=bad4e4e6260885d0eb5e75eb0f3af1ee StaticDependenciesID=78070ace3e6c687b0115d6f6d553c519 
Number of updated asset objects reloaded before import = 0
Number of asset objects unloaded after import = 0
========================================================================
Received Import Request.
  Time of request: 2026-10-08T13:51:30.1341003Z
  Time since last request: 0.0005728 seconds.
  importAddress: GUID: e9df95f53f1c1d0c9199e235d6c42b50 - Path: Packages/com.unity.modules.audio/package.json - Importer: ScriptedImporter/UnityEditor.QuickSearchModule:UnityEditor.Search:ASIAI0B
Importing 'GUID: e9df95f53f1c1d0c9199e235d6c42b50 - Path: Packages/com.unity.modules.audio/package.json - Importer: ScriptedImporter/UnityEditor.QuickSearchModule:UnityEditor.Search:ASIAI0B' with importer (ScriptedImporter : UnityEditor.QuickSearchModule:UnityEditor.Search:ASIAI0B)
Imported 'GUID: e9df95f53f1c1d0c9199e235d6c42b50' -> (Import Result ID: '9455091c8b7e937c3590bf3ccfc870d4') in 0.003 seconds [static and dynamic dependencies]. Details - ImportResultOutputID=d9a05eda822613df849a35d55d7b908d DependenciesID=8d6e1c9b91568f12dcfda6822b2cfe3c StaticDependenciesID=037229b9f07cd7e380a2ebc2b6186c28 
Number of updated asset objects reloaded before import = 0
Number of asset objects unloaded after import = 1
========================================================================
Received Import Request.
  Time of request: 2026-10-08T13:51:30.1380638Z
  Time since last request: 0.0003153 seconds.
  importAddress: GUID: c359bcaf4a0bc4040aac650bf14ec619 - Path: Packages/com.unity.multiplayer.center/README.md - Importer: ScriptedImporter/UnityEditor.QuickSearchModule:UnityEditor.Search:ASIAI0B
Importing 'GUID: c359bcaf4a0bc4040aac650bf14ec619 - Path: Packages/com.unity.multiplayer.center/README.md - Importer: ScriptedImporter/UnityEditor.QuickSearchModule:UnityEditor.Search:ASIAI0B' with importer (ScriptedImporter : UnityEditor.QuickSearchModule:UnityEditor.Search:ASIAI0B)
Imported 'GUID: c359bcaf4a0bc4040aac650bf14ec619' -> (Import Result ID: '4d7748ce9b2ca58865fff8488931a955') in 0.003 seconds [static and dynamic dependencies]. Details - ImportResultOutputID=9b8baa01c76843f5e07bef2fe82afff7 DependenciesID=3a5709fcef36905833d7b9cea56c4ef7 StaticDependenciesID=5821f5a0fdce82e1061f9426b13b19ba 
Number of updated asset objects reloaded before import = 0
Number of asset objects unloaded after import = 1
========================================================================
Received Import Request.
  Time of request: 2026-10-08T13:51:30.1417422Z
  Time since last request: 0.0002918 seconds.
  importAddress: GUID: 185e678d90804a8a85ab38276eca86fb - Path: Packages/com.unity.multiplayer.center/Editor/Analytics/MultiplayerCenterAnalytics.cs - Importer: ScriptedImporter/UnityEditor.QuickSearchModule:UnityEditor.Search:ASIAI0B
Importing 'GUID: 185e678d90804a8a85ab38276eca86fb - Path: Packages/com.unity.multiplayer.center/Editor/Analytics/MultiplayerCenterAnalytics.cs - Importer: ScriptedImporter/UnityEditor.QuickSearchModule:UnityEditor.Search:ASIAI0B' with importer (ScriptedImporter : UnityEditor.QuickSearchModule:UnityEditor.Search:ASIAI0B)
Imported 'GUID: 185e678d90804a8a85ab38276eca86fb' -> (Import Result ID: '6b5f18c56a14ddb475e377f2bc9ea597') in 0.004 seconds [static and dynamic dependencies]. Details - ImportResultOutputID=fef58bb602bb1f6baec9ef7fe3237c60 DependenciesID=aa42a91df2f29c9f19bd6e0411dc02bc StaticDependenciesID=338d1ab5ce936360d98f364c42d08756 
Number of updated asset objects reloaded before import = 0
Number of asset objects unloaded after import = 0
========================================================================
Received Import Request.
  Time of request: 2026-10-08T13:51:30.1461666Z
  Time since last request: 0.000373 seconds.
  importAddress: GUID: be17709716f1648caa5de6d0c38103ed - Path: Packages/com.unity.multiplayer.center/Editor/Unity.Multiplayer.Center.Editor.asmdef - Importer: ScriptedImporter/UnityEditor.QuickSearchModule:UnityEditor.Search:ASIAI0B
Importing 'GUID: be17709716f1648caa5de6d0c38103ed - Path: Packages/com.unity.multiplayer.center/Editor/Unity.Multiplayer.Center.Editor.asmdef - Importer: ScriptedImporter/UnityEditor.QuickSearchModule:UnityEditor.Search:ASIAI0B' with importer (ScriptedImporter : UnityEditor.QuickSearchModule:UnityEditor.Search:ASIAI0B)
Imported 'GUID: be17709716f1648caa5de6d0c38103ed' -> (Import Result ID: 'c839cf791c729d2763112d4c59a0fb2c') in 0.004 seconds [static and dynamic dependencies]. Details - ImportResultOutputID=b77b4d37bc5686eea80705742c1ae655 DependenciesID=caf8acbc36679388e929acf0a4669ae1 StaticDependenciesID=7f14be71c38a279cd2a5b583376d47cd 
Number of updated asset objects reloaded before import = 0
Number of asset objects unloaded after import = 1
========================================================================
Received Import Request.
  Time of request: 2026-10-08T13:51:30.1505604Z
  Time since last request: 0.0002978 seconds.
  importAddress: GUID: 84abd2ab34a74600a33a3bb9d72859fe - Path: Packages/com.unity.multiplayer.center/Common/Unity.Multiplayer.Center.Common.asmdef - Importer: ScriptedImporter/UnityEditor.QuickSearchModule:UnityEditor.Search:ASIAI0B
Importing 'GUID: 84abd2ab34a74600a33a3bb9d72859fe - Path: Packages/com.unity.multiplayer.center/Common/Unity.Multiplayer.Center.Common.asmdef - Importer: ScriptedImporter/UnityEditor.QuickSearchModule:UnityEditor.Search:ASIAI0B' with importer (ScriptedImporter : UnityEditor.QuickSearchModule:UnityEditor.Search:ASIAI0B)
Imported 'GUID: 84abd2ab34a74600a33a3bb9d72859fe' -> (Import Result ID: '178ebc5c1dddca1d09ba86d0930c9099') in 0.004 seconds [static and dynamic dependencies]. Details - ImportResultOutputID=93a36225082d197e657be05bf3529a35 DependenciesID=b84e361cac77bdce0662e06262b313ad StaticDependenciesID=715ef30cb6ac327ad8d84f18079809ed 
Number of updated asset objects reloaded before import = 0
Number of asset objects unloaded after import = 1
========================================================================
Received Import Request.
  Time of request: 2026-10-08T13:51:30.1550196Z
  Time since last request: 0.0002748 seconds.
  importAddress: GUID: b5930dbc378b45d406aeb881f06b6dfa - Path: Packages/com.unity.modules.physicscore2d/package.json - Importer: ScriptedImporter/UnityEditor.QuickSearchModule:UnityEditor.Search:ASIAI0B
Importing 'GUID: b5930dbc378b45d406aeb881f06b6dfa - Path: Packages/com.unity.modules.physicscore2d/package.json - Importer: ScriptedImporter/UnityEditor.QuickSearchModule:UnityEditor.Search:ASIAI0B' with importer (ScriptedImporter : UnityEditor.QuickSearchModule:UnityEditor.Search:ASIAI0B)
Imported 'GUID: b5930dbc378b45d406aeb881f06b6dfa' -> (Import Result ID: 'cca035f5364ca1307df5460b9adb4101') in 0.004 seconds [static and dynamic dependencies]. Details - ImportResultOutputID=4f5442b469ea6bf77e0877aae5fcf424 DependenciesID=bc44734c406868a53cbd02c32250238c StaticDependenciesID=a3e7f7cf902fd9a37e8aae836c65e383 
Number of updated asset objects reloaded before import = 0
Number of asset objects unloaded after import = 1
========================================================================
Received Import Request.
  Time of request: 2026-10-08T13:51:30.1588946Z
  Time since last request: 0.0002124 seconds.
  importAddress: GUID: cbb1a39d56ce4d9ac1a46ac505893fa7 - Path: Packages/com.unity.modules.terrainphysics/package.ModuleCompilationTrigger - Importer: ScriptedImporter/UnityEditor.QuickSearchModule:UnityEditor.Search:ASIAI0B
Importing 'GUID: cbb1a39d56ce4d9ac1a46ac505893fa7 - Path: Packages/com.unity.modules.terrainphysics/package.ModuleCompilationTrigger - Importer: ScriptedImporter/UnityEditor.QuickSearchModule:UnityEditor.Search:ASIAI0B' with importer (ScriptedImporter : UnityEditor.QuickSearchModule:UnityEditor.Search:ASIAI0B)
Imported 'GUID: cbb1a39d56ce4d9ac1a46ac505893fa7' -> (Import Result ID: '4005b4d5e9807bcb77942238918d8b8c') in 0.004 seconds [static and dynamic dependencies]. Details - ImportResultOutputID=fc8ecc1ddeae22a250d5bbe3be14f8dd DependenciesID=cb50fa5f525123f4051eff8bc0b8e5ce StaticDependenciesID=c469d4fbad04a620564e94cf21952c03 
Number of updated asset objects reloaded before import = 0
Number of asset objects unloaded after import = 1
========================================================================
Received Import Request.
  Time of request: 2026-10-08T13:51:30.163064Z
  Time since last request: 0.0003293 seconds.
  importAddress: GUID: 40bf3cec17fa0b49fe04443c8332d638 - Path: Packages/com.unity.modules.jsonserialize/package.json - Importer: ScriptedImporter/UnityEditor.QuickSearchModule:UnityEditor.Search:ASIAI0B
Importing 'GUID: 40bf3cec17fa0b49fe04443c8332d638 - Path: Packages/com.unity.modules.jsonserialize/package.json - Importer: ScriptedImporter/UnityEditor.QuickSearchModule:UnityEditor.Search:ASIAI0B' with importer (ScriptedImporter : UnityEditor.QuickSearchModule:UnityEditor.Search:ASIAI0B)
Imported 'GUID: 40bf3cec17fa0b49fe04443c8332d638' -> (Import Result ID: 'cea48dd96984d3b4cdb8db3e148d7ae4') in 0.003 seconds [static and dynamic dependencies]. Details - ImportResultOutputID=2ed38b117205e85070e2f893f20f57e7 DependenciesID=707f06d4297662a4aa04b95c94776881 StaticDependenciesID=0e4a81f415c513f8532b252122458b6c 
Number of updated asset objects reloaded before import = 0
Number of asset objects unloaded after import = 1
========================================================================
Received Import Request.
  Time of request: 2026-10-08T13:51:30.1670569Z
  Time since last request: 0.0003736 seconds.
  importAddress: GUID: 71136fc5cf34f2cc10be0e33c0b08019 - Path: Packages/com.unity.modules.unityanalytics/package.ModuleCompilationTrigger - Importer: ScriptedImporter/UnityEditor.QuickSearchModule:UnityEditor.Search:ASIAI0B
Importing 'GUID: 71136fc5cf34f2cc10be0e33c0b08019 - Path: Packages/com.unity.modules.unityanalytics/package.ModuleCompilationTrigger - Importer: ScriptedImporter/UnityEditor.QuickSearchModule:UnityEditor.Search:ASIAI0B' with importer (ScriptedImporter : UnityEditor.QuickSearchModule:UnityEditor.Search:ASIAI0B)
Imported 'GUID: 71136fc5cf34f2cc10be0e33c0b08019' -> (Import Result ID: 'c78f320794d97a38b9363f9473b744bc') in 0.003 seconds [static and dynamic dependencies]. Details - ImportResultOutputID=521d8198517a5940146644f4b4c33db6 DependenciesID=23655931e852bc6fc7d5ed4c2ddba4c2 StaticDependenciesID=b2cd430e353824172c72e20a2c55c83c 
Number of updated asset objects reloaded before import = 0
Number of asset objects unloaded after import = 1
========================================================================
Received Import Request.
  Time of request: 2026-10-08T13:51:30.1705521Z
  Time since last request: 0.0004388 seconds.
  importAddress: GUID: 7e006510f5f4425ca971c7de0bfbb77a - Path: Packages/com.unity.multiplayer.center/Editor/MultiplayerCenterWindow/MultiplayerCenterWindow.cs - Importer: ScriptedImporter/UnityEditor.QuickSearchModule:UnityEditor.Search:ASIAI0B
Importing 'GUID: 7e006510f5f4425ca971c7de0bfbb77a - Path: Packages/com.unity.multiplayer.center/Editor/MultiplayerCenterWindow/MultiplayerCenterWindow.cs - Importer: ScriptedImporter/UnityEditor.QuickSearchModule:UnityEditor.Search:ASIAI0B' with importer (ScriptedImporter : UnityEditor.QuickSearchModule:UnityEditor.Search:ASIAI0B)
Imported 'GUID: 7e006510f5f4425ca971c7de0bfbb77a' -> (Import Result ID: '3941f59aac9128b12fd487cacf0fd3c7') in 0.004 seconds [static and dynamic dependencies]. Details - ImportResultOutputID=3fc6ebd40390d315876c7053ef6255c2 DependenciesID=68f77c39a5d3a757917361fb5cc74afc StaticDependenciesID=fbdb7e51240e3bc07dd44a136a565f65 
Number of updated asset objects reloaded before import = 0
Number of asset objects unloaded after import = 0
========================================================================
Received Import Request.
  Time of request: 2026-10-08T13:51:30.1947824Z
  Time since last request: 0.0202117 seconds.
  importAddress: GUID: 525a6cca8dd9a4d28875a8fe824710d9 - Path: Packages/com.unity.multiplayer.center/Editor/MultiplayerCenterWindow/UI/Icons/d_Package.png - Importer: ScriptedImporter/UnityEditor.QuickSearchModule:UnityEditor.Search:ASIAI0B
Importing 'GUID: 525a6cca8dd9a4d28875a8fe824710d9 - Path: Packages/com.unity.multiplayer.center/Editor/MultiplayerCenterWindow/UI/Icons/d_Package.png - Importer: ScriptedImporter/UnityEditor.QuickSearchModule:UnityEditor.Search:ASIAI0B' with importer (ScriptedImporter : UnityEditor.QuickSearchModule:UnityEditor.Search:ASIAI0B)
Imported 'GUID: 525a6cca8dd9a4d28875a8fe824710d9' -> (Import Result ID: 'a1b8f1134a5cd1ac7d46b4ef1807a49c') in 0.006 seconds [static and dynamic dependencies]. Details - ImportResultOutputID=b80b04135c2dea824483d65a780f0ed1 DependenciesID=f02fecb17ac64363ca53268fc3a3edd4 StaticDependenciesID=21ae3d181a7f9aa76b490a72a01662b1 
Number of updated asset objects reloaded before import = 0
Number of asset objects unloaded after import = 1
========================================================================
Received Import Request.
  Time of request: 2026-10-08T13:51:30.200895Z
  Time since last request: 0.0002548 seconds.
  importAddress: GUID: dab91f148d99946e7b3c3a87ecf4b973 - Path: Packages/com.unity.multiplayer.center/Editor/MultiplayerCenterWindow/UI/Icons/d_Loading.png - Importer: ScriptedImporter/UnityEditor.QuickSearchModule:UnityEditor.Search:ASIAI0B
Importing 'GUID: dab91f148d99946e7b3c3a87ecf4b973 - Path: Packages/com.unity.multiplayer.center/Editor/MultiplayerCenterWindow/UI/Icons/d_Loading.png - Importer: ScriptedImporter/UnityEditor.QuickSearchModule:UnityEditor.Search:ASIAI0B' with importer (ScriptedImporter : UnityEditor.QuickSearchModule:UnityEditor.Search:ASIAI0B)
Imported 'GUID: dab91f148d99946e7b3c3a87ecf4b973' -> (Import Result ID: '5d9bf6a41c7c8f97147d9455144a2ab2') in 0.007 seconds [static and dynamic dependencies]. Details - ImportResultOutputID=0d1ddeec35ecc8c527a7045deacb9ae4 DependenciesID=f49642a55af0a057731051c8d6889390 StaticDependenciesID=00a0eca1fc933570580c293fa4748b62 
Number of updated asset objects reloaded before import = 0
Number of asset objects unloaded after import = 1
========================================================================
Received Import Request.
  Time of request: 2026-10-08T13:51:30.208237Z
  Time since last request: 0.0002902 seconds.
  importAddress: GUID: d7711b0cc806d430b8a95f1e33ec3649 - Path: Packages/com.unity.multiplayer.center/Editor/MultiplayerCenterWindow/UI/Icons/CustomNetcode@2x.png - Importer: ScriptedImporter/UnityEditor.QuickSearchModule:UnityEditor.Search:ASIAI0B
Importing 'GUID: d7711b0cc806d430b8a95f1e33ec3649 - Path: Packages/com.unity.multiplayer.center/Editor/MultiplayerCenterWindow/UI/Icons/CustomNetcode@2x.png - Importer: ScriptedImporter/UnityEditor.QuickSearchModule:UnityEditor.Search:ASIAI0B' with importer (ScriptedImporter : UnityEditor.QuickSearchModule:UnityEditor.Search:ASIAI0B)
Imported 'GUID: d7711b0cc806d430b8a95f1e33ec3649' -> (Import Result ID: '9909350343fc5de4cab0ba4418ae5690') in 0.006 seconds [static and dynamic dependencies]. Details - ImportResultOutputID=af52c0076126b2d55b2433c68c262aee DependenciesID=5b3634fda7d9c5ef3aac6928765c68da StaticDependenciesID=83f9656e6fd17e2f61b0ad711c3a1caf 
Number of updated asset objects reloaded before import = 0
Number of asset objects unloaded after import = 1
========================================================================
Received Import Request.
  Time of request: 2026-10-08T13:51:30.2143345Z
  Time since last request: 0.0004076 seconds.
  importAddress: GUID: 7ca5cd79ef39442e599efb761abcbaac - Path: Packages/com.unity.multiplayer.center/Editor/Questionnaire/QuestionnaireData.cs - Importer: ScriptedImporter/UnityEditor.QuickSearchModule:UnityEditor.Search:ASIAI0B
Importing 'GUID: 7ca5cd79ef39442e599efb761abcbaac - Path: Packages/com.unity.multiplayer.center/Editor/Questionnaire/QuestionnaireData.cs - Importer: ScriptedImporter/UnityEditor.QuickSearchModule:UnityEditor.Search:ASIAI0B' with importer (ScriptedImporter : UnityEditor.QuickSearchModule:UnityEditor.Search:ASIAI0B)
Imported 'GUID: 7ca5cd79ef39442e599efb761abcbaac' -> (Import Result ID: '1db567c1f41be98b41a9893f1d56f5ac') in 0.003 seconds [static and dynamic dependencies]. Details - ImportResultOutputID=8ae0c3985dd2f61c377565b5d888715f DependenciesID=3c56d93c56dce472f915216f01757aeb StaticDependenciesID=ab336376a0ce8de6627a9c9b8a9d4a81 
Number of updated asset objects reloaded before import = 0
Number of asset objects unloaded after import = 0
========================================================================
Received Import Request.
  Time of request: 2026-10-08T13:51:30.217826Z
  Time since last request: 0.0002614 seconds.
  importAddress: GUID: c2c1cf24bea5410ea530b2c8a875b293 - Path: Packages/com.unity.multiplayer.center/Tests/Editor/AnalyticsUtilsTests.cs - Importer: ScriptedImporter/UnityEditor.QuickSearchModule:UnityEditor.Search:ASIAI0B
Importing 'GUID: c2c1cf24bea5410ea530b2c8a875b293 - Path: Packages/com.unity.multiplayer.center/Tests/Editor/AnalyticsUtilsTests.cs - Importer: ScriptedImporter/UnityEditor.QuickSearchModule:UnityEditor.Search:ASIAI0B' with importer (ScriptedImporter : UnityEditor.QuickSearchModule:UnityEditor.Search:ASIAI0B)
Imported 'GUID: c2c1cf24bea5410ea530b2c8a875b293' -> (Import Result ID: 'b5a5f436d0914d094829a52acc0d3022') in 0.003 seconds [static and dynamic dependencies]. Details - ImportResultOutputID=5bc88c9e51ba3ad769ef092e577261ed DependenciesID=f0071a62b39f43e873394f4bf96ec942 StaticDependenciesID=d17e384acbc26ede94e0eefce3effc27 
Number of updated asset objects reloaded before import = 0
Number of asset objects unloaded after import = 0
========================================================================
Received Import Request.
  Time of request: 2026-10-08T13:51:30.2216577Z
  Time since last request: 0.0003123 seconds.
  importAddress: GUID: 36b51591e13f48b5bed734724d149fb4 - Path: Packages/com.unity.multiplayer.center/Tests/Editor/RecommendationAnalyticsTests.cs - Importer: ScriptedImporter/UnityEditor.QuickSearchModule:UnityEditor.Search:ASIAI0B
Importing 'GUID: 36b51591e13f48b5bed734724d149fb4 - Path: Packages/com.unity.multiplayer.center/Tests/Editor/RecommendationAnalyticsTests.cs - Importer: ScriptedImporter/UnityEditor.QuickSearchModule:UnityEditor.Search:ASIAI0B' with importer (ScriptedImporter : UnityEditor.QuickSearchModule:UnityEditor.Search:ASIAI0B)
Imported 'GUID: 36b51591e13f48b5bed734724d149fb4' -> (Import Result ID: '84617e42519e8fa4c9730851c10bfa7e') in 0.003 seconds [static and dynamic dependencies]. Details - ImportResultOutputID=926ff9a810429c7720c994c4acaacb4b DependenciesID=472957094579f442ccd04c7fbcc46336 StaticDependenciesID=65b7802743048d05e140429bbb8f4547 
Number of updated asset objects reloaded before import = 0
Number of asset objects unloaded after import = 0
========================================================================
Received Import Request.
  Time of request: 2026-10-08T13:51:30.2249119Z
  Time since last request: 0.00027 seconds.
  importAddress: GUID: fcbb62ff857b4cf49e74f5f9aca6e8d6 - Path: Packages/com.unity.multiplayer.center/Editor/OnBoarding/SectionsFinder.cs - Importer: ScriptedImporter/UnityEditor.QuickSearchModule:UnityEditor.Search:ASIAI0B
Importing 'GUID: fcbb62ff857b4cf49e74f5f9aca6e8d6 - Path: Packages/com.unity.multiplayer.center/Editor/OnBoarding/SectionsFinder.cs - Importer: ScriptedImporter/UnityEditor.QuickSearchModule:UnityEditor.Search:ASIAI0B' with importer (ScriptedImporter : UnityEditor.QuickSearchModule:UnityEditor.Search:ASIAI0B)
Imported 'GUID: fcbb62ff857b4cf49e74f5f9aca6e8d6' -> (Import Result ID: '41b196912ca518d48f646aadd47f8e3f') in 0.003 seconds [static and dynamic dependencies]. Details - ImportResultOutputID=f20a717285a44b851d16e5e569a0c52b DependenciesID=fecb4fad78c5a351c216bdb175dd5fc8 StaticDependenciesID=ff9efdbdfcc8aa63589a26752068b340 
Number of updated asset objects reloaded before import = 0
Number of asset objects unloaded after import = 0
========================================================================
Received Import Request.
  Time of request: 2026-10-08T13:51:30.228728Z
  Time since last request: 0.0003387 seconds.
  importAddress: GUID: 6cfa81557736450abfb73264580451c1 - Path: Packages/com.unity.multiplayer.center/Tests/Editor/SectionHeaderTests.cs - Importer: ScriptedImporter/UnityEditor.QuickSearchModule:UnityEditor.Search:ASIAI0B
Importing 'GUID: 6cfa81557736450abfb73264580451c1 - Path: Packages/com.unity.multiplayer.center/Tests/Editor/SectionHeaderTests.cs - Importer: ScriptedImporter/UnityEditor.QuickSearchModule:UnityEditor.Search:ASIAI0B' with importer (ScriptedImporter : UnityEditor.QuickSearchModule:UnityEditor.Search:ASIAI0B)
Imported 'GUID: 6cfa81557736450abfb73264580451c1' -> (Import Result ID: '8940d2c7f2311290784f09608914ee7d') in 0.004 seconds [static and dynamic dependencies]. Details - ImportResultOutputID=bbb46be2c13af8f09c90ffc860c4d4fd DependenciesID=9c1de5971604b75dbe466af3128c7904 StaticDependenciesID=50f2c80af0455fddee5949db40edc09f 
Number of updated asset objects reloaded before import = 0
Number of asset objects unloaded after import = 0
========================================================================
Received Import Request.
  Time of request: 2026-10-08T13:51:30.2329486Z
  Time since last request: 0.0002889 seconds.
  importAddress: GUID: c3d3226643b94888b02e25de0a9de55f - Path: Packages/com.unity.multiplayer.center/Tests/Editor/UserVisibleTextTests.cs - Importer: ScriptedImporter/UnityEditor.QuickSearchModule:UnityEditor.Search:ASIAI0B
Importing 'GUID: c3d3226643b94888b02e25de0a9de55f - Path: Packages/com.unity.multiplayer.center/Tests/Editor/UserVisibleTextTests.cs - Importer: ScriptedImporter/UnityEditor.QuickSearchModule:UnityEditor.Search:ASIAI0B' with importer (ScriptedImporter : UnityEditor.QuickSearchModule:UnityEditor.Search:ASIAI0B)
Imported 'GUID: c3d3226643b94888b02e25de0a9de55f' -> (Import Result ID: '257827872d876bad29dd74431867822f') in 0.003 seconds [static and dynamic dependencies]. Details - ImportResultOutputID=439d872471e46b54206e1d5c4d82ca1b DependenciesID=361a049b3431e06a0625de94b58ca18c StaticDependenciesID=1bfa71bf28381d7cb603a808ad11e7ef 
Number of updated asset objects reloaded before import = 0
Number of asset objects unloaded after import = 0
========================================================================
Received Import Request.
  Time of request: 2026-10-08T13:51:30.2367637Z
  Time since last request: 0.0002739 seconds.
  importAddress: GUID: 38b78df4a34c94fa6a52c90239606ff1 - Path: Packages/com.unity.multiplayer.center/Editor/MultiplayerCenterWindow/UI/Icons/DedicatedServer@2x.png - Importer: ScriptedImporter/UnityEditor.QuickSearchModule:UnityEditor.Search:ASIAI0B
Importing 'GUID: 38b78df4a34c94fa6a52c90239606ff1 - Path: Packages/com.unity.multiplayer.center/Editor/MultiplayerCenterWindow/UI/Icons/DedicatedServer@2x.png - Importer: ScriptedImporter/UnityEditor.QuickSearchModule:UnityEditor.Search:ASIAI0B' with importer (ScriptedImporter : UnityEditor.QuickSearchModule:UnityEditor.Search:ASIAI0B)
Imported 'GUID: 38b78df4a34c94fa6a52c90239606ff1' -> (Import Result ID: 'c0c114531e81d3be9f22d051e18a7dd8') in 0.007 seconds [static and dynamic dependencies]. Details - ImportResultOutputID=31f516a420c8426d41816dab613068d1 DependenciesID=dffec4efca555408364275a87d340d41 StaticDependenciesID=d083b52cd9b26831e9ba664f66d68066 
Number of updated asset objects reloaded before import = 0
Number of asset objects unloaded after import = 1
========================================================================
Received Import Request.
  Time of request: 2026-10-08T13:51:30.2440084Z
  Time since last request: 0.0002958 seconds.
  importAddress: GUID: 3fe892784421e47f5aa40c2784a6cb3e - Path: Packages/com.unity.multiplayer.center/Editor/MultiplayerCenterWindow/UI/Icons/DedicatedServer.png - Importer: ScriptedImporter/UnityEditor.QuickSearchModule:UnityEditor.Search:ASIAI0B
Importing 'GUID: 3fe892784421e47f5aa40c2784a6cb3e - Path: Packages/com.unity.multiplayer.center/Editor/MultiplayerCenterWindow/UI/Icons/DedicatedServer.png - Importer: ScriptedImporter/UnityEditor.QuickSearchModule:UnityEditor.Search:ASIAI0B' with importer (ScriptedImporter : UnityEditor.QuickSearchModule:UnityEditor.Search:ASIAI0B)
Imported 'GUID: 3fe892784421e47f5aa40c2784a6cb3e' -> (Import Result ID: 'd27c5eb345ac7d9bbc7f6d1cddff849b') in 0.007 seconds [static and dynamic dependencies]. Details - ImportResultOutputID=3a08d3a73eb3b89bcca74115e927363c DependenciesID=9ba834b537dc74aa53e3e81fd7080ae3 StaticDependenciesID=d44d1eec8fc431ad2959a49c5b69f2a4 
Number of updated asset objects reloaded before import = 0
Number of asset objects unloaded after import = 1
========================================================================
Received Import Request.
  Time of request: 2026-10-08T13:51:30.251519Z
  Time since last request: 0.0002772 seconds.
  importAddress: GUID: c37c4c45cacc46edb43b8c32617b3e34 - Path: Packages/com.unity.multiplayer.center/Tests/Editor/UtilsForGettingStartedTabTests.cs - Importer: ScriptedImporter/UnityEditor.QuickSearchModule:UnityEditor.Search:ASIAI0B
Importing 'GUID: c37c4c45cacc46edb43b8c32617b3e34 - Path: Packages/com.unity.multiplayer.center/Tests/Editor/UtilsForGettingStartedTabTests.cs - Importer: ScriptedImporter/UnityEditor.QuickSearchModule:UnityEditor.Search:ASIAI0B' with importer (ScriptedImporter : UnityEditor.QuickSearchModule:UnityEditor.Search:ASIAI0B)
Imported 'GUID: c37c4c45cacc46edb43b8c32617b3e34' -> (Import Result ID: '0dfac3f55262c26092ff146fac40baa7') in 0.003 seconds [static and dynamic dependencies]. Details - ImportResultOutputID=52daa241836567a78979e772f3a74379 DependenciesID=b88fb809770befade067fae0203808b3 StaticDependenciesID=5a531e5a6156824de33c01716f5a896e 
Number of updated asset objects reloaded before import = 0
Number of asset objects unloaded after import = 0
========================================================================
Received Import Request.
  Time of request: 2026-10-08T13:51:30.2551102Z
  Time since last request: 0.0002982 seconds.
  importAddress: GUID: 5d117d33f89d41cd9123918383c9b981 - Path: Packages/com.unity.multiplayer.center/Editor/Questionnaire/QuestionnaireEditor.cs - Importer: ScriptedImporter/UnityEditor.QuickSearchModule:UnityEditor.Search:ASIAI0B
Importing 'GUID: 5d117d33f89d41cd9123918383c9b981 - Path: Packages/com.unity.multiplayer.center/Editor/Questionnaire/QuestionnaireEditor.cs - Importer: ScriptedImporter/UnityEditor.QuickSearchModule:UnityEditor.Search:ASIAI0B' with importer (ScriptedImporter : UnityEditor.QuickSearchModule:UnityEditor.Search:ASIAI0B)
Imported 'GUID: 5d117d33f89d41cd9123918383c9b981' -> (Import Result ID: '86ebc3f3cf8141f4090c3269c72cd33d') in 0.003 seconds [static and dynamic dependencies]. Details - ImportResultOutputID=28373a3994b395aeab8f9e6db8a1293a DependenciesID=8ea2346ac476afd3eb25185a2a47c3fc StaticDependenciesID=c6ef94fdc78382c7e9109f42c14789e9 
Number of updated asset objects reloaded before import = 0
Number of asset objects unloaded after import = 0
========================================================================
Received Import Request.
  Time of request: 2026-10-08T13:51:30.2588622Z
  Time since last request: 0.0003509 seconds.
  importAddress: GUID: b46a48f780f84026b9d1e73ee1b0121d - Path: Packages/com.unity.multiplayer.center/Editor/Recommendations/RecommendationType.cs - Importer: ScriptedImporter/UnityEditor.QuickSearchModule:UnityEditor.Search:ASIAI0B
Importing 'GUID: b46a48f780f84026b9d1e73ee1b0121d - Path: Packages/com.unity.multiplayer.center/Editor/Recommendations/RecommendationType.cs - Importer: ScriptedImporter/UnityEditor.QuickSearchModule:UnityEditor.Search:ASIAI0B' with importer (ScriptedImporter : UnityEditor.QuickSearchModule:UnityEditor.Search:ASIAI0B)
Imported 'GUID: b46a48f780f84026b9d1e73ee1b0121d' -> (Import Result ID: '74458df398bb833098145fd8c8280c9b') in 0.003 seconds [static and dynamic dependencies]. Details - ImportResultOutputID=6d31615d67c21234701002030abe956b DependenciesID=a68a95a267812a2edf424dea90107791 StaticDependenciesID=cddb30b6e8adb3a11d5a94907f7f405f 
Number of updated asset objects reloaded before import = 0
Number of asset objects unloaded after import = 0
========================================================================
Received Import Request.
  Time of request: 2026-10-08T13:51:30.2626541Z
  Time since last request: 0.0003787 seconds.
  importAddress: GUID: 89ffa359141b49fea9bfa6a1db3b18be - Path: Packages/com.unity.multiplayer.center/Tests/Editor/AssemblyInfo.cs - Importer: ScriptedImporter/UnityEditor.QuickSearchModule:UnityEditor.Search:ASIAI0B
Importing 'GUID: 89ffa359141b49fea9bfa6a1db3b18be - Path: Packages/com.unity.multiplayer.center/Tests/Editor/AssemblyInfo.cs - Importer: ScriptedImporter/UnityEditor.QuickSearchModule:UnityEditor.Search:ASIAI0B' with importer (ScriptedImporter : UnityEditor.QuickSearchModule:UnityEditor.Search:ASIAI0B)
Imported 'GUID: 89ffa359141b49fea9bfa6a1db3b18be' -> (Import Result ID: 'f6a2a69b35bc5d0b92e5ef877547a1b0') in 0.003 seconds [static and dynamic dependencies]. Details - ImportResultOutputID=c854aeb1a5f3806682751b256ef8ec47 DependenciesID=5e32e8e0295736ee4d34f8816e4b46cc StaticDependenciesID=739d5475101b484c194ab42cb1d30593 
Number of updated asset objects reloaded before import = 0
Number of asset objects unloaded after import = 0
========================================================================
Received Import Request.
  Time of request: 2026-10-08T13:51:30.2663036Z
  Time since last request: 0.0002551 seconds.
  importAddress: GUID: 15513aed5d41411c887ccfe14c103337 - Path: Packages/com.unity.multiplayer.center/Tests/Editor/UserChoicesMigrationTests.cs - Importer: ScriptedImporter/UnityEditor.QuickSearchModule:UnityEditor.Search:ASIAI0B
Importing 'GUID: 15513aed5d41411c887ccfe14c103337 - Path: Packages/com.unity.multiplayer.center/Tests/Editor/UserChoicesMigrationTests.cs - Importer: ScriptedImporter/UnityEditor.QuickSearchModule:UnityEditor.Search:ASIAI0B' with importer (ScriptedImporter : UnityEditor.QuickSearchModule:UnityEditor.Search:ASIAI0B)
Imported 'GUID: 15513aed5d41411c887ccfe14c103337' -> (Import Result ID: '10b7dbae15449f06eddf6d5c5bd5f070') in 0.005 seconds [static and dynamic dependencies]. Details - ImportResultOutputID=4c169a5b856fbcfc393bb20c22e4b354 DependenciesID=6c3075df6ef07f6c52b80d6068bd941a StaticDependenciesID=f969c1224b592b259c4a809e5f8391f7 
Number of updated asset objects reloaded before import = 0
Number of asset objects unloaded after import = 0
========================================================================
Received Import Request.
  Time of request: 2026-10-08T13:51:30.2713113Z
  Time since last request: 0.0003061 seconds.
  importAddress: GUID: 0efb92c924574ec59b71b9185a6ed8fb - Path: Packages/com.unity.multiplayer.center/Tests/Editor/RecommendationTests.cs - Importer: ScriptedImporter/UnityEditor.QuickSearchModule:UnityEditor.Search:ASIAI0B
Importing 'GUID: 0efb92c924574ec59b71b9185a6ed8fb - Path: Packages/com.unity.multiplayer.center/Tests/Editor/RecommendationTests.cs - Importer: ScriptedImporter/UnityEditor.QuickSearchModule:UnityEditor.Search:ASIAI0B' with importer (ScriptedImporter : UnityEditor.QuickSearchModule:UnityEditor.Search:ASIAI0B)
Imported 'GUID: 0efb92c924574ec59b71b9185a6ed8fb' -> (Import Result ID: 'b5ca0a9a048f9511b932953c18abf7ac') in 0.003 seconds [static and dynamic dependencies]. Details - ImportResultOutputID=42cde4f20834c808309272fa5d805c1d DependenciesID=84ee4e96553aab78a41f3b622a756dd8 StaticDependenciesID=2d59294d728233c86a5c6d3cd251a0e0 
Number of updated asset objects reloaded before import = 0
Number of asset objects unloaded after import = 0
========================================================================
Received Import Request.
  Time of request: 2026-10-08T13:51:30.27483Z
  Time since last request: 0.0003812 seconds.
  importAddress: GUID: dce12af736e0a4a1ba35d6424f897dc9 - Path: Packages/com.unity.multiplayer.center/Editor/MultiplayerCenterWindow/UI/Icons/CustomNetcode.png - Importer: ScriptedImporter/UnityEditor.QuickSearchModule:UnityEditor.Search:ASIAI0B
Importing 'GUID: dce12af736e0a4a1ba35d6424f897dc9 - Path: Packages/com.unity.multiplayer.center/Editor/MultiplayerCenterWindow/UI/Icons/CustomNetcode.png - Importer: ScriptedImporter/UnityEditor.QuickSearchModule:UnityEditor.Search:ASIAI0B' with importer (ScriptedImporter : UnityEditor.QuickSearchModule:UnityEditor.Search:ASIAI0B)
Imported 'GUID: dce12af736e0a4a1ba35d6424f897dc9' -> (Import Result ID: '88afa34ede19761d272fe9dd6b390091') in 0.005 seconds [static and dynamic dependencies]. Details - ImportResultOutputID=a96076fc63fa75ca66077359398f4bcf DependenciesID=d48a9dcfff6dbf8531926a7a10315d6e StaticDependenciesID=22ccd962e316b12c81f06fe36f7abc90 
Number of updated asset objects reloaded before import = 0
Number of asset objects unloaded after import = 1
========================================================================
Received Import Request.
  Time of request: 2026-10-08T13:51:30.280705Z
  Time since last request: 0.0003433 seconds.
  importAddress: GUID: b6a02e450cd04bb781e7728f2056251c - Path: Packages/com.unity.multiplayer.center/Editor/Recommendations/RecommenderSystemDataObject.cs - Importer: ScriptedImporter/UnityEditor.QuickSearchModule:UnityEditor.Search:ASIAI0B
Importing 'GUID: b6a02e450cd04bb781e7728f2056251c - Path: Packages/com.unity.multiplayer.center/Editor/Recommendations/RecommenderSystemDataObject.cs - Importer: ScriptedImporter/UnityEditor.QuickSearchModule:UnityEditor.Search:ASIAI0B' with importer (ScriptedImporter : UnityEditor.QuickSearchModule:UnityEditor.Search:ASIAI0B)
Imported 'GUID: b6a02e450cd04bb781e7728f2056251c' -> (Import Result ID: '7c1fec2147451af577e0bdbe4922cf5b') in 0.004 seconds [static and dynamic dependencies]. Details - ImportResultOutputID=1a7b5be8cd7d43b00a2ccc490d0a5e27 DependenciesID=3042b01c3e5600330c7d8a06ace1ecd1 StaticDependenciesID=35201db863dafeb10de695f7223d1fcf 
Number of updated asset objects reloaded before import = 0
Number of asset objects unloaded after import = 0
========================================================================
Received Import Request.
  Time of request: 2026-10-08T13:51:30.2851969Z
  Time since last request: 0.0002261 seconds.
  importAddress: GUID: 2664430aff4254d79887d32c3fc1e221 - Path: Packages/com.unity.multiplayer.center/Tests/Runtime/Unity.Multiplayer.Center.Tests.asmdef - Importer: ScriptedImporter/UnityEditor.QuickSearchModule:UnityEditor.Search:ASIAI0B
Importing 'GUID: 2664430aff4254d79887d32c3fc1e221 - Path: Packages/com.unity.multiplayer.center/Tests/Runtime/Unity.Multiplayer.Center.Tests.asmdef - Importer: ScriptedImporter/UnityEditor.QuickSearchModule:UnityEditor.Search:ASIAI0B' with importer (ScriptedImporter : UnityEditor.QuickSearchModule:UnityEditor.Search:ASIAI0B)
Imported 'GUID: 2664430aff4254d79887d32c3fc1e221' -> (Import Result ID: '2656f662dbfe3e4eb5945334e46fcbb6') in 0.003 seconds [static and dynamic dependencies]. Details - ImportResultOutputID=f88a28ab10a3d468fd5cb33088e79222 DependenciesID=05c2c3d69866af044e97ec93f0ecd4e1 StaticDependenciesID=2eaaa627f00617c42ea0d8d71ba05477 
Number of updated asset objects reloaded before import = 0
Number of asset objects unloaded after import = 1
========================================================================
Received Import Request.
  Time of request: 2026-10-08T13:51:30.2891117Z
  Time since last request: 0.0002975 seconds.
  importAddress: GUID: 18cde282a8d045bf9d245fdcfaa7271b - Path: Packages/com.unity.multiplayer.center/Editor/Questionnaire/UserChoicesObject.cs - Importer: ScriptedImporter/UnityEditor.QuickSearchModule:UnityEditor.Search:ASIAI0B
Importing 'GUID: 18cde282a8d045bf9d245fdcfaa7271b - Path: Packages/com.unity.multiplayer.center/Editor/Questionnaire/UserChoicesObject.cs - Importer: ScriptedImporter/UnityEditor.QuickSearchModule:UnityEditor.Search:ASIAI0B' with importer (ScriptedImporter : UnityEditor.QuickSearchModule:UnityEditor.Search:ASIAI0B)
Imported 'GUID: 18cde282a8d045bf9d245fdcfaa7271b' -> (Import Result ID: '31a1163721e42084b5de3bfe2d9ec83a') in 0.003 seconds [static and dynamic dependencies]. Details - ImportResultOutputID=c293f77fcca436b07afc8c17f7a5e472 DependenciesID=8a6c61c00d0a21dff48d51f6c13e955b StaticDependenciesID=113a76108a0c1f9c85114103de4249ff 
Number of updated asset objects reloaded before import = 0
Number of asset objects unloaded after import = 0
========================================================================
Received Import Request.
  Time of request: 2026-10-08T13:51:30.2929844Z
  Time since last request: 0.0002822 seconds.
  importAddress: GUID: 71b3035ad4d343cbbe033e93369d187e - Path: Packages/com.unity.multiplayer.center/Editor/Recommendations/RecommendationAuthoringData.cs - Importer: ScriptedImporter/UnityEditor.QuickSearchModule:UnityEditor.Search:ASIAI0B
Importing 'GUID: 71b3035ad4d343cbbe033e93369d187e - Path: Packages/com.unity.multiplayer.center/Editor/Recommendations/RecommendationAuthoringData.cs - Importer: ScriptedImporter/UnityEditor.QuickSearchModule:UnityEditor.Search:ASIAI0B' with importer (ScriptedImporter : UnityEditor.QuickSearchModule:UnityEditor.Search:ASIAI0B)
Imported 'GUID: 71b3035ad4d343cbbe033e93369d187e' -> (Import Result ID: 'e5bce26991a7cde5fec58ac5ab8389eb') in 0.004 seconds [static and dynamic dependencies]. Details - ImportResultOutputID=4ec520d0acaa47f29e088d98a830c99d DependenciesID=e62bea13f40d896e1db60e71ac99f7a4 StaticDependenciesID=98dc1ea3401db45edb56ab7839525a2e 
Number of updated asset objects reloaded before import = 0
Number of asset objects unloaded after import = 0
========================================================================
Received Import Request.
  Time of request: 2026-10-08T13:51:30.2971656Z
  Time since last request: 0.000329 seconds.
  importAddress: GUID: 1984cd07fe96417f9e88f5771f6b4b32 - Path: Packages/com.unity.multiplayer.center/Editor/MultiplayerCenterWindow/UI/dark.uss - Importer: ScriptedImporter/UnityEditor.QuickSearchModule:UnityEditor.Search:ASIAI0B
Importing 'GUID: 1984cd07fe96417f9e88f5771f6b4b32 - Path: Packages/com.unity.multiplayer.center/Editor/MultiplayerCenterWindow/UI/dark.uss - Importer: ScriptedImporter/UnityEditor.QuickSearchModule:UnityEditor.Search:ASIAI0B' with importer (ScriptedImporter : UnityEditor.QuickSearchModule:UnityEditor.Search:ASIAI0B)
Imported 'GUID: 1984cd07fe96417f9e88f5771f6b4b32' -> (Import Result ID: '0f022798db196b2bf14a8b401c587152') in 0.019 seconds [static and dynamic dependencies]. Details - ImportResultOutputID=d6a8a870cb9b90d4260d9d1c0a50cb67 DependenciesID=f59d50eb4f215df468be92955bf934b1 StaticDependenciesID=a25a8a9322e1a393568670533567139e 
Number of updated asset objects reloaded before import = 0
Number of asset objects unloaded after import = 9
========================================================================
Received Import Request.
  Time of request: 2026-10-08T13:51:30.3246713Z
  Time since last request: 0.0087123 seconds.
  importAddress: GUID: 96d14b71b907bb52333b2886e665aba6 - Path: Packages/com.unity.modules.video/package.json - Importer: ScriptedImporter/UnityEditor.QuickSearchModule:UnityEditor.Search:ASIAI0B
Importing 'GUID: 96d14b71b907bb52333b2886e665aba6 - Path: Packages/com.unity.modules.video/package.json - Importer: ScriptedImporter/UnityEditor.QuickSearchModule:UnityEditor.Search:ASIAI0B' with importer (ScriptedImporter : UnityEditor.QuickSearchModule:UnityEditor.Search:ASIAI0B)
Imported 'GUID: 96d14b71b907bb52333b2886e665aba6' -> (Import Result ID: '0951eba13773785cec8b9111c3e3d9fa') in 0.004 seconds [static and dynamic dependencies]. Details - ImportResultOutputID=8c6ff1529e0c925f17f6888a72bc4c73 DependenciesID=ea357b5aede299133b6654dde55f7825 StaticDependenciesID=bd2286aaf921c17a62e086ccfa81ebe3 
Number of updated asset objects reloaded before import = 0
Number of asset objects unloaded after import = 1
========================================================================
Received Import Request.
  Time of request: 2026-10-08T13:51:30.3289095Z
  Time since last request: 0.00032 seconds.
  importAddress: GUID: 4745d06d5a7ca576dcf9e5e67b417652 - Path: Packages/com.unity.modules.accessibility/package.ModuleCompilationTrigger - Importer: ScriptedImporter/UnityEditor.QuickSearchModule:UnityEditor.Search:ASIAI0B
Importing 'GUID: 4745d06d5a7ca576dcf9e5e67b417652 - Path: Packages/com.unity.modules.accessibility/package.ModuleCompilationTrigger - Importer: ScriptedImporter/UnityEditor.QuickSearchModule:UnityEditor.Search:ASIAI0B' with importer (ScriptedImporter : UnityEditor.QuickSearchModule:UnityEditor.Search:ASIAI0B)
Imported 'GUID: 4745d06d5a7ca576dcf9e5e67b417652' -> (Import Result ID: 'a75c7a9382976bb8acb73d3ab83a3a2c') in 0.005 seconds [static and dynamic dependencies]. Details - ImportResultOutputID=82d785b54e7a2906de7ec47bd6f70dff DependenciesID=341bf8e04cce0b26f056e9f01e13c6a7 StaticDependenciesID=c014c93d02082c0e0dea8a1f2665bd95 
Number of updated asset objects reloaded before import = 0
Number of asset objects unloaded after import = 1
========================================================================
Received Import Request.
  Time of request: 2026-10-08T13:51:30.3338549Z
  Time since last request: 0.0002903 seconds.
  importAddress: GUID: c82e859b16636ddd2ca4a1f63fd34938 - Path: Packages/com.unity.modules.androidjni/package.ModuleCompilationTrigger - Importer: ScriptedImporter/UnityEditor.QuickSearchModule:UnityEditor.Search:ASIAI0B
Importing 'GUID: c82e859b16636ddd2ca4a1f63fd34938 - Path: Packages/com.unity.modules.androidjni/package.ModuleCompilationTrigger - Importer: ScriptedImporter/UnityEditor.QuickSearchModule:UnityEditor.Search:ASIAI0B' with importer (ScriptedImporter : UnityEditor.QuickSearchModule:UnityEditor.Search:ASIAI0B)
Imported 'GUID: c82e859b16636ddd2ca4a1f63fd34938' -> (Import Result ID: 'bc3195346766ee8d9442ea33fe9e6ea9') in 0.004 seconds [static and dynamic dependencies]. Details - ImportResultOutputID=7a4f141da7e8f3e06e73ae921421dd67 DependenciesID=ee0dabc588cbbff240db91323fcc4dbb StaticDependenciesID=f94f62c8b0b0481631001452cb81c3a5 
Number of updated asset objects reloaded before import = 0
Number of asset objects unloaded after import = 1
========================================================================
Received Import Request.
  Time of request: 2026-10-08T13:51:30.3382132Z
  Time since last request: 0.0002441 seconds.
  importAddress: GUID: 8d4bc6bfa28760b29f13174d6b6ea710 - Path: Packages/com.unity.modules.subsystems/package.ModuleCompilationTrigger - Importer: ScriptedImporter/UnityEditor.QuickSearchModule:UnityEditor.Search:ASIAI0B
Importing 'GUID: 8d4bc6bfa28760b29f13174d6b6ea710 - Path: Packages/com.unity.modules.subsystems/package.ModuleCompilationTrigger - Importer: ScriptedImporter/UnityEditor.QuickSearchModule:UnityEditor.Search:ASIAI0B' with importer (ScriptedImporter : UnityEditor.QuickSearchModule:UnityEditor.Search:ASIAI0B)
Imported 'GUID: 8d4bc6bfa28760b29f13174d6b6ea710' -> (Import Result ID: '9a77763a5308becc598e1ddcae3afe17') in 0.004 seconds [static and dynamic dependencies]. Details - ImportResultOutputID=68df30d2015c032e395e6188ebde2646 DependenciesID=f6519e2137a73bfc4cb1766091e338d6 StaticDependenciesID=9b1c9f384a1d81f346fa5d4fffb8ab57 
Number of updated asset objects reloaded before import = 0
Number of asset objects unloaded after import = 1
========================================================================
Received Import Request.
  Time of request: 2026-10-08T13:51:30.342213Z
  Time since last request: 0.0003567 seconds.
  importAddress: GUID: 51fa60bb2bd1e5bc74e8cc95a7bfd5b7 - Path: Packages/com.unity.modules.ui/package.ModuleCompilationTrigger - Importer: ScriptedImporter/UnityEditor.QuickSearchModule:UnityEditor.Search:ASIAI0B
Importing 'GUID: 51fa60bb2bd1e5bc74e8cc95a7bfd5b7 - Path: Packages/com.unity.modules.ui/package.ModuleCompilationTrigger - Importer: ScriptedImporter/UnityEditor.QuickSearchModule:UnityEditor.Search:ASIAI0B' with importer (ScriptedImporter : UnityEditor.QuickSearchModule:UnityEditor.Search:ASIAI0B)
Imported 'GUID: 51fa60bb2bd1e5bc74e8cc95a7bfd5b7' -> (Import Result ID: 'c3fa8771005c7c9bf7ada1dcbda3ec27') in 0.005 seconds [static and dynamic dependencies]. Details - ImportResultOutputID=6910b49c5bbb7f72b840500ab725a47f DependenciesID=d9a8b9bcb1c7011d98bf0bc3a0b6fac3 StaticDependenciesID=d53de4e98bd8a6b37041b4c052b1e06c 
Number of updated asset objects reloaded before import = 0
Number of asset objects unloaded after import = 1
========================================================================
Received Import Request.
  Time of request: 2026-10-08T13:51:30.3474147Z
  Time since last request: 0.0003231 seconds.
  importAddress: GUID: 87d720faa37005c08600090e04d8c739 - Path: Packages/com.unity.modules.particlesystem/package.json - Importer: ScriptedImporter/UnityEditor.QuickSearchModule:UnityEditor.Search:ASIAI0B
Importing 'GUID: 87d720faa37005c08600090e04d8c739 - Path: Packages/com.unity.modules.particlesystem/package.json - Importer: ScriptedImporter/UnityEditor.QuickSearchModule:UnityEditor.Search:ASIAI0B' with importer (ScriptedImporter : UnityEditor.QuickSearchModule:UnityEditor.Search:ASIAI0B)
Imported 'GUID: 87d720faa37005c08600090e04d8c739' -> (Import Result ID: '3e37d0a73bb9ae0ebe96e93854e16f18') in 0.003 seconds [static and dynamic dependencies]. Details - ImportResultOutputID=6cc593edc400cdbf676be6ccedb9db0a DependenciesID=78d5245e62ce7ccd6a3667443b7f0d84 StaticDependenciesID=f3f529571fbbca2a6556dcd1ca39debb 
Number of updated asset objects reloaded before import = 0
Number of asset objects unloaded after import = 1
========================================================================
Received Import Request.
  Time of request: 2026-10-08T13:51:30.3512139Z
  Time since last request: 0.0003733 seconds.
  importAddress: GUID: c88e90bad18cceb5d182d0c805883056 - Path: Packages/com.unity.modules.director/package.ModuleCompilationTrigger - Importer: ScriptedImporter/UnityEditor.QuickSearchModule:UnityEditor.Search:ASIAI0B
Importing 'GUID: c88e90bad18cceb5d182d0c805883056 - Path: Packages/com.unity.modules.director/package.ModuleCompilationTrigger - Importer: ScriptedImporter/UnityEditor.QuickSearchModule:UnityEditor.Search:ASIAI0B' with importer (ScriptedImporter : UnityEditor.QuickSearchModule:UnityEditor.Search:ASIAI0B)
Imported 'GUID: c88e90bad18cceb5d182d0c805883056' -> (Import Result ID: 'a5c20efe5f5c7c96342eea7a066489e3') in 0.004 seconds [static and dynamic dependencies]. Details - ImportResultOutputID=e2da0fe7efb6b2e53be7a052efce81b4 DependenciesID=2b67b65a9fded925c4210fe15d328ccb StaticDependenciesID=7e8dfce8c9dff0a16fb23b40211f3ebf 
Number of updated asset objects reloaded before import = 0
Number of asset objects unloaded after import = 1
========================================================================
Received Import Request.
  Time of request: 2026-10-08T13:51:30.3551945Z
  Time since last request: 0.0002447 seconds.
  importAddress: GUID: a2c71c02b50345e99168bda191ec01b4 - Path: Packages/com.unity.multiplayer.center/Editor/MultiplayerCenterWindow/UI/RecommendationView/RecommendationView.cs - Importer: ScriptedImporter/UnityEditor.QuickSearchModule:UnityEditor.Search:ASIAI0B
Importing 'GUID: a2c71c02b50345e99168bda191ec01b4 - Path: Packages/com.unity.multiplayer.center/Editor/MultiplayerCenterWindow/UI/RecommendationView/RecommendationView.cs - Importer: ScriptedImporter/UnityEditor.QuickSearchModule:UnityEditor.Search:ASIAI0B' with importer (ScriptedImporter : UnityEditor.QuickSearchModule:UnityEditor.Search:ASIAI0B)
Imported 'GUID: a2c71c02b50345e99168bda191ec01b4' -> (Import Result ID: '2e7422a9d11ab9107909510232464966') in 0.005 seconds [static and dynamic dependencies]. Details - ImportResultOutputID=80cb864bde90b08453a9fc45866f820d DependenciesID=57bf557cab96ef6d96ba0bd2f2afba2a StaticDependenciesID=242f4a8269f6eb307dc316b7eee8d663 
Number of updated asset objects reloaded before import = 0
Number of asset objects unloaded after import = 0
========================================================================
Received Import Request.
  Time of request: 2026-10-08T13:51:30.3603749Z
  Time since last request: 0.0002042 seconds.
  importAddress: GUID: bfd567a3d1631a761bca9e99fa53d86d - Path: Packages/com.unity.modules.ui/package.json - Importer: ScriptedImporter/UnityEditor.QuickSearchModule:UnityEditor.Search:ASIAI0B
Importing 'GUID: bfd567a3d1631a761bca9e99fa53d86d - Path: Packages/com.unity.modules.ui/package.json - Importer: ScriptedImporter/UnityEditor.QuickSearchModule:UnityEditor.Search:ASIAI0B' with importer (ScriptedImporter : UnityEditor.QuickSearchModule:UnityEditor.Search:ASIAI0B)
Imported 'GUID: bfd567a3d1631a761bca9e99fa53d86d' -> (Import Result ID: '40e249bd24c863eabf05572ba30cd556') in 0.004 seconds [static and dynamic dependencies]. Details - ImportResultOutputID=3bc7ac5d509b9be92b3999fc396d39d8 DependenciesID=109b7a15b1b595bb3257b0aad159fa9a StaticDependenciesID=f67d33bd7a7a1efe4a8afb72fb5704f4 
Number of updated asset objects reloaded before import = 0
Number of asset objects unloaded after import = 1
========================================================================
Received Import Request.
  Time of request: 2026-10-08T13:51:30.3643867Z
  Time since last request: 0.000252 seconds.
  importAddress: GUID: f62135e79edb837b2d2ee3c524da864c - Path: Packages/com.unity.modules.video/package.ModuleCompilationTrigger - Importer: ScriptedImporter/UnityEditor.QuickSearchModule:UnityEditor.Search:ASIAI0B
Importing 'GUID: f62135e79edb837b2d2ee3c524da864c - Path: Packages/com.unity.modules.video/package.ModuleCompilationTrigger - Importer: ScriptedImporter/UnityEditor.QuickSearchModule:UnityEditor.Search:ASIAI0B' with importer (ScriptedImporter : UnityEditor.QuickSearchModule:UnityEditor.Search:ASIAI0B)
Imported 'GUID: f62135e79edb837b2d2ee3c524da864c' -> (Import Result ID: '1409b2680c4972a459b8ac1d42cfe426') in 0.004 seconds [static and dynamic dependencies]. Details - ImportResultOutputID=2c41d14b245e1241c48df59bc2e23887 DependenciesID=b3806bb0990bccd6bc4175047e77f07f StaticDependenciesID=30e3386367855e9b3cf574818f270a6b 
Number of updated asset objects reloaded before import = 0
Number of asset objects unloaded after import = 1
========================================================================
Received Import Request.
  Time of request: 2026-10-08T13:51:30.3684037Z
  Time since last request: 0.000222 seconds.
  importAddress: GUID: f7a8357347c80dc69c08d0b1a05e2122 - Path: Packages/com.unity.modules.physics2d/package.json - Importer: ScriptedImporter/UnityEditor.QuickSearchModule:UnityEditor.Search:ASIAI0B
Importing 'GUID: f7a8357347c80dc69c08d0b1a05e2122 - Path: Packages/com.unity.modules.physics2d/package.json - Importer: ScriptedImporter/UnityEditor.QuickSearchModule:UnityEditor.Search:ASIAI0B' with importer (ScriptedImporter : UnityEditor.QuickSearchModule:UnityEditor.Search:ASIAI0B)
Imported 'GUID: f7a8357347c80dc69c08d0b1a05e2122' -> (Import Result ID: '731b93863b3b3d84010ad7f0acb5c662') in 0.004 seconds [static and dynamic dependencies]. Details - ImportResultOutputID=4d128b5f3cdcc635f8f3646c55a8d483 DependenciesID=116494955c13a03a72c0870d566dc314 StaticDependenciesID=693da2655c7b99c52a0d03519e91d767 
Number of updated asset objects reloaded before import = 0
Number of asset objects unloaded after import = 1
========================================================================
Received Import Request.
  Time of request: 2026-10-08T13:51:30.3726974Z
  Time since last request: 0.000433 seconds.
  importAddress: GUID: e9669051ff70449b5923861e0e0b8838 - Path: Packages/com.unity.multiplayer.center/Editor/MultiplayerCenterWindow/UI/Icons/N4E.png - Importer: ScriptedImporter/UnityEditor.QuickSearchModule:UnityEditor.Search:ASIAI0B
Importing 'GUID: e9669051ff70449b5923861e0e0b8838 - Path: Packages/com.unity.multiplayer.center/Editor/MultiplayerCenterWindow/UI/Icons/N4E.png - Importer: ScriptedImporter/UnityEditor.QuickSearchModule:UnityEditor.Search:ASIAI0B' with importer (ScriptedImporter : UnityEditor.QuickSearchModule:UnityEditor.Search:ASIAI0B)
Imported 'GUID: e9669051ff70449b5923861e0e0b8838' -> (Import Result ID: '8de2004a3fd6507fe3584aef30db7a49') in 0.005 seconds [static and dynamic dependencies]. Details - ImportResultOutputID=c758c2bfac30779b8af0136423085708 DependenciesID=1d47785ae355894edce8fdb1a597db13 StaticDependenciesID=a2fcaf5abfac2dc34e5cc1004493589d 
Number of updated asset objects reloaded before import = 0
Number of asset objects unloaded after import = 1
========================================================================
Received Import Request.
  Time of request: 2026-10-08T13:51:30.3785852Z
  Time since last request: 0.0003783 seconds.
  importAddress: GUID: 830a36a23cf3ab1e61fa47940a6dc35e - Path: Packages/com.unity.modules.imageconversion/package.ModuleCompilationTrigger - Importer: ScriptedImporter/UnityEditor.QuickSearchModule:UnityEditor.Search:ASIAI0B
Importing 'GUID: 830a36a23cf3ab1e61fa47940a6dc35e - Path: Packages/com.unity.modules.imageconversion/package.ModuleCompilationTrigger - Importer: ScriptedImporter/UnityEditor.QuickSearchModule:UnityEditor.Search:ASIAI0B' with importer (ScriptedImporter : UnityEditor.QuickSearchModule:UnityEditor.Search:ASIAI0B)
Imported 'GUID: 830a36a23cf3ab1e61fa47940a6dc35e' -> (Import Result ID: 'f5d9e07771ebfa4b0bb33bccc3de2053') in 0.003 seconds [static and dynamic dependencies]. Details - ImportResultOutputID=d8494f2e138fb7e98ff7ec4d16b87881 DependenciesID=63c1b72f0069c158eb5f7dcebf25c11b StaticDependenciesID=878a9d4470ccd50d1cb803fdf6c7afd2 
Number of updated asset objects reloaded before import = 0
Number of asset objects unloaded after import = 1
========================================================================
Received Import Request.
  Time of request: 2026-10-08T13:51:30.3820639Z
  Time since last request: 0.0002527 seconds.
  importAddress: GUID: 1a4266815e998967becf686f9c71f0a6 - Path: Packages/com.unity.modules.physics/package.json - Importer: ScriptedImporter/UnityEditor.QuickSearchModule:UnityEditor.Search:ASIAI0B
Importing 'GUID: 1a4266815e998967becf686f9c71f0a6 - Path: Packages/com.unity.modules.physics/package.json - Importer: ScriptedImporter/UnityEditor.QuickSearchModule:UnityEditor.Search:ASIAI0B' with importer (ScriptedImporter : UnityEditor.QuickSearchModule:UnityEditor.Search:ASIAI0B)
Imported 'GUID: 1a4266815e998967becf686f9c71f0a6' -> (Import Result ID: '4bc9d1ff41ce5be8cd6740425d3cb828') in 0.004 seconds [static and dynamic dependencies]. Details - ImportResultOutputID=07b895d51a3be4f77995bda3bc702d0b DependenciesID=ff37ff97e48a3abd6f43184fabb81e45 StaticDependenciesID=ed81ca19a41862fefec5243a398361fe 
Number of updated asset objects reloaded before import = 0
Number of asset objects unloaded after import = 1
========================================================================
Received Import Request.
  Time of request: 2026-10-08T13:51:30.3860881Z
  Time since last request: 0.0002873 seconds.
  importAddress: GUID: b58a826ca804e4c67bab4283ad5a6102 - Path: Packages/com.unity.multiplayer.center/Editor/MultiplayerCenterWindow/UI/Icons/NoNetcode@2x.png - Importer: ScriptedImporter/UnityEditor.QuickSearchModule:UnityEditor.Search:ASIAI0B
Importing 'GUID: b58a826ca804e4c67bab4283ad5a6102 - Path: Packages/com.unity.multiplayer.center/Editor/MultiplayerCenterWindow/UI/Icons/NoNetcode@2x.png - Importer: ScriptedImporter/UnityEditor.QuickSearchModule:UnityEditor.Search:ASIAI0B' with importer (ScriptedImporter : UnityEditor.QuickSearchModule:UnityEditor.Search:ASIAI0B)
Imported 'GUID: b58a826ca804e4c67bab4283ad5a6102' -> (Import Result ID: 'b75f6d8d9c35073e2632231ca60414dc') in 0.005 seconds [static and dynamic dependencies]. Details - ImportResultOutputID=681a62d081e1089786c56c8d75dc1283 DependenciesID=8f280324775c975d845b8205a4995722 StaticDependenciesID=893ef2fc7c5783e7c69a66faac44b817 
Number of updated asset objects reloaded before import = 0
Number of asset objects unloaded after import = 1
========================================================================
Received Import Request.
  Time of request: 2026-10-08T13:51:30.3913452Z
  Time since last request: 0.0002623 seconds.
  importAddress: GUID: 7610600f5c83e01041a6fe849d39279f - Path: Packages/com.unity.modules.unitywebrequestassetbundle/package.ModuleCompilationTrigger - Importer: ScriptedImporter/UnityEditor.QuickSearchModule:UnityEditor.Search:ASIAI0B
Importing 'GUID: 7610600f5c83e01041a6fe849d39279f - Path: Packages/com.unity.modules.unitywebrequestassetbundle/package.ModuleCompilationTrigger - Importer: ScriptedImporter/UnityEditor.QuickSearchModule:UnityEditor.Search:ASIAI0B' with importer (ScriptedImporter : UnityEditor.QuickSearchModule:UnityEditor.Search:ASIAI0B)
Imported 'GUID: 7610600f5c83e01041a6fe849d39279f' -> (Import Result ID: 'c68e1c4bb51a860c4249b337bf85dae9') in 0.003 seconds [static and dynamic dependencies]. Details - ImportResultOutputID=0859623456322948e12d6946165384cf DependenciesID=3424ea431de3be623a2784288b74c83d StaticDependenciesID=f23118b5805a03d97d79801493b84397 
Number of updated asset objects reloaded before import = 0
Number of asset objects unloaded after import = 1
========================================================================
Received Import Request.
  Time of request: 2026-10-08T13:51:30.3945285Z
  Time since last request: 0.0002569 seconds.
  importAddress: GUID: 281e16dfc02f4a86bf924188eb96b176 - Path: Packages/com.unity.multiplayer.center/Editor/MultiplayerCenterWindow/UI/RecommendationView/RecommendationItemView.cs - Importer: ScriptedImporter/UnityEditor.QuickSearchModule:UnityEditor.Search:ASIAI0B
Importing 'GUID: 281e16dfc02f4a86bf924188eb96b176 - Path: Packages/com.unity.multiplayer.center/Editor/MultiplayerCenterWindow/UI/RecommendationView/RecommendationItemView.cs - Importer: ScriptedImporter/UnityEditor.QuickSearchModule:UnityEditor.Search:ASIAI0B' with importer (ScriptedImporter : UnityEditor.QuickSearchModule:UnityEditor.Search:ASIAI0B)
Imported 'GUID: 281e16dfc02f4a86bf924188eb96b176' -> (Import Result ID: '9e28c434333f670d79b5695ac8edca2d') in 0.003 seconds [static and dynamic dependencies]. Details - ImportResultOutputID=1827ca81a88fbd80c61306eeaf32b33a DependenciesID=5da127d5aee484cc89cca1850dc807d7 StaticDependenciesID=a55409e87f9da19d9c60838bbb474345 
Number of updated asset objects reloaded before import = 0
Number of asset objects unloaded after import = 0
========================================================================
Received Import Request.
  Time of request: 2026-10-08T13:51:30.3982672Z
  Time since last request: 0.0002841 seconds.
  importAddress: GUID: 2cb589d4e01184d928bb698f06e77561 - Path: Packages/com.unity.multiplayer.center/Editor/MultiplayerCenterWindow/UI/Icons/N4E@2x.png - Importer: ScriptedImporter/UnityEditor.QuickSearchModule:UnityEditor.Search:ASIAI0B
Importing 'GUID: 2cb589d4e01184d928bb698f06e77561 - Path: Packages/com.unity.multiplayer.center/Editor/MultiplayerCenterWindow/UI/Icons/N4E@2x.png - Importer: ScriptedImporter/UnityEditor.QuickSearchModule:UnityEditor.Search:ASIAI0B' with importer (ScriptedImporter : UnityEditor.QuickSearchModule:UnityEditor.Search:ASIAI0B)
Imported 'GUID: 2cb589d4e01184d928bb698f06e77561' -> (Import Result ID: '274a2cb37e43144afad6b7843e00418e') in 0.006 seconds [static and dynamic dependencies]. Details - ImportResultOutputID=ac5a65467ed85d5f13981275bb3651a7 DependenciesID=36ae3f1dbef953acbe6e57b1db87cb04 StaticDependenciesID=16d2941548a5983d7fcda72b2da57426 
Number of updated asset objects reloaded before import = 0
Number of asset objects unloaded after import = 1
========================================================================
Received Import Request.
  Time of request: 2026-10-08T13:51:30.404758Z
  Time since last request: 0.0004377 seconds.
  importAddress: GUID: 63314900d81e4a15814496af1889cb51 - Path: Packages/com.unity.multiplayer.center/Editor/MultiplayerCenterWindow/UI/RecommendationView/SectionHeader.cs - Importer: ScriptedImporter/UnityEditor.QuickSearchModule:UnityEditor.Search:ASIAI0B
Importing 'GUID: 63314900d81e4a15814496af1889cb51 - Path: Packages/com.unity.multiplayer.center/Editor/MultiplayerCenterWindow/UI/RecommendationView/SectionHeader.cs - Importer: ScriptedImporter/UnityEditor.QuickSearchModule:UnityEditor.Search:ASIAI0B' with importer (ScriptedImporter : UnityEditor.QuickSearchModule:UnityEditor.Search:ASIAI0B)
Imported 'GUID: 63314900d81e4a15814496af1889cb51' -> (Import Result ID: '67e6bfce4f1f1838186d282d4344c073') in 0.003 seconds [static and dynamic dependencies]. Details - ImportResultOutputID=496a377768332a4aba363644d2c212b4 DependenciesID=be4bcf970795b2c40b37595e8d575266 StaticDependenciesID=ef6b7361bbb22f087e021e3ecc7b8ab2 
Number of updated asset objects reloaded before import = 0
Number of asset objects unloaded after import = 0
========================================================================
Received Import Request.
  Time of request: 2026-10-08T13:51:30.4086485Z
  Time since last request: 0.0002875 seconds.
  importAddress: GUID: 9431e8221045c4af189b2fa7174b9e9f - Path: Packages/com.unity.multiplayer.center/Editor/MultiplayerCenterWindow/UI/Icons/PackageManager@2x.png - Importer: ScriptedImporter/UnityEditor.QuickSearchModule:UnityEditor.Search:ASIAI0B
Importing 'GUID: 9431e8221045c4af189b2fa7174b9e9f - Path: Packages/com.unity.multiplayer.center/Editor/MultiplayerCenterWindow/UI/Icons/PackageManager@2x.png - Importer: ScriptedImporter/UnityEditor.QuickSearchModule:UnityEditor.Search:ASIAI0B' with importer (ScriptedImporter : UnityEditor.QuickSearchModule:UnityEditor.Search:ASIAI0B)
Imported 'GUID: 9431e8221045c4af189b2fa7174b9e9f' -> (Import Result ID: 'c9224f77b02d5380a66639986da7fa24') in 0.006 seconds [static and dynamic dependencies]. Details - ImportResultOutputID=541e89bd69af5e453537a5bd37a13218 DependenciesID=40f2840b758509d9bfa89af2d8956d0e StaticDependenciesID=295655b7b60722570007e2a6415e8e98 
Number of updated asset objects reloaded before import = 0
Number of asset objects unloaded after import = 1
========================================================================
Received Import Request.
  Time of request: 2026-10-08T13:51:30.5184345Z
  Time since last request: 0.1035191 seconds.
  importAddress: GUID: d2ec2d1228c8e67cdd913cb5609176a2 - Path: Packages/com.unity.modules.unitywebrequest/package.ModuleCompilationTrigger - Importer: ScriptedImporter/UnityEditor.QuickSearchModule:UnityEditor.Search:ASIAI0B
Importing 'GUID: d2ec2d1228c8e67cdd913cb5609176a2 - Path: Packages/com.unity.modules.unitywebrequest/package.ModuleCompilationTrigger - Importer: ScriptedImporter/UnityEditor.QuickSearchModule:UnityEditor.Search:ASIAI0B' with importer (ScriptedImporter : UnityEditor.QuickSearchModule:UnityEditor.Search:ASIAI0B)
Imported 'GUID: d2ec2d1228c8e67cdd913cb5609176a2' -> (Import Result ID: 'b8added5881c171a7947a0d32a644b76') in 0.004 seconds [static and dynamic dependencies]. Details - ImportResultOutputID=96f32de7d2c99b4ecbbb849cc1bf9ea7 DependenciesID=6aacc8ecde87d60c30f0c3f76bb462b7 StaticDependenciesID=92572239c7faf4658758eb8822444c9e 
Number of updated asset objects reloaded before import = 0
Number of asset objects unloaded after import = 1
========================================================================
Received Import Request.
  Time of request: 2026-10-08T13:51:30.5232237Z
  Time since last request: 0.0003585 seconds.
  importAddress: GUID: 906c12bc9cd95d3963c6d58f62522c78 - Path: Packages/com.unity.modules.cloth/package.json - Importer: ScriptedImporter/UnityEditor.QuickSearchModule:UnityEditor.Search:ASIAI0B
Importing 'GUID: 906c12bc9cd95d3963c6d58f62522c78 - Path: Packages/com.unity.modules.cloth/package.json - Importer: ScriptedImporter/UnityEditor.QuickSearchModule:UnityEditor.Search:ASIAI0B' with importer (ScriptedImporter : UnityEditor.QuickSearchModule:UnityEditor.Search:ASIAI0B)
Imported 'GUID: 906c12bc9cd95d3963c6d58f62522c78' -> (Import Result ID: '4f4bb1506f1c94a3bdea4053a584c49b') in 0.003 seconds [static and dynamic dependencies]. Details - ImportResultOutputID=265c1a9f7249c0c5ef824fadb25f8985 DependenciesID=ca1a82154de2b50f53301875bf08fdb5 StaticDependenciesID=64695b2a53b6d439ecfc4f0513177740 
Number of updated asset objects reloaded before import = 0
Number of asset objects unloaded after import = 1
========================================================================
Received Import Request.
  Time of request: 2026-10-08T13:51:49.4918067Z
  Time since last request: 18.9653925 seconds.
  importAddress: GUID: b627f8389b42371489513b959e80cd42 - Path: Assets/Free Pack/Textures/T_All_Banana_Normal.png - Importer: PreviewImporter
Importing 'GUID: b627f8389b42371489513b959e80cd42 - Path: Assets/Free Pack/Textures/T_All_Banana_Normal.png - Importer: PreviewImporter' with importer (PreviewImporter)
Imported 'GUID: b627f8389b42371489513b959e80cd42' -> (Import Result ID: '1e7c993caf506ed791a5f8cc725f0ef5') in 0.051 seconds [static and dynamic dependencies]. Details - ImportResultOutputID=6f1293f68b467bb94d59f520ca51572f DependenciesID=5498c68eb90dbe25f433a147bb0cac73 StaticDependenciesID=cd8856b024855f31f9c55d75c67801d5 
Number of updated asset objects reloaded before import = 0
Number of asset objects unloaded after import = 2
========================================================================
Received Import Request.
  Time of request: 2026-10-08T13:51:49.5453742Z
  Time since last request: 0.0000257 seconds.
  importAddress: GUID: 6679fce512dd98644818c3c96cac456f - Path: Assets/Free Pack/Textures/T_FC_RK_Batch_02_MetallicSmoothness.png - Importer: PreviewImporter
Importing 'GUID: 6679fce512dd98644818c3c96cac456f - Path: Assets/Free Pack/Textures/T_FC_RK_Batch_02_MetallicSmoothness.png - Importer: PreviewImporter' with importer (PreviewImporter)
Imported 'GUID: 6679fce512dd98644818c3c96cac456f' -> (Import Result ID: '7f2eef347f91416bfbf7589d837b1f44') in 0.117 seconds [static and dynamic dependencies]. Details - ImportResultOutputID=5293cb7b3c8f960eb97ec959c4797651 DependenciesID=80b660696e0e7cca553eb132cd0d70a9 StaticDependenciesID=a3b0ea904fb12dd77a899062301e9823 
Number of updated asset objects reloaded before import = 0
Number of asset objects unloaded after import = 2
========================================================================
Received Import Request.
  Time of request: 2026-10-08T13:51:49.6629796Z
  Time since last request: 0.000293 seconds.
  importAddress: GUID: 34e9e7101151ff444b82fe0680266cba - Path: Assets/Free Pack/Textures/T_CS_Batch_01_AO.png - Importer: PreviewImporter
Importing 'GUID: 34e9e7101151ff444b82fe0680266cba - Path: Assets/Free Pack/Textures/T_CS_Batch_01_AO.png - Importer: PreviewImporter' with importer (PreviewImporter)
Imported 'GUID: 34e9e7101151ff444b82fe0680266cba' -> (Import Result ID: '260715ee52ce41db257d5cf8730249b8') in 0.011 seconds [static and dynamic dependencies]. Details - ImportResultOutputID=2aec742256725d744c8a4b84eb636135 DependenciesID=28b0b4f77156b72e3f2fd13402453516 StaticDependenciesID=258bb603fd3a18a28abc5331f311b995 
Number of updated asset objects reloaded before import = 0
Number of asset objects unloaded after import = 2
========================================================================
Received Import Request.
  Time of request: 2026-10-08T13:51:49.6745338Z
  Time since last request: 0.0003004 seconds.
  importAddress: GUID: 0de22df6cdf5ea34c8010e2910352b1c - Path: Assets/Free Pack/Textures/T_Batch_Small_02_AO.png - Importer: PreviewImporter
Importing 'GUID: 0de22df6cdf5ea34c8010e2910352b1c - Path: Assets/Free Pack/Textures/T_Batch_Small_02_AO.png - Importer: PreviewImporter' with importer (PreviewImporter)
Imported 'GUID: 0de22df6cdf5ea34c8010e2910352b1c' -> (Import Result ID: '71ae285922b93ce48e3e1b76600c8c98') in 0.008 seconds [static and dynamic dependencies]. Details - ImportResultOutputID=e93038ef323c317cd8ae3a1e8404f4ec DependenciesID=0ab2fa55e04de463b292e7a183c6b5e1 StaticDependenciesID=ed6a6b335ef9eec6fd80c7780baa526c 
Number of updated asset objects reloaded before import = 0
Number of asset objects unloaded after import = 2
========================================================================
Received Import Request.
  Time of request: 2026-10-08T13:51:49.6831143Z
  Time since last request: 0.0001176 seconds.
  importAddress: GUID: 20bfc58edd876e94fa226e3095495b90 - Path: Assets/Free Pack/Textures/T_Candle_stand_04_MetallicSmoothness.png - Importer: PreviewImporter
Importing 'GUID: 20bfc58edd876e94fa226e3095495b90 - Path: Assets/Free Pack/Textures/T_Candle_stand_04_MetallicSmoothness.png - Importer: PreviewImporter' with importer (PreviewImporter)
Imported 'GUID: 20bfc58edd876e94fa226e3095495b90' -> (Import Result ID: 'd508c0339d5f824c8acc25a3eebfe9c9') in 0.010 seconds [static and dynamic dependencies]. Details - ImportResultOutputID=5f50c73d8e3730776f7ed374fe6b7450 DependenciesID=39f2818f295f6d76358e85503dd09cd2 StaticDependenciesID=eac81d654a2b3f553ce1875031478d76 
Number of updated asset objects reloaded before import = 0
Number of asset objects unloaded after import = 2
========================================================================
Received Import Request.
  Time of request: 2026-10-08T13:51:49.6941942Z
  Time since last request: 0.0003923 seconds.
  importAddress: GUID: a33a2f163783c344d8be18706a399803 - Path: Assets/Free Pack/Textures/T_FC_RK_Batch_02_Emissive.png - Importer: PreviewImporter
Importing 'GUID: a33a2f163783c344d8be18706a399803 - Path: Assets/Free Pack/Textures/T_FC_RK_Batch_02_Emissive.png - Importer: PreviewImporter' with importer (PreviewImporter)
Imported 'GUID: a33a2f163783c344d8be18706a399803' -> (Import Result ID: 'cbcf301fabea30f9a989a12a4e52e5e3') in 0.008 seconds [static and dynamic dependencies]. Details - ImportResultOutputID=d492897ab1e1f52a302704c4ddbd7bb0 DependenciesID=ebb2c491efba7f1ef9986374d9728385 StaticDependenciesID=2cdb0306b584faa3916878102e0b4b07 
Number of updated asset objects reloaded before import = 0
Number of asset objects unloaded after import = 2
========================================================================
Received Import Request.
  Time of request: 2026-10-08T13:51:49.7025479Z
  Time since last request: 0.0002498 seconds.
  importAddress: GUID: e0db912f08c8bc941838a346964b3c3a - Path: Assets/Free Pack/Textures/T_Carpet_01_Normal.png - Importer: PreviewImporter
Importing 'GUID: e0db912f08c8bc941838a346964b3c3a - Path: Assets/Free Pack/Textures/T_Carpet_01_Normal.png - Importer: PreviewImporter' with importer (PreviewImporter)
Imported 'GUID: e0db912f08c8bc941838a346964b3c3a' -> (Import Result ID: '48cbbbdb22c712aeb17fdd93cb4fb477') in 0.011 seconds [static and dynamic dependencies]. Details - ImportResultOutputID=760b1acb953e741eaa390c334d4166fb DependenciesID=a512982400dfc601c2d7a9aa04926e8b StaticDependenciesID=9a2d68fb33818835b79850fc2cb04161 
Number of updated asset objects reloaded before import = 0
Number of asset objects unloaded after import = 2
Editor requested this worker to shutdown with reason: Scaling down because of idle timeout
AcceleratorClientConnectionCallback - disconnected - :0
AssetImportWorker is now disconnected from the server
Process exiting
Exiting without the bug reporter. Application will terminate with return code 0