[Licensing::Module] Trying to connect to existing licensing client channel...
Built from '6000.5/staging' branch; Version is '6000.5.7f1 (017862109af0) revision 96354'; Using compiler version '194234433'; Build Type 'Release'
[Licensing::IpcConnector] Successfully connected to: "LicenseClient-cgardner4864" at "2026-10-08T13:50:26.4779Z"
OS: 'Windows 11  (10.0.26200) Enterprise' Language: 'en' Physical Memory: 32454 MB
BatchMode: 0, IsHumanControllingUs: 1, StartBugReporterOnCrash: 1, Is64bit: 1
System  architecture: x64
Process architecture: x64
Date: 2026-10-08T13:50:26Z

COMMAND LINE ARGUMENTS:
C:\Program Files\Unity\Hub\Editor\6000.5.7f1\Editor\Unity.exe
-projectpath
C:\Users\cgardner4864\Documents\GitHub\Holy-Guac\Holy guac map
-acceptSoftwareTermsForThisRunOnly
-useHub
-hubIPC
-cloudEnvironment
production
-licensingIpc
LicenseClient-cgardner4864
-hubSessionId
ba01392a-42bb-4e3e-9165-0e2c06fdf638
-accessToken
K81Bdk7BowZj2s8n1GsrhmkTFusMfpPZEHxYJlRIPdw002f
Successfully changed project path to: C:\Users\cgardner4864\Documents\GitHub\Holy-Guac\Holy guac map
C:/Users/cgardner4864/Documents/GitHub/Holy-Guac/Holy guac map
[UnityMemory] Configuration Parameters - Can be set up in boot.config
    "memorysetup-temp-allocator-size-gi-baking-worker=262144"
    "memorysetup-temp-allocator-size-gi-baking-worker=262144"
    "memorysetup-temp-allocator-size-gi-baking-worker=262144"
    "memorysetup-temp-allocator-size-gi-baking-worker=262144"
    "memorysetup-temp-allocator-size-gi-baking-worker=262144"
    "memorysetup-temp-allocator-size-nav-mesh-worker=65536"
    "memorysetup-temp-allocator-size-audio-worker=65536"
    "memorysetup-temp-allocator-size-cloud-worker=32768"
    "memorysetup-temp-allocator-size-gfx=262144"
    "memorysetup-temp-allocator-size-preload-manager=33554432"
    "memorysetup-allocator-temp-initial-block-size-main=262144"
    "memorysetup-allocator-temp-initial-block-size-worker=262144"
    "memorysetup-temp-allocator-size-job-worker=262144"
    "memorysetup-temp-allocator-size-background-worker=32768"
    "memorysetup-bucket-allocator-granularity=16"
    "memorysetup-bucket-allocator-bucket-count=8"
    "memorysetup-bucket-allocator-block-size=33554432"
    "memorysetup-bucket-allocator-block-count=8"
    "memorysetup-main-allocator-block-size=16777216"
    "memorysetup-thread-allocator-block-size=16777216"
    "memorysetup-main-allocator-mimalloc-enabled=0"
    "memorysetup-gfx-main-allocator-block-size=16777216"
    "memorysetup-gfx-thread-allocator-block-size=16777216"
    "memorysetup-cache-allocator-block-size=4194304"
    "memorysetup-typetree-allocator-block-size=2097152"
    "memorysetup-profiler-bucket-allocator-granularity=16"
    "memorysetup-profiler-bucket-allocator-bucket-count=8"
    "memorysetup-profiler-bucket-allocator-block-size=33554432"
    "memorysetup-profiler-bucket-allocator-block-count=8"
    "memorysetup-profiler-allocator-block-size=16777216"
    "memorysetup-profiler-editor-allocator-block-size=1048576"
    "memorysetup-temp-allocator-size-main=16777216"
    "memorysetup-job-temp-allocator-block-size=2097152"
    "memorysetup-job-temp-allocator-block-size-background=1048576"
    "memorysetup-job-temp-allocator-reduction-small-platforms=262144"
Player connection [32264]  Target information:

Player connection [32264]  * "[IP] 172.17.162.22 [Port] 55504 [Flags] 2 [Guid] 3509653196 [EditorId] 3509653196 [Version] 1048832 [Id] WindowsEditor(7,CTE-D-BUS-05) [Debug] 1 [PackageName] WindowsEditor [ProjectName] Editor" 

Player connection [32264] Host joined multi-casting on [225.0.0.222:54997]...
Player connection [32264] Host joined alternative multi-casting on [225.0.0.222:34997]...
Input System module state changed to: Initialized.
[Physics::Module] Initialized fallback backend.
[Physics::Module] Id: 0xdecafbad
[Package Manager] Connected to IPC stream "Upm-21828" after 0.4 seconds.
[Licensing::Module] Licensing is not yet initialized.
[Licensing::Client] Error: HandshakeResponse reported an error:
	ResponseCode: 505
	ResponseStatus: Unsupported protocol version '1.18.1'.
[Licensing::Module] Error: Failed to handshake to channel: "LicenseClient-cgardner4864"
[Licensing::IpcConnector] LicenseClient-cgardner4864 channel disconnected successfully.
[Licensing::IpcConnector] Channel LicenseClient-cgardner4864-6000.5.7 doesn't exist
[Licensing::Module] Successfully launched the LicensingClient (PId: 29088)
Starting IPC server.
Waiting for clients to connect on \\.\pipe\Unity-LicenseClient-cgardner4864-6000.5.7, press Ctrl-C to exit.
[Licensing::IpcConnector] Successfully connected to: "LicenseClient-cgardner4864-6000.5.7" at "2026-10-08T13:50:28.3905189Z"
[Licensing::Client] Code 10 while verifying Licensing Client signature (process Id: 29088, path: "C:/Program Files/Unity/Hub/Editor/6000.5.7f1/Editor/Data/Resources/Licensing/Client/Unity.Licensing.Client.exe")
[Licensing::Module] LicensingClient has failed validation; ignoring
[Licensing::Client] Handshaking with LicensingClient:
  Version:                 1.18.1+9fbee8e
  Session Id:              07509a45fda94ff29104a655e305ff53
  Correlation Id:          f1f7b936c8fcdadd6369157f742402ec
  External correlation Id: 7627293196227901120
  Machine Id:              o6y3aD8r9/j/Q5p9E9OV5pnfgJ8=
[Licensing::Module] Successfully connected to LicensingClient on channel: "LicenseClient-cgardner4864-6000.5.7" (connect: 0.37s, validation: 0.07s, handshake: 0.01s)
[Licensing::IpcConnector] Successfully connected to: "LicenseClient-cgardner4864-6000.5.7-notifications" at "2026-10-08T13:50:28.4647285Z"
[Licensing::Module] Connected to LicensingClient (PId: 29088, launch time: 0.00, total connection time: 0.45s)
[Licensing::Client] Successfully updated the access token
[Licensing::Module] Successfully updated the access token K81Bdk7Bow...
[Licensing::Client] Successfully resolved entitlement details
[Licensing::Module] License group:
  Id: 2475879046101-UnityPersXXXX
  Product: Unity Personal
  Type: Assigned
  Expiration: Unlimited
[Licensing::Client] Successfully updated license, isAsync: True, time: 0.01
[Licensing::Client] Successfully resolved entitlement details
[Licensing::Module] Licensing Background thread has ended after 2.02s
[Licensing::Module] Licensing is initialized (took 1.46s).
[Licensing::Client] Successfully resolved entitlement details
Library Redirect Path: Library/
Rebuilding Library because the asset database could not be found!
[Physics::Module] Selected backend.
[Physics::Module] Name: PhysX
[Physics::Module] Id: 0xf2b8ea05
[Physics::Module] SDK Version: 4.1.2
[Physics::Module] Integration Version: 1.0.0
[Physics::Module] Threading Mode: Multi-Threaded
Initialize engine version: 6000.5.7f1 (017862109af0)
[Subsystems] Discovering subsystems at path C:/Program Files/Unity/Hub/Editor/6000.5.7f1/Editor/Data/Resources/UnitySubsystems
[Subsystems] Discovering subsystems at path C:/Users/cgardner4864/Documents/GitHub/Holy-Guac/Holy guac map/Assets
GfxDevice: creating device client; kGfxThreadingModeThreaded
Direct3D:
    Version:  Direct3D 11.0 [level 11.1]
    Renderer: NVIDIA T1000 8GB (ID=0x1ff0)
    Vendor:   NVIDIA
    VRAM:     8015 MB
    Driver:   32.0.15.9671
Initialize mono
Mono path[0] = 'C:/Program Files/Unity/Hub/Editor/6000.5.7f1/Editor/Data/Managed'
Mono path[1] = 'C:/Program Files/Unity/Hub/Editor/6000.5.7f1/Editor/Data/BCLExtensions/runtime/netstandard2.1'
Mono path[2] = 'C:/Program Files/Unity/Hub/Editor/6000.5.7f1/Editor/Data/MonoBleedingEdge/lib/mono/unityjit-win32'
Mono config path = 'C:/Program Files/Unity/Hub/Editor/6000.5.7f1/Editor/Data/MonoBleedingEdge/etc'
Using monoOptions --debugger-agent=transport=dt_socket,embedding=1,server=y,suspend=n,address=127.0.0.1:56828
CodeReloadManager initialized
ImportWorker Server TCP listen port: 0
AcceleratorClientConnectionCallback - disconnected - :0
Begin MonoManager ReloadAssembly
Registering precompiled unity dll's ...
Register platform support module: C:/Program Files/Unity/Hub/Editor/6000.5.7f1/Editor/Data/PlaybackEngines/WindowsStandaloneSupport/UnityEditor.WindowsStandalone.Extensions.dll
Registered in 0.001933 seconds.
Native extension for WindowsStandalone target not found
Package Manager log level set to [2]
ScheduleIndexationOnStartup MainProcess:False IndexOnStartup:False
Mono: successfully reloaded assembly
- Finished resetting the current domain, in  0.335 seconds
Domain Reload Profiling: 743ms
	BeginReloadAssembly (119ms)
		CreateAndSetChildDomain (20ms)
	RebuildCommonClasses (4ms)
	RebuildNativeTypeToScriptingClass (15ms)
	initialDomainReloadingComplete (51ms)
	LoadAllAssembliesAndSetupDomain (218ms)
		LoadAssemblies (96ms)
		AnalyzeDomain (161ms)
			TypeCache.Refresh (160ms)
				TypeCache.ScanAssembly (148ms)
	FinalizeReload (337ms)
		SetupLoadedEditorAssemblies (0ms)
			BeforeProcessingInitializeOnLoad (70ms)
			ProcessInitializeOnLoadAttributes (74ms)
			ProcessInitializeOnLoadMethodAttributes (132ms)
[Licensing::Client] Successfully resolved entitlement details
Application.AssetDatabase Initial Refresh Start
[Package Manager] The file [C:\Users\cgardner4864\Documents\GitHub\Holy-Guac\Holy guac map\Packages\manifest.json] cannot be found
[Package Manager] The file [C:\Users\cgardner4864\Documents\GitHub\Holy-Guac\Holy guac map\Packages\manifest.json] cannot be found
[Package Manager] The file [C:\Users\cgardner4864\Documents\GitHub\Holy-Guac\Holy guac map\Packages\manifest.json] cannot be found
[Package Manager] Done resolving packages in 0.86 seconds
[Licensing::Client] Successfully resolved entitlement details
[Package Manager] Lock file was modified
[Package Manager] Registered 37 packages:
  Built-in packages:
    com.unity.multiplayer.center@1.0.1 (location: C:\Users\cgardner4864\Documents\GitHub\Holy-Guac\Holy guac map\Library\PackageCache\com.unity.multiplayer.center@b860850997d0)
    com.unity.modules.accessibility@1.0.0 (location: C:\Users\cgardner4864\Documents\GitHub\Holy-Guac\Holy guac map\Library\PackageCache\com.unity.modules.accessibility)
    com.unity.modules.adaptiveperformance@1.0.0 (location: C:\Users\cgardner4864\Documents\GitHub\Holy-Guac\Holy guac map\Library\PackageCache\com.unity.modules.adaptiveperformance)
    com.unity.modules.ai@1.0.0 (location: C:\Users\cgardner4864\Documents\GitHub\Holy-Guac\Holy guac map\Library\PackageCache\com.unity.modules.ai)
    com.unity.modules.androidjni@1.0.0 (location: C:\Users\cgardner4864\Documents\GitHub\Holy-Guac\Holy guac map\Library\PackageCache\com.unity.modules.androidjni)
    com.unity.modules.animation@1.0.0 (location: C:\Users\cgardner4864\Documents\GitHub\Holy-Guac\Holy guac map\Library\PackageCache\com.unity.modules.animation)
    com.unity.modules.assetbundle@1.0.0 (location: C:\Users\cgardner4864\Documents\GitHub\Holy-Guac\Holy guac map\Library\PackageCache\com.unity.modules.assetbundle)
    com.unity.modules.audio@1.0.0 (location: C:\Users\cgardner4864\Documents\GitHub\Holy-Guac\Holy guac map\Library\PackageCache\com.unity.modules.audio)
    com.unity.modules.cloth@1.0.0 (location: C:\Users\cgardner4864\Documents\GitHub\Holy-Guac\Holy guac map\Library\PackageCache\com.unity.modules.cloth)
    com.unity.modules.director@1.0.0 (location: C:\Users\cgardner4864\Documents\GitHub\Holy-Guac\Holy guac map\Library\PackageCache\com.unity.modules.director)
    com.unity.modules.imageconversion@1.0.0 (location: C:\Users\cgardner4864\Documents\GitHub\Holy-Guac\Holy guac map\Library\PackageCache\com.unity.modules.imageconversion)
    com.unity.modules.imgui@1.0.0 (location: C:\Users\cgardner4864\Documents\GitHub\Holy-Guac\Holy guac map\Library\PackageCache\com.unity.modules.imgui)
    com.unity.modules.jsonserialize@1.0.0 (location: C:\Users\cgardner4864\Documents\GitHub\Holy-Guac\Holy guac map\Library\PackageCache\com.unity.modules.jsonserialize)
    com.unity.modules.particlesystem@1.0.0 (location: C:\Users\cgardner4864\Documents\GitHub\Holy-Guac\Holy guac map\Library\PackageCache\com.unity.modules.particlesystem)
    com.unity.modules.physics@1.0.0 (location: C:\Users\cgardner4864\Documents\GitHub\Holy-Guac\Holy guac map\Library\PackageCache\com.unity.modules.physics)
    com.unity.modules.physics2d@1.0.0 (location: C:\Users\cgardner4864\Documents\GitHub\Holy-Guac\Holy guac map\Library\PackageCache\com.unity.modules.physics2d)
    com.unity.modules.physicscore2d@1.0.0 (location: C:\Users\cgardner4864\Documents\GitHub\Holy-Guac\Holy guac map\Library\PackageCache\com.unity.modules.physicscore2d)
    com.unity.modules.screencapture@1.0.0 (location: C:\Users\cgardner4864\Documents\GitHub\Holy-Guac\Holy guac map\Library\PackageCache\com.unity.modules.screencapture)
    com.unity.modules.terrain@1.0.0 (location: C:\Users\cgardner4864\Documents\GitHub\Holy-Guac\Holy guac map\Library\PackageCache\com.unity.modules.terrain)
    com.unity.modules.terrainphysics@1.0.0 (location: C:\Users\cgardner4864\Documents\GitHub\Holy-Guac\Holy guac map\Library\PackageCache\com.unity.modules.terrainphysics)
    com.unity.modules.tilemap@1.0.0 (location: C:\Users\cgardner4864\Documents\GitHub\Holy-Guac\Holy guac map\Library\PackageCache\com.unity.modules.tilemap)
    com.unity.modules.ui@1.0.0 (location: C:\Users\cgardner4864\Documents\GitHub\Holy-Guac\Holy guac map\Library\PackageCache\com.unity.modules.ui)
    com.unity.modules.uielements@1.0.0 (location: C:\Users\cgardner4864\Documents\GitHub\Holy-Guac\Holy guac map\Library\PackageCache\com.unity.modules.uielements)
    com.unity.modules.umbra@1.0.0 (location: C:\Users\cgardner4864\Documents\GitHub\Holy-Guac\Holy guac map\Library\PackageCache\com.unity.modules.umbra)
    com.unity.modules.unityanalytics@1.0.0 (location: C:\Users\cgardner4864\Documents\GitHub\Holy-Guac\Holy guac map\Library\PackageCache\com.unity.modules.unityanalytics)
    com.unity.modules.unitywebrequest@1.0.0 (location: C:\Users\cgardner4864\Documents\GitHub\Holy-Guac\Holy guac map\Library\PackageCache\com.unity.modules.unitywebrequest)
    com.unity.modules.unitywebrequestassetbundle@1.0.0 (location: C:\Users\cgardner4864\Documents\GitHub\Holy-Guac\Holy guac map\Library\PackageCache\com.unity.modules.unitywebrequestassetbundle)
    com.unity.modules.unitywebrequestaudio@1.0.0 (location: C:\Users\cgardner4864\Documents\GitHub\Holy-Guac\Holy guac map\Library\PackageCache\com.unity.modules.unitywebrequestaudio)
    com.unity.modules.unitywebrequesttexture@1.0.0 (location: C:\Users\cgardner4864\Documents\GitHub\Holy-Guac\Holy guac map\Library\PackageCache\com.unity.modules.unitywebrequesttexture)
    com.unity.modules.unitywebrequestwww@1.0.0 (location: C:\Users\cgardner4864\Documents\GitHub\Holy-Guac\Holy guac map\Library\PackageCache\com.unity.modules.unitywebrequestwww)
    com.unity.modules.vectorgraphics@1.0.0 (location: C:\Users\cgardner4864\Documents\GitHub\Holy-Guac\Holy guac map\Library\PackageCache\com.unity.modules.vectorgraphics)
    com.unity.modules.vehicles@1.0.0 (location: C:\Users\cgardner4864\Documents\GitHub\Holy-Guac\Holy guac map\Library\PackageCache\com.unity.modules.vehicles)
    com.unity.modules.video@1.0.0 (location: C:\Users\cgardner4864\Documents\GitHub\Holy-Guac\Holy guac map\Library\PackageCache\com.unity.modules.video)
    com.unity.modules.wind@1.0.0 (location: C:\Users\cgardner4864\Documents\GitHub\Holy-Guac\Holy guac map\Library\PackageCache\com.unity.modules.wind)
    com.unity.modules.xr@1.0.0 (location: C:\Users\cgardner4864\Documents\GitHub\Holy-Guac\Holy guac map\Library\PackageCache\com.unity.modules.xr)
    com.unity.modules.subsystems@1.0.0 (location: C:\Users\cgardner4864\Documents\GitHub\Holy-Guac\Holy guac map\Library\PackageCache\com.unity.modules.subsystems)
    com.unity.modules.hierarchycore@1.0.0 (location: C:\Users\cgardner4864\Documents\GitHub\Holy-Guac\Holy guac map\Library\PackageCache\com.unity.modules.hierarchycore)
[Subsystems] No new subsystems found in resolved package list.
[Package Manager] Done registering packages in 0.00 seconds
AcceleratorClientConnectionCallback - disconnected - :0
[ScriptCompilation] Requested script compilation because: Assembly Definition File(s) changed
[ScriptCompilation] Requested script compilation because: AssetDatabase observed changes in script compilation related files
info: Microsoft.Hosting.Lifetime[14]
      Now listening on: http://localhost:80
info: Microsoft.Hosting.Lifetime[0]
      Application started. Press Ctrl+C to shut down.
info: Microsoft.Hosting.Lifetime[0]
      Hosting environment: Production
info: Microsoft.Hosting.Lifetime[0]
      Content root path: C:\Users\cgardner4864\Documents\GitHub\Holy-Guac\Holy guac map
info: Microsoft.AspNetCore.Hosting.Diagnostics[1]
      Request starting HTTP/2 POST http://ilpp/UnityILPP.PostProcessing/Ping - application/grpc -
info: Microsoft.AspNetCore.Routing.EndpointMiddleware[0]
      Executing endpoint 'gRPC - /UnityILPP.PostProcessing/Ping'
info: Microsoft.AspNetCore.Routing.EndpointMiddleware[1]
      Executed endpoint 'gRPC - /UnityILPP.PostProcessing/Ping'
info: Microsoft.AspNetCore.Hosting.Diagnostics[2]
      Request finished HTTP/2 POST http://ilpp/UnityILPP.PostProcessing/Ping - 200 - application/grpc 22.0569ms
Starting: C:\Program Files\Unity\Hub\Editor\6000.5.7f1\Editor\Data\Tools\BuildPipeline\bee_backend.exe --ipc --defer-dag-verification --dagfile="Library/Bee/1900b0aE.dag" --continue-on-failure --profile="Library/Bee/backend1.traceevents" ScriptAssemblies
WorkingDir: C:/Users/cgardner4864/Documents/GitHub/Holy-Guac/Holy guac map
Starting: C:\Program Files\Unity\Hub\Editor\6000.5.7f1\Editor\Data\netcorerun\netcorerun.exe "C:\Program Files\Unity\Hub\Editor\6000.5.7f1\Editor\Data\Tools\BuildPipeline\ScriptCompilationBuildProgram.exe" "Library/Bee/1900b0aE.dag.json" "Library/Bee/1900b0aE-inputdata.json" "Library\Bee\buildprogram0.traceevents"
WorkingDir: C:/Users/cgardner4864/Documents/GitHub/Holy-Guac/Holy guac map
ExitCode: 4 Duration: 0s257ms
[             ] Require frontend run.  Library/Bee/1900b0aE.dag couldn't be loaded
ExitCode: 0 Duration: 0s291ms
Starting: C:\Program Files\Unity\Hub\Editor\6000.5.7f1\Editor\Data\Tools\BuildPipeline\bee_backend.exe --ipc --defer-dag-verification --dagfile="Library/Bee/1900b0aE.dag" --continue-on-failure --dagfilejson="Library\Bee\1900b0aE.dag.json" --profile="Library/Bee/backend2.traceevents" ScriptAssemblies
WorkingDir: C:/Users/cgardner4864/Documents/GitHub/Holy-Guac/Holy guac map
ExitCode: 0 Duration: 2s623ms
Finished compiling graph: 171 nodes, 654 flattened edges (642 ToBuild, 4 ToUse), maximum node priority 24
[  1/168    0s] WriteText Library/Bee/artifacts/1900b0aE.dag/Unity.Multiplayer.Center.Common.UnityAdditionalFile.txt
[  2/168    0s] WriteText Library/Bee/artifacts/1900b0aE.dag/Unity.Multiplayer.Center.Common.rsp2
[  3/168    0s] MovedFromExtractor Library/Bee/artifacts/mvdfrm/UnityEngine.TerrainPhysicsModule.dll_C6BA7118FB69A15E.mvfrm
[  4/168    0s] MovedFromExtractor Library/Bee/artifacts/mvdfrm/UnityEngine.VehiclesModule.dll_B8A125F6FD3A5343.mvfrm
[  5/168    0s] MovedFromExtractor Library/Bee/artifacts/mvdfrm/UnityEditor.AssetComplianceModule.dll_E6BFF54E188DB44E.mvfrm
[  6/168    0s] MovedFromExtractor Library/Bee/artifacts/mvdfrm/UnityEngine.UnityConnectModule.dll_F22B129E31906F01.mvfrm
[  7/168    0s] MovedFromExtractor Library/Bee/artifacts/mvdfrm/UnityEngine.VirtualTexturingModule.dll_FC0F60CE6D32C5A9.mvfrm
[  8/168    0s] MovedFromExtractor Library/Bee/artifacts/mvdfrm/UnityEngine.UnityWebRequestWWWModule.dll_E68E8795B4116173.mvfrm
[  9/168    0s] MovedFromExtractor Library/Bee/artifacts/mvdfrm/UnityEngine.WindModule.dll_098D7C84D7A7D934.mvfrm
[ 10/168    0s] MovedFromExtractor Library/Bee/artifacts/mvdfrm/UnityEngine.VideoModule.dll_DCF4B9642B348463.mvfrm
[ 11/168    0s] MovedFromExtractor Library/Bee/artifacts/mvdfrm/UnityEditor.WindowsStandalone.Extensions.dll_51E76FAEAFB11C00.mvfrm
[ 12/168    0s] MovedFromExtractor Library/Bee/artifacts/mvdfrm/UnityEngine.UnityAnalyticsCommonModule.dll_52088BBDF19918E8.mvfrm
[ 13/168    0s] MovedFromExtractor Library/Bee/artifacts/mvdfrm/UnityEngine.XRModule.dll_E90D0AB30827E276.mvfrm
[ 14/168    0s] MovedFromExtractor Library/Bee/artifacts/mvdfrm/UnityEngine.VectorGraphicsModule.dll_5D86FE7A742D1D1A.mvfrm
[ 15/168    0s] MovedFromExtractor Library/Bee/artifacts/mvdfrm/UnityEngine.UnityWebRequestAudioModule.dll_2EC622585E1B4522.mvfrm
[ 16/168    0s] MovedFromExtractor Library/Bee/artifacts/mvdfrm/UnityEngine.dll_A9B10FE8A27D34DA.mvfrm
[ 17/168    0s] MovedFromExtractor Library/Bee/artifacts/mvdfrm/UnityEngine.UnityCurlModule.dll_CF480FAED0628CB9.mvfrm
[ 18/168    0s] MovedFromExtractor Library/Bee/artifacts/mvdfrm/UnityEditor.ContentLoadModule.dll_E5796CD811A9DAE2.mvfrm
[ 19/168    0s] MovedFromExtractor Library/Bee/artifacts/mvdfrm/UnityEngine.VFXModule.dll_ABC6154FD31E85D0.mvfrm
[ 20/168    0s] MovedFromExtractor Library/Bee/artifacts/mvdfrm/UnityEngine.UIElementsModule.dll_C25F855820207427.mvfrm
[ 21/168    0s] MovedFromExtractor Library/Bee/artifacts/mvdfrm/UnityEngine.UnityWebRequestModule.dll_3122AD2B9AA63018.mvfrm
[ 22/168    0s] MovedFromExtractor Library/Bee/artifacts/mvdfrm/Unity.Scripting.dll_6312751106B582E1.mvfrm
[ 23/168    0s] MovedFromExtractor Library/Bee/artifacts/mvdfrm/UnityEngine.UnityAnalyticsModule.dll_E5DF390F8E4DF8CD.mvfrm
[ 24/168    0s] MovedFromExtractor Library/Bee/artifacts/mvdfrm/UnityEngine.TextCoreTextEngineModule.dll_1BCC4239C451A507.mvfrm
[ 25/168    0s] MovedFromExtractor Library/Bee/artifacts/mvdfrm/UnityEditor.AIModule.dll_2999F16C156ED629.mvfrm
[ 26/168    0s] MovedFromExtractor Library/Bee/artifacts/mvdfrm/UnityEngine.SpriteMaskModule.dll_5373BD8E4EAC501D.mvfrm
[ 27/168    0s] MovedFromExtractor Library/Bee/artifacts/mvdfrm/UnityEngine.TextCoreFontEngineModule.dll_D3E40BC834CDEBE9.mvfrm
[ 28/168    0s] MovedFromExtractor Library/Bee/artifacts/mvdfrm/UnityEngine.ScreenCaptureModule.dll_C7400A25B8102292.mvfrm
[ 29/168    0s] MovedFromExtractor Library/Bee/artifacts/mvdfrm/UnityEngine.TextRenderingModule.dll_F07F7C306F47A287.mvfrm
[ 30/168    0s] MovedFromExtractor Library/Bee/artifacts/mvdfrm/UnityEditor.ClothModule.dll_58A6D590114216FD.mvfrm
[ 31/168    0s] MovedFromExtractor Library/Bee/artifacts/mvdfrm/UnityEditor.AdaptivePerformanceModule.dll_64BD74A290D09BAD.mvfrm
[ 32/168    0s] MovedFromExtractor Library/Bee/artifacts/mvdfrm/UnityEditor.BuildProfileModule.dll_099181191224893C.mvfrm
[ 33/168    0s] MovedFromExtractor Library/Bee/artifacts/mvdfrm/UnityEngine.U2DRuntimeModule.dll_8EFD74B6ED4FAE3D.mvfrm
[ 34/168    0s] MovedFromExtractor Library/Bee/artifacts/mvdfrm/UnityEngine.UnityWebRequestAssetBundleModule.dll_FA63CAE127646D5E.mvfrm
[ 35/168    0s] MovedFromExtractor Library/Bee/artifacts/mvdfrm/UnityEngine.UnityWebRequestTextureModule.dll_8C0BBD74BAAAB337.mvfrm
[ 36/168    0s] MovedFromExtractor Library/Bee/artifacts/mvdfrm/UnityEditor.AccessibilityModule.dll_C0FFE13D2B701281.mvfrm
[ 37/168    0s] MovedFromExtractor Library/Bee/artifacts/mvdfrm/UnityEngine.UIModule.dll_637C2128DD330FA0.mvfrm
[ 38/168    0s] MovedFromExtractor Library/Bee/artifacts/mvdfrm/UnityEngine.RuntimeInitializeOnLoadManagerInitializerModule.dll_32FB239C5BF3452A.mvfrm
[ 39/168    0s] MovedFromExtractor Library/Bee/artifacts/mvdfrm/UnityEngine.SharedInternalsModule.dll_A394E45706DF90E9.mvfrm
[ 40/168    0s] MovedFromExtractor Library/Bee/artifacts/mvdfrm/UnityEngine.SubsystemsModule.dll_BE2123F01CF43830.mvfrm
[ 41/168    0s] MovedFromExtractor Library/Bee/artifacts/mvdfrm/UnityEngine.StreamingModule.dll_50C05BCDAFD6520A.mvfrm
[ 42/168    0s] MovedFromExtractor Library/Bee/artifacts/mvdfrm/UnityEngine.SpriteShapeModule.dll_6B8A10810B037B84.mvfrm
[ 43/168    0s] MovedFromExtractor Library/Bee/artifacts/mvdfrm/UnityEngine.ScriptingModule.dll_B34CC743DFD6497F.mvfrm
[ 44/168    0s] MovedFromExtractor Library/Bee/artifacts/mvdfrm/UnityEngine.SubstanceModule.dll_2D6B7016FB295018.mvfrm
[ 45/168    0s] MovedFromExtractor Library/Bee/artifacts/mvdfrm/UnityEngine.RenderAs2DModule.dll_D8BA4CC27F826916.mvfrm
[ 46/168    0s] MovedFromExtractor Library/Bee/artifacts/mvdfrm/UnityEngine.UmbraModule.dll_32BFE111F5C91431.mvfrm
[ 47/168    0s] MovedFromExtractor Library/Bee/artifacts/mvdfrm/UnityEngine.PropertiesModule.dll_97828A3CA0281EDF.mvfrm
[ 48/168    0s] MovedFromExtractor Library/Bee/artifacts/mvdfrm/UnityEngine.TilemapModule.dll_7ADCC446522AE146.mvfrm
[ 49/168    0s] MovedFromExtractor Library/Bee/artifacts/mvdfrm/UnityEngine.PhysicsCore2DModule.dll_3B04AB10030D8A90.mvfrm
[ 50/168    0s] MovedFromExtractor Library/Bee/artifacts/mvdfrm/UnityEngine.TLSModule.dll_2AE77CE0FCB11C63.mvfrm
[ 51/168    0s] MovedFromExtractor Library/Bee/artifacts/mvdfrm/UnityEngine.PhysicsBackendPhysXModule.dll_FF60F0E5AED23171.mvfrm
[ 52/168    0s] MovedFromExtractor Library/Bee/artifacts/mvdfrm/UnityEditor.Graphs.dll_E035D55896AED9D2.mvfrm
[ 53/168    0s] MovedFromExtractor Library/Bee/artifacts/mvdfrm/UnityEngine.ParticleSystemModule.dll_C63FC845E226A6D1.mvfrm
[ 54/168    0s] MovedFromExtractor Library/Bee/artifacts/mvdfrm/UnityEngine.TerrainModule.dll_DBE05CC53A6E003D.mvfrm
[ 55/168    0s] MovedFromExtractor Library/Bee/artifacts/mvdfrm/UnityEngine.PerformanceReportingModule.dll_B6C9CE79D7B07A8A.mvfrm
[ 56/168    0s] MovedFromExtractor Library/Bee/artifacts/mvdfrm/UnityEngine.MathematicsModule.dll_773D90FFC9D93AAE.mvfrm
[ 57/168    0s] MovedFromExtractor Library/Bee/artifacts/mvdfrm/UnityEngine.MultiplayerModule.dll_D1D0FFB30E28D0F2.mvfrm
[ 58/168    0s] MovedFromExtractor Library/Bee/artifacts/mvdfrm/UnityEngine.InputModule.dll_1E60FCA9DEDA8D62.mvfrm
[ 59/168    0s] MovedFromExtractor Library/Bee/artifacts/mvdfrm/UnityEngine.InsightsModule.dll_DAA4F5080D8DD327.mvfrm
[ 60/168    0s] MovedFromExtractor Library/Bee/artifacts/mvdfrm/UnityEngine.InputForUIModule.dll_6CF9A5178D5D575F.mvfrm
[ 61/168    0s] MovedFromExtractor Library/Bee/artifacts/mvdfrm/UnityEngine.JSONSerializeModule.dll_AD585CA0A3A3F630.mvfrm
[ 62/168    0s] MovedFromExtractor Library/Bee/artifacts/mvdfrm/UnityEngine.InputLegacyModule.dll_E36DFE44ED52F96B.mvfrm
[ 63/168    0s] MovedFromExtractor Library/Bee/artifacts/mvdfrm/UnityEngine.HotReloadModule.dll_1D742C833B81B64E.mvfrm
[ 64/168    0s] MovedFromExtractor Library/Bee/artifacts/mvdfrm/UnityEngine.ImageConversionModule.dll_1F83A5818FB19599.mvfrm
[ 65/168    0s] MovedFromExtractor Library/Bee/artifacts/mvdfrm/UnityEngine.IdentifiersModule.dll_2AB26B1C17DA1192.mvfrm
[ 66/168    0s] MovedFromExtractor Library/Bee/artifacts/mvdfrm/UnityEngine.HierarchyCoreModule.dll_C45B703F1315EE9C.mvfrm
[ 67/168    0s] MovedFromExtractor Library/Bee/artifacts/mvdfrm/UnityEngine.GameCenterModule.dll_6A474AFE2D3CBAA3.mvfrm
[ 68/168    0s] MovedFromExtractor Library/Bee/artifacts/mvdfrm/UnityEngine.IMGUIModule.dll_F04AD4602ED3FC9F.mvfrm
[ 69/168    0s] MovedFromExtractor Library/Bee/artifacts/mvdfrm/UnityEngine.UnityConsentModule.dll_C3D0A9CA3E9B0551.mvfrm
[ 70/168    0s] MovedFromExtractor Library/Bee/artifacts/mvdfrm/UnityEngine.GIModule.dll_0044CC091C9AF20E.mvfrm
[ 71/168    0s] MovedFromExtractor Library/Bee/artifacts/mvdfrm/UnityEngine.PhysicsModule.dll_C199E15664AFB74F.mvfrm
[ 72/168    0s] MovedFromExtractor Library/Bee/artifacts/mvdfrm/UnityEngine.DirectorModule.dll_40DE2C77831083A8.mvfrm
[ 73/168    0s] MovedFromExtractor Library/Bee/artifacts/mvdfrm/UnityEngine.Physics2DModule.dll_E8D15E6E014B9261.mvfrm
[ 74/168    0s] MovedFromExtractor Library/Bee/artifacts/mvdfrm/UnityEngine.DSPGraphModule.dll_462F8DE0F57154C9.mvfrm
[ 75/168    0s] MovedFromExtractor Library/Bee/artifacts/mvdfrm/UnityEngine.ShaderVariantAnalyticsModule.dll_4CC5DB256676EEB2.mvfrm
[ 76/168    0s] MovedFromExtractor Library/Bee/artifacts/mvdfrm/UnityEngine.CrashReportingModule.dll_732D7EF974151B43.mvfrm
[ 77/168    0s] MovedFromExtractor Library/Bee/artifacts/mvdfrm/UnityEngine.ClothModule.dll_1ED391F442BF47A2.mvfrm
[ 78/168    0s] MovedFromExtractor Library/Bee/artifacts/mvdfrm/UnityEngine.ContentLoadModule.dll_EB3F3C6723E3EB67.mvfrm
[ 79/168    0s] MovedFromExtractor Library/Bee/artifacts/mvdfrm/UnityEngine.AudioModule.dll_B7EB34F968A268BE.mvfrm
[ 80/168    0s] MovedFromExtractor Library/Bee/artifacts/mvdfrm/UnityEngine.ClusterInputModule.dll_846803A4E890411C.mvfrm
[ 81/168    0s] MovedFromExtractor Library/Bee/artifacts/mvdfrm/UnityEngine.AndroidJNIModule.dll_3FFA00E366FBC9B2.mvfrm
[ 82/168    0s] MovedFromExtractor Library/Bee/artifacts/mvdfrm/UnityEngine.AssetBundleModule.dll_5228E3265561437A.mvfrm
[ 83/168    0s] MovedFromExtractor Library/Bee/artifacts/mvdfrm/UnityEngine.AnimationModule.dll_9C2B6E7D604E9ACC.mvfrm
[ 84/168    0s] MovedFromExtractor Library/Bee/artifacts/mvdfrm/UnityEngine.LocalizationModule.dll_C2B4CDF7800C3415.mvfrm
[ 85/168    0s] MovedFromExtractor Library/Bee/artifacts/mvdfrm/UnityEngine.AdaptivePerformanceModule.dll_254D0958CC15EEB2.mvfrm
[ 86/168    0s] MovedFromExtractor Library/Bee/artifacts/mvdfrm/UnityEditor.dll_770CC9104409A7F5.mvfrm
[ 87/168    0s] MovedFromExtractor Library/Bee/artifacts/mvdfrm/UnityEngine.ARModule.dll_217B47FEDE0968BD.mvfrm
[ 88/168    0s] MovedFromExtractor Library/Bee/artifacts/mvdfrm/UnityEngine.AccessibilityModule.dll_4D40D364A46895A6.mvfrm
[ 89/168    0s] MovedFromExtractor Library/Bee/artifacts/mvdfrm/UnityEngine.AIModule.dll_680882FB80EC09F4.mvfrm
[ 90/168    0s] MovedFromExtractor Library/Bee/artifacts/mvdfrm/UnityEngine.GraphicsStateCollectionSerializerModule.dll_283E2BF72FD2B74E.mvfrm
[ 91/168    0s] MovedFromExtractor Library/Bee/artifacts/mvdfrm/UnityEngine.GridModule.dll_70AFBD4A5EC5F0C2.mvfrm
[ 92/168    0s] MovedFromExtractor Library/Bee/artifacts/mvdfrm/UnityEditor.XRModule.dll_AA9E79239CAAAEAB.mvfrm
[ 93/168    0s] MovedFromExtractor Library/Bee/artifacts/mvdfrm/UnityEditor.VectorGraphicsModule.dll_A2629CDF5840890F.mvfrm
[ 94/168    0s] MovedFromExtractor Library/Bee/artifacts/mvdfrm/UnityEditor.VideoModule.dll_16C7FCFFF9B753BE.mvfrm
[ 95/168    0s] MovedFromExtractor Library/Bee/artifacts/mvdfrm/UnityEditor.VFXModule.dll_9FA472FC636E77CB.mvfrm
[ 96/168    0s] MovedFromExtractor Library/Bee/artifacts/mvdfrm/UnityEditor.UIToolkitAuthoringModule.dll_88DB25024056B0DE.mvfrm
[ 97/168    0s] MovedFromExtractor Library/Bee/artifacts/mvdfrm/UnityEngine.MarshallingModule.dll_FA9181BB398970CC.mvfrm
[ 98/168    0s] MovedFromExtractor Library/Bee/artifacts/mvdfrm/UnityEditor.UIElementsSamplesModule.dll_80065DACEAC0A851.mvfrm
[ 99/168    0s] MovedFromExtractor Library/Bee/artifacts/mvdfrm/UnityEditor.UIBuilderModule.dll_222E9F70F8AA3F5A.mvfrm
[100/168    0s] MovedFromExtractor Library/Bee/artifacts/mvdfrm/UnityEngine.ClusterRendererModule.dll_B391A7D10D8CDDA5.mvfrm
[101/168    0s] MovedFromExtractor Library/Bee/artifacts/mvdfrm/UnityEditor.UIAutomationModule.dll_BA327009AE9851FC.mvfrm
[102/168    0s] MovedFromExtractor Library/Bee/artifacts/mvdfrm/UnityEditor.U2DModule.dll_CB7D1DDF990AD82A.mvfrm
[103/168    0s] MovedFromExtractor Library/Bee/artifacts/mvdfrm/UnityEngine.CoreModule.dll_933EA15C46715ACB.mvfrm
[104/168    0s] MovedFromExtractor Library/Bee/artifacts/mvdfrm/UnityEditor.TilemapModule.dll_88620B9BED1BFA01.mvfrm
[105/168    0s] MovedFromExtractor Library/Bee/artifacts/mvdfrm/UnityEditor.TextCoreTextEngineModule.dll_9D6CC6E6B153E63C.mvfrm
[106/168    0s] MovedFromExtractor Library/Bee/artifacts/mvdfrm/UnityEditor.SubstanceModule.dll_77857F2E15A99E33.mvfrm
[107/168    0s] MovedFromExtractor Library/Bee/artifacts/mvdfrm/UnityEditor.SpriteShapeModule.dll_65C440F1F8C96AFF.mvfrm
[108/168    0s] MovedFromExtractor Library/Bee/artifacts/mvdfrm/UnityEditor.SpriteMaskModule.dll_52C550464C6836D2.mvfrm
[109/168    0s] MovedFromExtractor Library/Bee/artifacts/mvdfrm/UnityEditor.SketchUpModule.dll_2DDC4F474A774838.mvfrm
[110/168    0s] MovedFromExtractor Library/Bee/artifacts/mvdfrm/UnityEditor.ShaderBuildSettingsModule.dll_6CE3BB4B63CFCCEF.mvfrm
[111/168    0s] MovedFromExtractor Library/Bee/artifacts/mvdfrm/UnityEditor.ShaderFoundryModule.dll_597B3810C6A1EA97.mvfrm
[112/168    0s] MovedFromExtractor Library/Bee/artifacts/mvdfrm/UnityEditor.TerrainModule.dll_E965A41AD55F18F8.mvfrm
[113/168    0s] MovedFromExtractor Library/Bee/artifacts/mvdfrm/UnityEditor.SceneViewModule.dll_0C55D55C7B149334.mvfrm
[114/168    0s] MovedFromExtractor Library/Bee/artifacts/mvdfrm/UnityEditor.UmbraModule.dll_6C9324ADC44BE38C.mvfrm
[115/168    0s] MovedFromExtractor Library/Bee/artifacts/mvdfrm/UnityEditor.SceneTemplateModule.dll_1A9B67CDA3F26E09.mvfrm
[116/168    0s] MovedFromExtractor Library/Bee/artifacts/mvdfrm/UnityEditor.UnityConnectModule.dll_04CB8E8F37086E56.mvfrm
[117/168    0s] MovedFromExtractor Library/Bee/artifacts/mvdfrm/UnityEditor.QuickSearchModule.dll_0E3FB034F2FA8E88.mvfrm
[118/168    0s] MovedFromExtractor Library/Bee/artifacts/mvdfrm/UnityEditor.QuickInstallModule.dll_E870CF5853AAF76F.mvfrm
[119/168    0s] MovedFromExtractor Library/Bee/artifacts/mvdfrm/UnityEditor.PropertiesModule.dll_96D41CF49DE40594.mvfrm
[120/168    0s] WriteText Library/Bee/artifacts/1900b0aE.dag/Unity.Multiplayer.Center.Common.dll.mvfrm.rsp
[121/168    0s] WriteText Library/Bee/artifacts/1900b0aE.dag/Unity.Multiplayer.Center.Common.rsp
[122/168    0s] MovedFromExtractor Library/Bee/artifacts/mvdfrm/UnityEditor.ProjectAuditorModule.dll_55D011101AD2D826.mvfrm
[123/168    0s] MovedFromExtractor Library/Bee/artifacts/mvdfrm/UnityEditor.PresetsUIModule.dll_890C2B36884A1E2B.mvfrm
[124/168    0s] WriteText Library/Bee/artifacts/1900b0aE.dag/Unity.Multiplayer.Center.Editor.rsp2
[125/168    0s] WriteText Library/Bee/artifacts/1900b0aE.dag/Unity.Multiplayer.Center.Editor.UnityAdditionalFile.txt
[126/168    0s] WriteText Library/Bee/artifacts/1900b0aE.dag/Unity.Multiplayer.Center.Editor.dll.mvfrm.rsp
[127/168    0s] WriteText Library/Bee/artifacts/1900b0aE.dag/Unity.Multiplayer.Center.Editor.rsp
[128/168    0s] MovedFromExtractor Library/Bee/artifacts/mvdfrm/UnityEditor.UIElementsModule.dll_C1B118101DDC5ADC.mvfrm
[129/168    0s] MovedFromExtractor Library/Bee/artifacts/mvdfrm/UnityEditor.PlayModeModule.dll_8BBB5BB09E0EBB88.mvfrm
[130/168    0s] MovedFromExtractor Library/Bee/artifacts/mvdfrm/UnityEditor.PhysicsModule.dll_CF1F28ABFFA0D00A.mvfrm
[131/168    0s] MovedFromExtractor Library/Bee/artifacts/mvdfrm/UnityEditor.PhysicsCore2DModule.dll_AEC3B8E88A15076B.mvfrm
[132/168    0s] MovedFromExtractor Library/Bee/artifacts/mvdfrm/UnityEditor.Physics2DModule.dll_32EB6D851BCBE07C.mvfrm
[133/168    0s] MovedFromExtractor Library/Bee/artifacts/mvdfrm/UnityEditor.TextRenderingModule.dll_643E8A08F64F1F62.mvfrm
[134/168    0s] MovedFromExtractor Library/Bee/artifacts/mvdfrm/UnityEditor.TextCoreFontEngineModule.dll_5584907521D02D1E.mvfrm
[135/168    0s] MovedFromExtractor Library/Bee/artifacts/mvdfrm/UnityEditor.MediaModule.dll_BD7E9226B571C0A7.mvfrm
[136/168    0s] MovedFromExtractor Library/Bee/artifacts/mvdfrm/UnityEditor.MathematicsModule.dll_7177C170B79F2A29.mvfrm
[137/168    0s] MovedFromExtractor Library/Bee/artifacts/mvdfrm/UnityEditor.MultiplayerModule.dll_CC0B3023FBEEC06D.mvfrm
[138/168    0s] MovedFromExtractor Library/Bee/artifacts/mvdfrm/UnityEditor.LightingModule.dll_3FCEE1735231754D.mvfrm
[139/168    0s] MovedFromExtractor Library/Bee/artifacts/mvdfrm/UnityEditor.HierarchyModule.dll_BB19F93043D104E8.mvfrm
[140/168    0s] MovedFromExtractor Library/Bee/artifacts/mvdfrm/UnityEditor.GridAndSnapModule.dll_8CE915A91D884F1E.mvfrm
[141/168    0s] MovedFromExtractor Library/Bee/artifacts/mvdfrm/UnityEditor.ShaderCompilationModule.dll_8BD4C024CDC49D21.mvfrm
[142/168    0s] MovedFromExtractor Library/Bee/artifacts/mvdfrm/UnityEditor.GridModule.dll_4D8EE9F7B6C08597.mvfrm
[143/168    0s] MovedFromExtractor Library/Bee/artifacts/mvdfrm/UnityEditor.SafeModeModule.dll_45C769F6FF45AC21.mvfrm
[144/168    0s] MovedFromExtractor Library/Bee/artifacts/mvdfrm/UnityEditor.GenericRemoteModule.dll_570137188D143B80.mvfrm
[145/168    0s] MovedFromExtractor Library/Bee/artifacts/mvdfrm/UnityEditor.GraphViewModule.dll_CDA5F25485F1C626.mvfrm
[146/168    0s] MovedFromExtractor Library/Bee/artifacts/mvdfrm/UnityEditor.EmbreeModule.dll_325107F39E868BE9.mvfrm
[147/168    0s] MovedFromExtractor Library/Bee/artifacts/mvdfrm/UnityEditor.GIModule.dll_C1D63A79B11DBE43.mvfrm
[148/168    0s] MovedFromExtractor Library/Bee/artifacts/mvdfrm/UnityEditor.DeviceSimulatorModule.dll_ADE4E55F9DD1D021.mvfrm
[149/168    0s] MovedFromExtractor Library/Bee/artifacts/mvdfrm/UnityEditor.DiagnosticsModule.dll_83302F279A23922F.mvfrm
[150/168    0s] MovedFromExtractor Library/Bee/artifacts/mvdfrm/UnityEngine.HierarchyModule.dll_70FFEA192950B6CD.mvfrm
[151/168    0s] MovedFromExtractor Library/Bee/artifacts/mvdfrm/UnityEditor.CoreBusinessMetricsModule.dll_E4A86E1CB717CAA7.mvfrm
[152/168    0s] MovedFromExtractor Library/Bee/artifacts/mvdfrm/UnityEngine.AMDModule.dll_2C57B97BD580A110.mvfrm
[153/168    0s] MovedFromExtractor Library/Bee/artifacts/mvdfrm/UnityEditor.CoreModule.dll_701DCE099E6BEFA0.mvfrm
[154/168    0s] MovedFromExtractor Library/Bee/artifacts/mvdfrm/UnityEditor.TreeModule.dll_CDC9C318263184DF.mvfrm
[155/168    0s] MovedFromExtractor Library/Bee/artifacts/mvdfrm/UnityEditor.GraphicsStateCollectionSerializerModule.dll_1F4A5F0762D36DE9.mvfrm
[156/168    0s] MovedFromExtractor Library/Bee/artifacts/mvdfrm/UnityEngine.NVIDIAModule.dll_8A621FDAFC23A697.mvfrm
[157/168    0s] MovedFromExtractor Library/Bee/artifacts/mvdfrm/UnityEditor.GraphToolkitModule.dll_256E65C402D3B7C1.mvfrm
[158/168    0s] MovedFromExtractor Library/Bee/artifacts/mvdfrm/UnityEditor.EditorToolbarModule.dll_F6FBF70FA505C3D1.mvfrm
[159/168    0s] MovedFromExtractor-Combine Library/Bee/artifacts/1900b0aE.dag/Unity.Multiplayer.Center.Common.dll.mvfrm
[           0s] Csc Library/Bee/artifacts/1900b0aE.dag/Unity.Multiplayer.Center.Common.dll (+2 others) [CacheMiss c60125675a496bf5f8437a8ac603083b00000000000000000000000000000006]
[160/168    0s] Csc Library/Bee/artifacts/1900b0aE.dag/Unity.Multiplayer.Center.Common.dll (+2 others)
[           0s] Csc Library/Bee/artifacts/1900b0aE.dag/Unity.Multiplayer.Center.Common.dll (+2 others) [CacheWrite c60125675a496bf5f8437a8ac603083b00000000000000000000000000000006]
[161/168    0s] CopyFiles Library/ScriptAssemblies/Unity.Multiplayer.Center.Common.dll
[162/168    0s] CopyFiles Library/ScriptAssemblies/Unity.Multiplayer.Center.Common.pdb
[163/168    0s] MovedFromExtractor Library/Bee/artifacts/mvdfrm/Unity.Multiplayer.Center.Common.ref.dll_EE36537354EA42C8.mvfrm
[164/168    0s] MovedFromExtractor-Combine Library/Bee/artifacts/1900b0aE.dag/Unity.Multiplayer.Center.Editor.dll.mvfrm
[           0s] Csc Library/Bee/artifacts/1900b0aE.dag/Unity.Multiplayer.Center.Editor.dll (+2 others) [CacheMiss dfd5ec5c6049114d306dfa35ee254c4300000000000000000000000000000006]
[165/168    0s] Csc Library/Bee/artifacts/1900b0aE.dag/Unity.Multiplayer.Center.Editor.dll (+2 others)
[           0s] Csc Library/Bee/artifacts/1900b0aE.dag/Unity.Multiplayer.Center.Editor.dll (+2 others) [CacheWrite dfd5ec5c6049114d306dfa35ee254c4300000000000000000000000000000006]
[166/168    0s] CopyFiles Library/ScriptAssemblies/Unity.Multiplayer.Center.Editor.pdb
[167/168    0s] CopyFiles Library/ScriptAssemblies/Unity.Multiplayer.Center.Editor.dll
*** Tundra build success (2.60 seconds), 167 items updated, 168 evaluated
AssetDatabase: script compilation time: 3.571739s
Begin MonoManager ReloadAssembly
Total cache size 137413192
Total cache size after purge 137413192, took 00:00:00.0803149
Importing 'GUID: 00000000000000001000000000000000 - Path: Assets' with importer (DefaultImporter)
Imported 'GUID: 00000000000000001000000000000000' -> (Import Result ID: 'd4b99c274a2bfd195a0fab07a219813d') in 0.015 seconds [static dependencies only]. Details - ImportResultOutputID=931399766a3d35f20ee4474945b75a67 DependenciesID=b70de132a7282aafa7414a97dcffc9e1 StaticDependenciesID=f5f353ad10b41c84dbd766055d9989c6 
Importing 'GUID: 00000000000000002000000000000000 - Path: ProjectSettings/InputManager.asset' with importer (LibraryAssetImporter)
Imported 'GUID: 00000000000000002000000000000000' -> (Import Result ID: '122dd9edfa1375de805a66904857642d') in 0.003 seconds [static dependencies only]. Details - ImportResultOutputID=0290babc70dea6fa2c98f564a251f1f8 DependenciesID=e13aed5572a9dfc6d157cca70707a022 StaticDependenciesID=233ebbccf2adc0a5c1ca8885eb2bc052 
Importing 'GUID: 00000000000000003000000000000000 - Path: ProjectSettings/TagManager.asset' with importer (LibraryAssetImporter)
Imported 'GUID: 00000000000000003000000000000000' -> (Import Result ID: 'e7f16330ab18354fa5c6c22588bd6b9e') in 0.000 seconds [static dependencies only]. Details - ImportResultOutputID=fd6696bcbef029973bb12ace65e33982 DependenciesID=f35365170e5d58c444badbe1c8e8a4fc StaticDependenciesID=bcd866a7c3956a26e77b74cfbc6210b0 
Importing 'GUID: 00000000000000004000000000000000 - Path: ProjectSettings/ProjectSettings.asset' with importer (LibraryAssetImporter)
Imported 'GUID: 00000000000000004000000000000000' -> (Import Result ID: 'b1a0485a702fe192974b42a1a61f26af') in 0.000 seconds [static dependencies only]. Details - ImportResultOutputID=276a810dac73e1f29404d5e5f692e214 DependenciesID=68899c30f4290f51e32db79021cd2bda StaticDependenciesID=972face23f83725d1fafaf62caf6fc5c 
Importing 'GUID: 00000000000000006000000000000000 - Path: ProjectSettings/AudioManager.asset' with importer (LibraryAssetImporter)
Imported 'GUID: 00000000000000006000000000000000' -> (Import Result ID: '222655a7ee09c701162a4a03301f329d') in 0.000 seconds [static dependencies only]. Details - ImportResultOutputID=acca44841ee8003c72d524064efb6e35 DependenciesID=1c867fc2eb1e33cbab379e9914026e24 StaticDependenciesID=c60a58a77039892abca1222b4524d2f6 
Importing 'GUID: 00000000000000007000000000000000 - Path: ProjectSettings/TimeManager.asset' with importer (LibraryAssetImporter)
Imported 'GUID: 00000000000000007000000000000000' -> (Import Result ID: 'b7cea43959c5a70f6cafb9d7bbf07204') in 0.000 seconds [static dependencies only]. Details - ImportResultOutputID=bcbe57e6eed4f14d697ceae3e9a4ee48 DependenciesID=b41fcbca90521a4ef76dc45abd5ee30f StaticDependenciesID=de80ff743d967013c06205e8643638c7 
Importing 'GUID: 00000000000000008000000000000000 - Path: ProjectSettings/DynamicsManager.asset' with importer (LibraryAssetImporter)
Imported 'GUID: 00000000000000008000000000000000' -> (Import Result ID: '01117e187546a80035e1d4d46e76d0d3') in 0.000 seconds [static dependencies only]. Details - ImportResultOutputID=af765d07e318cf68f695edacf91778bd DependenciesID=a72988d2a4e3c003a30c86e53a954198 StaticDependenciesID=7292a8773e09fece8a4831b39fe2006c 
Importing 'GUID: 00000000000000009000000000000000 - Path: ProjectSettings/QualitySettings.asset' with importer (LibraryAssetImporter)
Imported 'GUID: 00000000000000009000000000000000' -> (Import Result ID: '88b1caad7788adf2b3f6920226537fe1') in 0.000 seconds [static dependencies only]. Details - ImportResultOutputID=7b12711da11c94ad897442b4820d3f7b DependenciesID=253c850b96121a2945831e0885510615 StaticDependenciesID=3c048ebdf1fe67a565e3878bb03d32b6 
Importing 'GUID: 0000000000000000b000000000000000 - Path: ProjectSettings/EditorBuildSettings.asset' with importer (LibraryAssetImporter)
Imported 'GUID: 0000000000000000b000000000000000' -> (Import Result ID: '2e292a13dea8a88f7a8fdfa7e245ba03') in 0.000 seconds [static dependencies only]. Details - ImportResultOutputID=4647dd083cfc32cebcd7526e8846440c DependenciesID=3dbde5f0d39015c9d271c66bfeeb76cc StaticDependenciesID=bb1b3efeaa1814676e759f4b719a3637 
Importing 'GUID: 0000000000000000c000000000000000 - Path: ProjectSettings/EditorSettings.asset' with importer (LibraryAssetImporter)
Imported 'GUID: 0000000000000000c000000000000000' -> (Import Result ID: '27524ee8e486f2ffa050ba352ec7e2de') in 0.000 seconds [static dependencies only]. Details - ImportResultOutputID=fc08cc28cef36a03227c22ef67b54535 DependenciesID=a67e6951b1ff849fa93892b67cc04f3f StaticDependenciesID=6659f09da2fad0badc637a74ebfda2e2 
Importing 'GUID: 00000000000000004100000000000000 - Path: ProjectSettings/NavMeshAreas.asset' with importer (LibraryAssetImporter)
Imported 'GUID: 00000000000000004100000000000000' -> (Import Result ID: '46b5ec913a38468a6faec06896eae508') in 0.000 seconds [static dependencies only]. Details - ImportResultOutputID=90afd57cd2fd79df9534381ff5673272 DependenciesID=45d1aa60824ee9d69c2ca37e825a726b StaticDependenciesID=768cfffea40bf388eb2d762e3a890cea 
Importing 'GUID: 00000000000000005100000000000000 - Path: ProjectSettings/Physics2DSettings.asset' with importer (LibraryAssetImporter)
Imported 'GUID: 00000000000000005100000000000000' -> (Import Result ID: 'f668ca342e7e36520c736e6ebc6d382e') in 0.000 seconds [static dependencies only]. Details - ImportResultOutputID=51a8098361d5b0c1ab07bfc06e51f152 DependenciesID=cd9e79e3e3be26effd12085751c8f2bc StaticDependenciesID=4736f57993cccbae888eab25ec373e17 
Importing 'GUID: 00000000000000006100000000000000 - Path: ProjectSettings/GraphicsSettings.asset' with importer (LibraryAssetImporter)
Imported 'GUID: 00000000000000006100000000000000' -> (Import Result ID: '5bb79f5634c411213397437dc71f837f') in 0.000 seconds [static dependencies only]. Details - ImportResultOutputID=f9600466f06a676b7a4f639f6629ea48 DependenciesID=472884dae36dd4fa4029e0bfee54bb70 StaticDependenciesID=ce3f9b9b0558aee0455f15fbe1679d2d 
Importing 'GUID: 00000000000000007100000000000000 - Path: ProjectSettings/ClusterInputManager.asset' with importer (LibraryAssetImporter)
Imported 'GUID: 00000000000000007100000000000000' -> (Import Result ID: '6012ce5603f09e577aed0b98e99b19f6') in 0.000 seconds [static dependencies only]. Details - ImportResultOutputID=8ce0cedd10b8cd8471ed9838bfc872ed DependenciesID=2eeb3818bb72d92466f5f953bb62736b StaticDependenciesID=c84399ef936c24c7ddc46cfba0d9b6f9 
Importing 'GUID: 0000000000000000a100000000000000 - Path: ProjectSettings/UnityConnectSettings.asset' with importer (LibraryAssetImporter)
Imported 'GUID: 0000000000000000a100000000000000' -> (Import Result ID: '33ae2595f4bf6fdbcda99d991731ec59') in 0.000 seconds [static dependencies only]. Details - ImportResultOutputID=1989c27f310e62ee2c72d63f16a698d0 DependenciesID=95e5490b10cfbf0a98389d7a454554a7 StaticDependenciesID=e5799262eb4150d572a91320e9a15e14 
Importing 'GUID: 0000000000000000b100000000000000 - Path: ProjectSettings/PresetManager.asset' with importer (LibraryAssetImporter)
Imported 'GUID: 0000000000000000b100000000000000' -> (Import Result ID: '28ecaa07aa0626f067ead5bd138d0a69') in 0.000 seconds [static dependencies only]. Details - ImportResultOutputID=d271a469f14af9d29dbd89abc966f7ef DependenciesID=8e056439a10f7126afa94c46042b091c StaticDependenciesID=7b53acc339a522b0da4196921a41418e 
Importing 'GUID: 0000000000000000c100000000000000 - Path: ProjectSettings/VFXManager.asset' with importer (LibraryAssetImporter)
Imported 'GUID: 0000000000000000c100000000000000' -> (Import Result ID: '500a0c5a3eb90d0a1d5ec47a16bbfe30') in 0.000 seconds [static dependencies only]. Details - ImportResultOutputID=d5b1cc1b236d3087c4a5fc9e9cb18618 DependenciesID=ffec35c0b81aa3428ad4fd0a1cdbca40 StaticDependenciesID=73a7f55396d42bbd23b84f522c611c91 
Importing 'GUID: 0000000000000000d100000000000000 - Path: ProjectSettings/VersionControlSettings.asset' with importer (LibraryAssetImporter)
Imported 'GUID: 0000000000000000d100000000000000' -> (Import Result ID: '81e35fcbfa4800506724c99876c7088b') in 0.000 seconds [static dependencies only]. Details - ImportResultOutputID=0a19189542c4b1aa9afad4d76b36cbef DependenciesID=29b26ee47832bf1b39596302c61ef4b2 StaticDependenciesID=b5510de9c562b6e15681a7bd79c2c32e 
Importing 'GUID: 0000000000000000f100000000000000 - Path: ProjectSettings/MemorySettings.asset' with importer (LibraryAssetImporter)
Imported 'GUID: 0000000000000000f100000000000000' -> (Import Result ID: '0f1581ae83325c6e5d0e8c4cb170be96') in 0.000 seconds [static dependencies only]. Details - ImportResultOutputID=078c9215d0d3f7dcc6c2ea9c2e21e93e DependenciesID=bb7f7f7d6491522ddc09486deb395807 StaticDependenciesID=38dc31482a1c8109a46f25220dfbe454 
Importing 'GUID: 00000000000000000200000000000000 - Path: ProjectSettings/MultiplayerManager.asset' with importer (LibraryAssetImporter)
Imported 'GUID: 00000000000000000200000000000000' -> (Import Result ID: '6e3bb7f61b2e132c4c79fbeb19a1d328') in 0.000 seconds [static dependencies only]. Details - ImportResultOutputID=cc8bc420ff0fb13a9534be625b324364 DependenciesID=64d1db0c7eff66154c45d867da4ad13d StaticDependenciesID=5a00061f5d03ec70885cdd29485be38f 
Importing 'GUID: 00000000000000001200000000000000 - Path: ProjectSettings/PhysicsCoreProjectSettings2D.asset' with importer (LibraryAssetImporter)
Imported 'GUID: 00000000000000001200000000000000' -> (Import Result ID: '7db99f4ef78df8eea254cce16e190be4') in 0.000 seconds [static dependencies only]. Details - ImportResultOutputID=07b8874da21d0d67c4347d012422ba62 DependenciesID=c35a41b4dbc5a4a21cd219ec06d595b2 StaticDependenciesID=d7f6b6ebc14df93041ab7a97c0c9c64b 
Importing 'GUID: 00000000000000002300000000000000 - Path: Library/BuildInstructions' with importer (DefaultImporter)
Imported 'GUID: 00000000000000002300000000000000' -> (Import Result ID: 'd414f514f549833c39aae7152c59aeb3') in 0.002 seconds [static dependencies only]. Details - ImportResultOutputID=d2da4dbe7433590953d90148eb4e1f22 DependenciesID=f91b153018f3a82b66ea2319cf957f42 StaticDependenciesID=ef352f98b66d8f5b312774c3ee71f599 
Importing 'GUID: 807fae230db5b4e4d92547907decfb17 - Path: Assets/Free Pack' with importer (DefaultImporter)
Imported 'GUID: 807fae230db5b4e4d92547907decfb17' -> (Import Result ID: 'da0249d7cc89a2b5c62fa854d0ae6f39') in 0.002 seconds [static dependencies only]. Details - ImportResultOutputID=cf0ba22610100733d1c331904fc124b0 DependenciesID=7a1686e5eba9c2c56e7e9e69b29e79cd StaticDependenciesID=f3e81931af1118bad78af7c9fabc44a7 
Importing 'GUID: c060426bfd6e82575228df6656368eaa - Path: Packages/com.unity.modules.imgui' with importer (DefaultImporter)
Imported 'GUID: c060426bfd6e82575228df6656368eaa' -> (Import Result ID: 'cf02847ceec7d2872cfd3abefa14549b') in 0.002 seconds [static dependencies only]. Details - ImportResultOutputID=dcc23da4b16b268ee6e83200b7ebb805 DependenciesID=2086ddccde2e6fbd24cff6207f712388 StaticDependenciesID=dcfbfa33c460c8bce2fbeaa89284fa4b 
Importing 'GUID: 1158e311a3101950348dcecb1bebc42d - Path: Packages/com.unity.modules.animation' with importer (DefaultImporter)
Imported 'GUID: 1158e311a3101950348dcecb1bebc42d' -> (Import Result ID: 'e37b81a46bcef9cbe7d6da2c7722799c') in 0.002 seconds [static dependencies only]. Details - ImportResultOutputID=7f760e80e4376f4e2af6163c51483957 DependenciesID=33f806035b03395b7cd71586c052efa7 StaticDependenciesID=d58e4e925b4477ec3fc56266dda92cb7 
Importing 'GUID: 515638b803bef8599dbd6d5c8bdaa53e - Path: Packages/com.unity.modules.xr' with importer (DefaultImporter)
Imported 'GUID: 515638b803bef8599dbd6d5c8bdaa53e' -> (Import Result ID: 'f58d699fd78b48df6f7b684ee0fec26b') in 0.002 seconds [static dependencies only]. Details - ImportResultOutputID=4287b6c9de175897d57f5d0f89be5f52 DependenciesID=70fc0679b0d07239c2400ea969970978 StaticDependenciesID=14dc3a32c9be63acfb43cbd973f867b9 
Importing 'GUID: b219c86ce508e478367c0a46e1aa9fe4 - Path: Packages/com.unity.modules.assetbundle' with importer (DefaultImporter)
Imported 'GUID: b219c86ce508e478367c0a46e1aa9fe4' -> (Import Result ID: 'e407681b1bca06d4ee80ffd67027d990') in 0.002 seconds [static dependencies only]. Details - ImportResultOutputID=89494b4b6b631d330268aeb9dacd9e16 DependenciesID=49321cd40391b47dca923c46a0b51cd4 StaticDependenciesID=f0921b01574508825a731309420aac3e 
Importing 'GUID: 04c6898809c37620ac863cc2a5d7c4d0 - Path: Packages/com.unity.modules.vectorgraphics' with importer (DefaultImporter)
Imported 'GUID: 04c6898809c37620ac863cc2a5d7c4d0' -> (Import Result ID: '7bdc20d0b18267a5e9124ff29a87609f') in 0.002 seconds [static dependencies only]. Details - ImportResultOutputID=3855432a71b0a738524e2b907e4a06f1 DependenciesID=c7668d1b1f42ace2a16d41bf0365eaac StaticDependenciesID=db47898b496856ae70e47157d5480627 
Importing 'GUID: 5469ef0820152a4ae45d400fdc4626e4 - Path: Packages/com.unity.modules.screencapture' with importer (DefaultImporter)
Imported 'GUID: 5469ef0820152a4ae45d400fdc4626e4' -> (Import Result ID: '1e9d2faeef0c157dc048cd69028c8f55') in 0.002 seconds [static dependencies only]. Details - ImportResultOutputID=883c2ddc1cc8ab47552769d7d10ec20e DependenciesID=e8d1b1ac77d92bb2a277bde4b7864921 StaticDependenciesID=2d36e1f7d4053f2b93ff7495a5c1dde9 
Importing 'GUID: c4df1124e2787ee0c8d1a911de17ee73 - Path: Packages/com.unity.modules.cloth' with importer (DefaultImporter)
Imported 'GUID: c4df1124e2787ee0c8d1a911de17ee73' -> (Import Result ID: 'f703972abcd8febed3f7f9df75e5b803') in 0.002 seconds [static dependencies only]. Details - ImportResultOutputID=02c3e07e14f3716325ca51811cb4ad59 DependenciesID=2a5f4431052ca721706216f2f8a6ee32 StaticDependenciesID=b75deedee1f8f832d07395b027bce037 
Importing 'GUID: 850c54ee0b9e1aa740b1c67792eb1f26 - Path: Packages/com.unity.modules.imageconversion' with importer (DefaultImporter)
Imported 'GUID: 850c54ee0b9e1aa740b1c67792eb1f26' -> (Import Result ID: '2973994bee36aa97d9443168268f47e9') in 0.002 seconds [static dependencies only]. Details - ImportResultOutputID=5e29084e34474b819d3f42b6f87fa2f1 DependenciesID=d080164e34df1d295815550b352c546e StaticDependenciesID=ead3b0fca67d215d683803a221eebd27 
Importing 'GUID: 95f85adeda79e994f011eb2152cf4fc9 - Path: Packages/com.unity.modules.terrainphysics' with importer (DefaultImporter)
Imported 'GUID: 95f85adeda79e994f011eb2152cf4fc9' -> (Import Result ID: '6b3d168146bf8e99412fa9e0055a7282') in 0.002 seconds [static dependencies only]. Details - ImportResultOutputID=066c7237bacce3d1fed9fa88ce895dc2 DependenciesID=e017dd36d9f1bed8083509adb3604cab StaticDependenciesID=d0d45621b6c1d9f84f4da190cee09523 
Importing 'GUID: c522a644a29fcab2eaf63298c118a65b - Path: Packages/com.unity.modules.unitywebrequest' with importer (DefaultImporter)
Imported 'GUID: c522a644a29fcab2eaf63298c118a65b' -> (Import Result ID: '6f13bdefcd37409ac301686699b63ea3') in 0.002 seconds [static dependencies only]. Details - ImportResultOutputID=bd84e5c0828c0c958fda12361a6931c4 DependenciesID=b06d11930b7a96881eb3a24d68d1c685 StaticDependenciesID=7c352e29047f83b2302c120040a82237 
Importing 'GUID: d5f0b0adc6826e9dd3b72e292e8438be - Path: Packages/com.unity.modules.unitywebrequestassetbundle' with importer (DefaultImporter)
Imported 'GUID: d5f0b0adc6826e9dd3b72e292e8438be' -> (Import Result ID: 'ccae98511501a3691a4f28c9305395d0') in 0.002 seconds [static dependencies only]. Details - ImportResultOutputID=28545450f0f8fe7184e75065d2eaebce DependenciesID=40d41d9cefabd5f5eb8b5cfd4ef24fd9 StaticDependenciesID=d6e47b92f5e066bd6d04c17b2d205096 
Importing 'GUID: 56b94a5b6990c879bb0f057719d1064b - Path: Packages/com.unity.modules.subsystems' with importer (DefaultImporter)
Imported 'GUID: 56b94a5b6990c879bb0f057719d1064b' -> (Import Result ID: '529ebfa03ce4541f897f33e6f5074f1d') in 0.002 seconds [static dependencies only]. Details - ImportResultOutputID=0e619aa1d83b61217ae2e97dfc45d4e9 DependenciesID=925e5732c1c98f399754db5bb23eb76d StaticDependenciesID=6c3bc4fc02fdaa9feb3eece9fe8a9cec 
Importing 'GUID: d6c6a000a805f00649b36b542e8426c2 - Path: Packages/com.unity.modules.unityanalytics' with importer (DefaultImporter)
Imported 'GUID: d6c6a000a805f00649b36b542e8426c2' -> (Import Result ID: '1c0e803e42edb58e775fdf8c1ada7c9a') in 0.002 seconds [static dependencies only]. Details - ImportResultOutputID=bf660bcbf114683b66648691531e6d07 DependenciesID=89197de4bd5cc31d5c7bae3fe24cbcde StaticDependenciesID=3a4a7534c9788a0496ca97804124d881 
Importing 'GUID: d6db7caf2e852b75ebb9c6098418179c - Path: Packages/com.unity.modules.physics' with importer (DefaultImporter)
Imported 'GUID: d6db7caf2e852b75ebb9c6098418179c' -> (Import Result ID: '17efe42b4d253215f7ce1c4062aa0c38') in 0.002 seconds [static dependencies only]. Details - ImportResultOutputID=ca9e398e0fe23d8852b03b4ef733b883 DependenciesID=e2c39f0a5de8ad2594cb338b7658e6b8 StaticDependenciesID=c62fb84fdcd1e94d00277c1c40c3739f 
Importing 'GUID: 376c84ea405e0f2b80562c23bb977216 - Path: Packages/com.unity.modules.physics2d' with importer (DefaultImporter)
Imported 'GUID: 376c84ea405e0f2b80562c23bb977216' -> (Import Result ID: 'e16f02c29d3dea367ecb900153c73915') in 0.003 seconds [static dependencies only]. Details - ImportResultOutputID=3c523e0fa92287aeca10533038c4ad8c DependenciesID=6bb4f8083248eac4b0dc6f99b652bbce StaticDependenciesID=f9ac984a12928ed37980ddae896e5092 
Importing 'GUID: b77b1ad9c05af0412725856c6c53b037 - Path: Packages/com.unity.modules.wind' with importer (DefaultImporter)
Imported 'GUID: b77b1ad9c05af0412725856c6c53b037' -> (Import Result ID: '694b941601afae996ece1a250d52d92b') in 0.002 seconds [static dependencies only]. Details - ImportResultOutputID=20914c3eb4d4a40f977811ac372be123 DependenciesID=d21b8e17cfb8e89fe6ce6b17ce9c8244 StaticDependenciesID=46ac7d1af46c22898a1232f313b934ef 
Importing 'GUID: 2808ba6bccb2478ec9c7209d8bf1f3cc - Path: Packages/com.unity.modules.uielements' with importer (DefaultImporter)
Imported 'GUID: 2808ba6bccb2478ec9c7209d8bf1f3cc' -> (Import Result ID: '5e5dfe08c6a00c900cfe4fcfce3b78a1') in 0.002 seconds [static dependencies only]. Details - ImportResultOutputID=43ac9c1bd0c2e88ddb17cc3ac3d457f4 DependenciesID=6331dea1aa9bb31237c64de3af52db43 StaticDependenciesID=59202ada8d9ed2d8790f39d1af247fa9 
Importing 'GUID: 38e3a8976f0b9c586b6dfbcef4e4066c - Path: Packages/com.unity.modules.unitywebrequestaudio' with importer (DefaultImporter)
Imported 'GUID: 38e3a8976f0b9c586b6dfbcef4e4066c' -> (Import Result ID: 'c54f3cdcd0a0a53c728a8f6a4bf8e805') in 0.002 seconds [static dependencies only]. Details - ImportResultOutputID=fa5586dfb87647a6c685707600b86782 DependenciesID=d3b8e77c9c0813b337d35585e0cd8dac StaticDependenciesID=48a2720e21e8eb8eca255939c5f3eb1d 
Importing 'GUID: 48b10b41f58d5b49717f376cda59eeb8 - Path: Packages/com.unity.modules.particlesystem' with importer (DefaultImporter)
Imported 'GUID: 48b10b41f58d5b49717f376cda59eeb8' -> (Import Result ID: '2ca99f43dcc60f64cbde6b09dd836276') in 0.002 seconds [static dependencies only]. Details - ImportResultOutputID=bbc465d3d6faacd80c5d2d6b9e298635 DependenciesID=c5895581a6d08af4451e2d20e825f0d5 StaticDependenciesID=81558f2015053653d61c0994543e82b3 
Importing 'GUID: 783ee1c8fd4414848db1be97aacf44fb - Path: Packages/com.unity.modules.accessibility' with importer (DefaultImporter)
Imported 'GUID: 783ee1c8fd4414848db1be97aacf44fb' -> (Import Result ID: '22792940adc4c731e445dc78eb9fe3fd') in 0.002 seconds [static dependencies only]. Details - ImportResultOutputID=9ceb99a21b9f1e61183206a57a741925 DependenciesID=c59f06feebd4b2d44b2d489c588f040a StaticDependenciesID=0c3b582cc644fab2b6544ebc50675bbc 
Importing 'GUID: 09e28640d754a611467eebfb261ed749 - Path: Packages/com.unity.modules.tilemap' with importer (DefaultImporter)
Imported 'GUID: 09e28640d754a611467eebfb261ed749' -> (Import Result ID: '56df1fb7932ed758e22709161024465f') in 0.002 seconds [static dependencies only]. Details - ImportResultOutputID=84462fd97657c416dad9f0a01ba73192 DependenciesID=09aca3cc367571eb90d49da11da39372 StaticDependenciesID=f2c3c73202e22cf06daeb9dd58ae6eae 
Importing 'GUID: 39728903e57c60021f80449a8bbc0096 - Path: Packages/com.unity.modules.ui' with importer (DefaultImporter)
Imported 'GUID: 39728903e57c60021f80449a8bbc0096' -> (Import Result ID: 'aafd74a4e55e642d1ea0f795f6444b28') in 0.002 seconds [static dependencies only]. Details - ImportResultOutputID=d7a4a57fb3c24edd8687328a72cff587 DependenciesID=5ad4483b2dacaca3bc3cdbfd4283033a StaticDependenciesID=6f9d30d0da8c720154437b2dbfc538a9 
Importing 'GUID: 995c08a3305ff9f0dab5e86f340bd9a7 - Path: Packages/com.unity.modules.androidjni' with importer (DefaultImporter)
Imported 'GUID: 995c08a3305ff9f0dab5e86f340bd9a7' -> (Import Result ID: '701f2d40c085a88e5be25bb90837fc1e') in 0.002 seconds [static dependencies only]. Details - ImportResultOutputID=30c3e7dc197ceabd471c943bc8eba608 DependenciesID=425c20ce60374642a724cdff7fd24253 StaticDependenciesID=ad97d0fc3477242b18c560757f4d1e58 
Importing 'GUID: b975297a992381c1f3257d0e96892c8a - Path: Packages/com.unity.modules.adaptiveperformance' with importer (DefaultImporter)
Imported 'GUID: b975297a992381c1f3257d0e96892c8a' -> (Import Result ID: 'a2e6bef6ef548c7d281ffe438d4bf9e6') in 0.002 seconds [static dependencies only]. Details - ImportResultOutputID=7f7b3e23eb4697a89925ff793958e5e5 DependenciesID=704994437ad72b75b63f683e3e2c8b77 StaticDependenciesID=7c76e8507c36e23af3851bdc0b54b4ca 
Importing 'GUID: e9a46d0940097b5c2c483622a7effc59 - Path: Packages/com.unity.multiplayer.center' with importer (DefaultImporter)
Imported 'GUID: e9a46d0940097b5c2c483622a7effc59' -> (Import Result ID: 'f7ec3aed5a8d9d5c70e3654fc2a88a73') in 0.002 seconds [static dependencies only]. Details - ImportResultOutputID=f3046c93bbe9d773216fbea661ffa254 DependenciesID=54b960739866031de6bdfbe96a52d173 StaticDependenciesID=b2e1c9948d369bc0141389d8e41ae6ea 
Importing 'GUID: 6b81377a4453ba7362eb3322f9bcc6c6 - Path: Packages/com.unity.modules.hierarchycore' with importer (DefaultImporter)
Imported 'GUID: 6b81377a4453ba7362eb3322f9bcc6c6' -> (Import Result ID: 'd64e3c92d05cb8ab57cf9c34e8c0ee27') in 0.002 seconds [static dependencies only]. Details - ImportResultOutputID=75a6fa83ac96f5339da373cd4f5c6e37 DependenciesID=6193b8beab5ea5a327f9266eedb6d024 StaticDependenciesID=ffdda4d53d222e5716e68e647a732ae5 
Importing 'GUID: 1cf2469083ffa484da4d78dd70d708e8 - Path: Packages/com.unity.modules.vehicles' with importer (DefaultImporter)
Imported 'GUID: 1cf2469083ffa484da4d78dd70d708e8' -> (Import Result ID: '2e9fd9e9a5feffab1804123071ae561d') in 0.002 seconds [static dependencies only]. Details - ImportResultOutputID=62c710cd8c5682c589eec3677adcbda2 DependenciesID=e94622adfb7f30fcccb41278fb8cae22 StaticDependenciesID=1bd9500d6d7a6d96ac8ece40c813da97 
Importing 'GUID: 5c9f1d9258f9b1a48aeb6c894d45ddfc - Path: Assets/Mini Chibi Free Demo' with importer (DefaultImporter)
Imported 'GUID: 5c9f1d9258f9b1a48aeb6c894d45ddfc' -> (Import Result ID: '27e7d7f20c22928213218d0c2ada2c10') in 0.002 seconds [static dependencies only]. Details - ImportResultOutputID=0bd376f53c6c1582e1a88d344dc942df DependenciesID=6fa2b863225af284e7d99793c4f4da16 StaticDependenciesID=c55e97beffcfd4beeffec5ed13e548b6 
Importing 'GUID: 9c7c268fa6492449654839df69f2a2f4 - Path: Packages/com.unity.modules.umbra' with importer (DefaultImporter)
Imported 'GUID: 9c7c268fa6492449654839df69f2a2f4' -> (Import Result ID: 'c7c253ce33f96826bbf020e0df6ad6fb') in 0.002 seconds [static dependencies only]. Details - ImportResultOutputID=bf70ea01e70089eaf818b9fb19bb1807 DependenciesID=c796db5b8e8e1a9c947b5787f1a433df StaticDependenciesID=4ba5eab75bdc6e2df485b4ad7729e499 
Importing 'GUID: dcc8c6e92b172a65719af5ddf47dd968 - Path: Packages/com.unity.modules.unitywebrequestwww' with importer (DefaultImporter)
Imported 'GUID: dcc8c6e92b172a65719af5ddf47dd968' -> (Import Result ID: 'a3ca17c250abe56342bc7797897bf6a5') in 0.002 seconds [static dependencies only]. Details - ImportResultOutputID=1475fc509da6d933479c8ee5d6c4eeff DependenciesID=1ec5b0b7427f7eeba4f1c41dd9bc4cfe StaticDependenciesID=00265576cf1e789283eaa13f6ba70983 
Importing 'GUID: fc3a810351931f5e6183e16b9beb5563 - Path: Packages/com.unity.modules.jsonserialize' with importer (DefaultImporter)
Imported 'GUID: fc3a810351931f5e6183e16b9beb5563' -> (Import Result ID: 'f04351d90ee6b1c15aa201371d89b674') in 0.002 seconds [static dependencies only]. Details - ImportResultOutputID=65186f4186bf0f33d3946d1d6d75958c DependenciesID=fbc4bd1e3869dc653079edeac718e537 StaticDependenciesID=c1a4d4946c0840cd0516fcb984a36b78 
Importing 'GUID: 2d142b475fbfb8cf12ba3a795194300a - Path: Packages/com.unity.modules.director' with importer (DefaultImporter)
Imported 'GUID: 2d142b475fbfb8cf12ba3a795194300a' -> (Import Result ID: 'f82206d58857516a2f7d10df0de25ca9') in 0.002 seconds [static dependencies only]. Details - ImportResultOutputID=ba08ff1508e195419df3d8b0ff8d3bd4 DependenciesID=cb7a2942f5dee664122b699c70fb1a1e StaticDependenciesID=e5174e6782a309cc2e662ba686aba5d3 
Importing 'GUID: 2d6ba5cbe47e6ad3c87474c56174d4e0 - Path: Packages/com.unity.modules.audio' with importer (DefaultImporter)
Imported 'GUID: 2d6ba5cbe47e6ad3c87474c56174d4e0' -> (Import Result ID: '3234866a3fa377a9f9a0ce8dd981be90') in 0.002 seconds [static dependencies only]. Details - ImportResultOutputID=8643a11ddcb415e1ae77356bdcd0e31f DependenciesID=3297e30e726f0a1e5ba9c81d00653637 StaticDependenciesID=0c545176e25f7b531d70d9899c8b8ef9 
Importing 'GUID: ede0462698a4a5643aa9872c074acd38 - Path: Packages/com.unity.modules.video' with importer (DefaultImporter)
Imported 'GUID: ede0462698a4a5643aa9872c074acd38' -> (Import Result ID: '4a9e59f79bcbaddc73d6ed9b1cb022ad') in 0.002 seconds [static dependencies only]. Details - ImportResultOutputID=f060305cf9a7601b6327f110dec53cf0 DependenciesID=2eb252c728b0513f8a06cb80138758c9 StaticDependenciesID=9adc8e4bff2d24a6cd335db28a76c689 
Importing 'GUID: fd871a8be47119612f7c254e96a822b7 - Path: Packages/com.unity.modules.ai' with importer (DefaultImporter)
Imported 'GUID: fd871a8be47119612f7c254e96a822b7' -> (Import Result ID: '9a8589b3beb3a049c84630a73f6ad835') in 0.002 seconds [static dependencies only]. Details - ImportResultOutputID=0bf4624736b8f9ba8d25427695ddd8c6 DependenciesID=00785bf0aee44637bb0bb65f025524ad StaticDependenciesID=025eb2cbf874ac313592e4ff09b996f2 
Importing 'GUID: 5e22a8d6e557a1b3cae09054b0b5f9d8 - Path: Packages/com.unity.modules.physicscore2d' with importer (DefaultImporter)
Imported 'GUID: 5e22a8d6e557a1b3cae09054b0b5f9d8' -> (Import Result ID: 'e0e8f312b2fe13782c9caa272b2c9c39') in 0.002 seconds [static dependencies only]. Details - ImportResultOutputID=8aeec98806d48c587b06189bc919a668 DependenciesID=32fd957f9eeccda095201a26672be198 StaticDependenciesID=7ff60e0e23b48986f2028c36c5321a4f 
Importing 'GUID: 6e1c8b97ec8aa0464e92506ffe099558 - Path: Packages/com.unity.modules.terrain' with importer (DefaultImporter)
Imported 'GUID: 6e1c8b97ec8aa0464e92506ffe099558' -> (Import Result ID: 'e2b6838e2ec31f4ed09302d8afc94b5d') in 0.002 seconds [static dependencies only]. Details - ImportResultOutputID=81f0943dd12638364c9481b7c44326f7 DependenciesID=86c234645905e553a0c1d2c0171e06cb StaticDependenciesID=dfd1b763e9befbb4d593a41aecf32557 
Importing 'GUID: 6f1c7ebc8ac78cb951be24c238cbd3ba - Path: Packages/com.unity.modules.unitywebrequesttexture' with importer (DefaultImporter)
Imported 'GUID: 6f1c7ebc8ac78cb951be24c238cbd3ba' -> (Import Result ID: 'dc5a6902bac92eaeb7da79a7ee7c0445') in 0.002 seconds [static dependencies only]. Details - ImportResultOutputID=f756e1201c1cee903471ba41f17534ce DependenciesID=9c3425c6cf7e4c1387cd8661023d2522 StaticDependenciesID=baf7643e8208e171f7d2f4245768752b 
Importing 'GUID: d07c9936adaa1524092dc51e47cf1b7a - Path: Assets/Mini Chibi Free Demo/Readme' with importer (DefaultImporter)
Imported 'GUID: d07c9936adaa1524092dc51e47cf1b7a' -> (Import Result ID: '7884355c44ea9e6d4256c0cbcb01c5e9') in 0.002 seconds [static dependencies only]. Details - ImportResultOutputID=df457916e874f01290b88b2e00a2f37f DependenciesID=b0dd1ae314077e6a3c6c25e56ae5d130 StaticDependenciesID=a9fb29696e5e310229803411d334c705 
Importing 'GUID: 72aad6ae0dafb492cbf852432441bb38 - Path: Packages/com.unity.multiplayer.center/Editor' with importer (DefaultImporter)
Imported 'GUID: 72aad6ae0dafb492cbf852432441bb38' -> (Import Result ID: 'd544db8e635d7b45b55c750ef4a1709d') in 0.002 seconds [static dependencies only]. Details - ImportResultOutputID=fd813adfe6f53e0e5a3fd1bde50dd9b3 DependenciesID=bda332fa8d13046d94ce23fbe4e373fe StaticDependenciesID=2e5ad470682bc241fa1aea1ca4f583a5 
Importing 'GUID: f247964bd405431fbd31840f97bef608 - Path: Packages/com.unity.multiplayer.center/Common' with importer (DefaultImporter)
Imported 'GUID: f247964bd405431fbd31840f97bef608' -> (Import Result ID: '109c822527fb283013d9061a8493a91d') in 0.002 seconds [static dependencies only]. Details - ImportResultOutputID=758923f3b917a744e934a49667168e4f DependenciesID=bd38b39f570e1522dd16e75ac8e0cc4e StaticDependenciesID=ffea94c4ea4c461cb0813b37eb337d4c 
Importing 'GUID: 93d068b9e5791174794bf1b17c616c0c - Path: Assets/Mini Chibi Free Demo/Prefabs' with importer (DefaultImporter)
Imported 'GUID: 93d068b9e5791174794bf1b17c616c0c' -> (Import Result ID: '3517f429de862967503e77a0f19c93a1') in 0.002 seconds [static dependencies only]. Details - ImportResultOutputID=fef834a7ce9568c13735811335f08256 DependenciesID=779a838bc1f959dea620b99d3126948d StaticDependenciesID=9fdb9742fed93a7270b41c74afed4294 
Importing 'GUID: 643d0d8d3c4ecb445872ed681475e60b - Path: Assets/Mini Chibi Free Demo/Materials' with importer (DefaultImporter)
Imported 'GUID: 643d0d8d3c4ecb445872ed681475e60b' -> (Import Result ID: 'ed94c70f5cef3a34f7206daf8cc3c5e4') in 0.002 seconds [static dependencies only]. Details - ImportResultOutputID=20b43db112a377dc1f629bb7077b87bc DependenciesID=04584fbbe9d66b54643d21bc423668c7 StaticDependenciesID=d97b970c524681561746e8c9754e05a7 
Importing 'GUID: a6df6e37e21609445a1f0002273c963b - Path: Assets/Mini Chibi Free Demo/Models' with importer (DefaultImporter)
Imported 'GUID: a6df6e37e21609445a1f0002273c963b' -> (Import Result ID: '75abbcdb878c88562f8136c934a523b5') in 0.002 seconds [static dependencies only]. Details - ImportResultOutputID=3953c08ca5532268a21fd835b9b4dc4b DependenciesID=ca239bbbbbf3c72eafb809fbd7e85d10 StaticDependenciesID=4bedf60197f1746bed1a5094ba99ada2 
Importing 'GUID: 38e41514fc0673c4f86846a5556e10e9 - Path: Assets/Free Pack/Intro' with importer (DefaultImporter)
Imported 'GUID: 38e41514fc0673c4f86846a5556e10e9' -> (Import Result ID: '6381e660f834b428d880a4deac70e7bd') in 0.002 seconds [static dependencies only]. Details - ImportResultOutputID=c3a9ce4d6c7c6773777fa76fc20828a0 DependenciesID=201d81754274784b15912af08209e544 StaticDependenciesID=ee6fc007fdd58da4c92e7d1e5a26ef71 
Importing 'GUID: 88e8a7fad2a379c42baafdf2c8ca0169 - Path: Assets/Free Pack/URP' with importer (DefaultImporter)
Imported 'GUID: 88e8a7fad2a379c42baafdf2c8ca0169' -> (Import Result ID: 'c86ad08d7a3383c13a3c64c56619fc34') in 0.002 seconds [static dependencies only]. Details - ImportResultOutputID=750e5d734892fea395bc0427710655af DependenciesID=6a986eeb7d77e53df57e6abe9f1165af StaticDependenciesID=5097adc23a599d90bc1019fa84488bbf 
Importing 'GUID: a94e1423fec5d814cb8ca72656887b04 - Path: Assets/Free Pack/HDRP' with importer (DefaultImporter)
Imported 'GUID: a94e1423fec5d814cb8ca72656887b04' -> (Import Result ID: '945c2603268f349f4f76b20214c69a38') in 0.002 seconds [static dependencies only]. Details - ImportResultOutputID=1086a1957483383c631663a8e0b32acb DependenciesID=f4db531da322d3ea08d5dfcd6cd8f70d StaticDependenciesID=5372fb950140372106c6e61eba011aa6 
Importing 'GUID: 2a3e25cd8d7277d4aa77cc19a218b704 - Path: Assets/Free Pack/Meshes' with importer (DefaultImporter)
Imported 'GUID: 2a3e25cd8d7277d4aa77cc19a218b704' -> (Import Result ID: '49d11e3a5d422c3a703e3c14969ee402') in 0.003 seconds [static dependencies only]. Details - ImportResultOutputID=a57aae75e163302c796f291d30bdcb0d DependenciesID=f0869d7378859461111a03b5a6fd0d56 StaticDependenciesID=cea1ee3dfcb03d77a2d2a63eee423d3e 
Importing 'GUID: baf75c9d3de4941df9ee5f3dd1d3bc34 - Path: Packages/com.unity.multiplayer.center/Tests' with importer (DefaultImporter)
Imported 'GUID: baf75c9d3de4941df9ee5f3dd1d3bc34' -> (Import Result ID: 'a4508947fb65bf2a108807c970601f09') in 0.002 seconds [static dependencies only]. Details - ImportResultOutputID=472be40ede228cb93594a902416e88d6 DependenciesID=bccfaf786bfd27efe69476880f4fff0a StaticDependenciesID=a53a72b999cd3da2d73e422a72b6bc28 
Importing 'GUID: 5dcdfcd19cc885740bc8c6966fecf4f1 - Path: Assets/Free Pack/Textures' with importer (DefaultImporter)
Imported 'GUID: 5dcdfcd19cc885740bc8c6966fecf4f1' -> (Import Result ID: 'cfc337506074bade0854b5d49f5aadcb') in 0.002 seconds [static dependencies only]. Details - ImportResultOutputID=36d87e26e8b4f73d4a35079c1fecfd67 DependenciesID=07510a971d40785f64b4a56fce0c4e2b StaticDependenciesID=5f31980529999bd94dd1aaa88d1a0eaa 
Importing 'GUID: 4e886fc526a5e3042bb72845f02ef12d - Path: Assets/Free Pack/Built-In' with importer (DefaultImporter)
Imported 'GUID: 4e886fc526a5e3042bb72845f02ef12d' -> (Import Result ID: '73111f8de67b04bdcd4ba932e05a204d') in 0.002 seconds [static dependencies only]. Details - ImportResultOutputID=518daea87d184e3877fbc9cc71c41b89 DependenciesID=31c84fb1511ff997ed4e0a812af61afa StaticDependenciesID=85d542255f9519ebadf000bf291daa59 
Importing 'GUID: 6ea315d0fd7389c41b19996891e99ae3 - Path: Assets/Mini Chibi Free Demo/Scenes' with importer (DefaultImporter)
Imported 'GUID: 6ea315d0fd7389c41b19996891e99ae3' -> (Import Result ID: 'abed80c2ce7cea70bbf1ed06139154af') in 0.003 seconds [static dependencies only]. Details - ImportResultOutputID=4bbd5a9da55da63f4370e6c153761878 DependenciesID=8d337e3baf06a417097ceafbad3bfddb StaticDependenciesID=b0c0a04f2f9a824e9ee8cef512d4c093 
Importing 'GUID: ce40af5e531965148bebd77b962d422b - Path: Assets/Free Pack/scenes' with importer (DefaultImporter)
Imported 'GUID: ce40af5e531965148bebd77b962d422b' -> (Import Result ID: 'e50767dc221a94167135d79ecae5f90b') in 0.002 seconds [static dependencies only]. Details - ImportResultOutputID=ab31d6e82105aba2fc42a054e566350a DependenciesID=bef94ab3bf5a61f63e27123900649841 StaticDependenciesID=b84cde192c2e541dc65c1ea45bb2ae42 
Importing 'GUID: 21f32d2f4add49b3b11fadb6889a2156 - Path: Packages/com.unity.multiplayer.center/Editor/Analytics' with importer (DefaultImporter)
Imported 'GUID: 21f32d2f4add49b3b11fadb6889a2156' -> (Import Result ID: 'a77d95b141ede6a5414a9e2eddbadace') in 0.002 seconds [static dependencies only]. Details - ImportResultOutputID=7627045f4445b3bccda132ac184a65c4 DependenciesID=b914b512b239e5cc4658c8f67a171ad6 StaticDependenciesID=91df97da6beb6f55a84b3dae8cae5ffd 
Importing 'GUID: 22d3dbf8d488d49d2b1130d698010dee - Path: Packages/com.unity.multiplayer.center/Editor/Features' with importer (DefaultImporter)
Imported 'GUID: 22d3dbf8d488d49d2b1130d698010dee' -> (Import Result ID: '8f2a6acf8bd149afa0ff4a220df80e81') in 0.002 seconds [static dependencies only]. Details - ImportResultOutputID=fb074caa7d2abd29e270db3a9b71e3a9 DependenciesID=ba5e61c294467286e03f6ea9a7246714 StaticDependenciesID=c18103a73fe9079eeb1f700f43a6d5b2 
Importing 'GUID: d36bf30321d29df4bbc0bc12140e2cea - Path: Assets/Free Pack/Built-In/Prefabs' with importer (DefaultImporter)
Imported 'GUID: d36bf30321d29df4bbc0bc12140e2cea' -> (Import Result ID: 'e7f05010dbfd6f64d797a9385079a58a') in 0.001 seconds [static dependencies only]. Details - ImportResultOutputID=eb06f5121d1247bc406c9ea0ab29a290 DependenciesID=348812f4fbfd8928e7d36c3fec0c518f StaticDependenciesID=8dfcc6d890d5813d4f9aa58571e7b7eb 
Importing 'GUID: 44840ddaebeff5343b67ec0c3fd6aab8 - Path: Assets/Free Pack/Built-In/Materials' with importer (DefaultImporter)
Imported 'GUID: 44840ddaebeff5343b67ec0c3fd6aab8' -> (Import Result ID: '04fe645978a94fa005cd8f49608664a2') in 0.000 seconds [static dependencies only]. Details - ImportResultOutputID=dd9a15bb33593282ed6bcccd0ebe4dc4 DependenciesID=b43799a45528d13e928ead4834121a7d StaticDependenciesID=2cf04adb83286feefb3971786d8942ae 
Importing 'GUID: 74f60ffb870a2334fa98550aa50b136c - Path: Assets/Free Pack/HDRP/Prefabs' with importer (DefaultImporter)
Imported 'GUID: 74f60ffb870a2334fa98550aa50b136c' -> (Import Result ID: '29f449b104ebf35b613405d6a931ad4a') in 0.000 seconds [static dependencies only]. Details - ImportResultOutputID=73f7f7846fa844224c3848256f0e89d2 DependenciesID=787ccdc7353fc2f26ab02016b89cc991 StaticDependenciesID=bfdb2b81ea6a9768f8630e53d95160ee 
Importing 'GUID: b44245cf9fc7f8b47a94672017f852ca - Path: Assets/Free Pack/URP/Materials' with importer (DefaultImporter)
Imported 'GUID: b44245cf9fc7f8b47a94672017f852ca' -> (Import Result ID: '16c4ddd537f10cf38459f1de6b494f95') in 0.000 seconds [static dependencies only]. Details - ImportResultOutputID=57e60ccdea0c75c894c49c15ee208fea DependenciesID=fb5c1d3b737ea7fcc284490fe1fab653 StaticDependenciesID=3a14d1693785376a4e0df25ed22f9d76 
Importing 'GUID: c47e1cecf5dca4842a26ceb6c315bb0c - Path: Assets/Free Pack/HDRP/Materials' with importer (DefaultImporter)
Imported 'GUID: c47e1cecf5dca4842a26ceb6c315bb0c' -> (Import Result ID: 'b74cdc456d01d0e2aa2be8f7e6466416') in 0.000 seconds [static dependencies only]. Details - ImportResultOutputID=2ff6650e3cd1936ab3fef4076651fc7f DependenciesID=8ada0f7cd96dacbd9cbb881dbbec822e StaticDependenciesID=5164da880771e6d8b0c058c92e5c2738 
Importing 'GUID: 266332cf0478b6e48bbbffb1542ce2f0 - Path: Assets/Free Pack/HDRP/Textures' with importer (DefaultImporter)
Imported 'GUID: 266332cf0478b6e48bbbffb1542ce2f0' -> (Import Result ID: '65ab63aea6aaf532a9942a0fd499b20e') in 0.001 seconds [static dependencies only]. Details - ImportResultOutputID=1940c44d94154895cb63bdacc022d80d DependenciesID=0dbefdb913c319fad80534477fc3991a StaticDependenciesID=e0d5d524537ac7a2c99c2f927f644954 
Importing 'GUID: 96c71b811fa50403690b154e216fe217 - Path: Packages/com.unity.multiplayer.center/Tests/Editor' with importer (DefaultImporter)
Imported 'GUID: 96c71b811fa50403690b154e216fe217' -> (Import Result ID: '14ac7904047ddd2cfbfdf1651649cfdf') in 0.000 seconds [static dependencies only]. Details - ImportResultOutputID=c9c8f2de7834bb2ffb0da4bb4f2955fa DependenciesID=6bcb6dd62fb9a72a8f4df030dfea25dc StaticDependenciesID=b03f0c3af7ff39d2dea96f113c952c6d 
Importing 'GUID: 1726448925bf4bd1af6ca883bae8ff3f - Path: Packages/com.unity.multiplayer.center/Editor/OnBoarding' with importer (DefaultImporter)
Imported 'GUID: 1726448925bf4bd1af6ca883bae8ff3f' -> (Import Result ID: '18163f018dea809ea51f345717b65aa2') in 0.002 seconds [static dependencies only]. Details - ImportResultOutputID=14950a62abf6548e54801ab788e1f49c DependenciesID=d0590ceb4857f99b30a1f301ee701372 StaticDependenciesID=e3d00d36fdf0be4c57a0e78a8650ae47 
Importing 'GUID: 97646f506bf040e9bd4568124c8b425e - Path: Packages/com.unity.multiplayer.center/Editor/Recommendations' with importer (DefaultImporter)
Imported 'GUID: 97646f506bf040e9bd4568124c8b425e' -> (Import Result ID: 'cc248bd01438e442e9b8f5146f177bb0') in 0.002 seconds [static dependencies only]. Details - ImportResultOutputID=56d8246ba8918c014e8884d34d60ce31 DependenciesID=92925428a0398750964272fed67fd056 StaticDependenciesID=c9e57a3d54cd35ff5ecb38a752f6c0ce 
Importing 'GUID: a7f089ed51c2345ffb7ac0bc3562453f - Path: Packages/com.unity.multiplayer.center/Editor/Questionnaire' with importer (DefaultImporter)
Imported 'GUID: a7f089ed51c2345ffb7ac0bc3562453f' -> (Import Result ID: '0b1a1139265754ccc16fbd866ddae770') in 0.002 seconds [static dependencies only]. Details - ImportResultOutputID=961ee9ffe5dc2d5b9b5d9f6c51e99710 DependenciesID=4a5feade6cc74bd66ea11eaf1bfd50a8 StaticDependenciesID=8758ac2ff21b659dacf635dafd267164 
Importing 'GUID: f9d88f70b1343994dbc3e08968d77c74 - Path: Assets/Free Pack/URP/Prefabs' with importer (DefaultImporter)
Imported 'GUID: f9d88f70b1343994dbc3e08968d77c74' -> (Import Result ID: 'ddc82a2ed976a0414075d0606b81df57') in 0.000 seconds [static dependencies only]. Details - ImportResultOutputID=2e059e3ed02cd6f6344b4873626cb6c6 DependenciesID=bad440b1239601b305dfa03f111d7fd4 StaticDependenciesID=ad6600d6833580f7209ce97d0211cd50 
Importing 'GUID: 7a7dcde6448847648629a13d746ce966 - Path: Packages/com.unity.multiplayer.center/Editor/MultiplayerCenterWindow' with importer (DefaultImporter)
Imported 'GUID: 7a7dcde6448847648629a13d746ce966' -> (Import Result ID: '98d6fd46b98428ec34e67aaadecfbc6c') in 0.003 seconds [static dependencies only]. Details - ImportResultOutputID=f055dd0afc5a900e3f0e5d75be0487c5 DependenciesID=814fecef7b81af7f651ae388265aa55d StaticDependenciesID=28cd004e7ab0081fe5892fea98e65fbf 
Importing 'GUID: ecdf4953518f44d42ab59e8b13baa681 - Path: Assets/Mini Chibi Free Demo/Models/mini chibi animations' with importer (DefaultImporter)
Imported 'GUID: ecdf4953518f44d42ab59e8b13baa681' -> (Import Result ID: '908d4b5213427e2556679694b6f1307c') in 0.002 seconds [static dependencies only]. Details - ImportResultOutputID=db37e3fe9fe72c12f6f82bef4ebec5e0 DependenciesID=291b530bdb308d98476d6945f9636e81 StaticDependenciesID=430a773d08c4d8ea67b379bd3d72adaa 
Importing 'GUID: 6d6c54904aa9d411eb9e170e402edb1d - Path: Assets/Mini Chibi Free Demo/Readme/Icons' with importer (DefaultImporter)
Imported 'GUID: 6d6c54904aa9d411eb9e170e402edb1d' -> (Import Result ID: '7655540f3fedcfb6b87e43dbb29074f2') in 0.002 seconds [static dependencies only]. Details - ImportResultOutputID=1badff9a6bf9914dab36c467b0b461db DependenciesID=90b660f6393bbcd6498b4b56dd9a5b24 StaticDependenciesID=020813068764ffa41573f04e4b6fbdb4 
Importing 'GUID: 8e4d240cf158245a9945c4df01d83bc1 - Path: Packages/com.unity.multiplayer.center/Tests/Runtime' with importer (DefaultImporter)
Imported 'GUID: 8e4d240cf158245a9945c4df01d83bc1' -> (Import Result ID: 'c26908bd6f3348bd96d3a1aa86f92e90') in 0.002 seconds [static dependencies only]. Details - ImportResultOutputID=8d471bf8668065aa423a9a6138166117 DependenciesID=57ae9c80888174121ff54d12b032787b StaticDependenciesID=9754452aef8d924eb569d1ea3f5a9074 
Importing 'GUID: 9bd34ec3fe8f4aed936c3a0cf2f32e56 - Path: Packages/com.unity.multiplayer.center/Editor/MultiplayerCenterWindow/UI' with importer (DefaultImporter)
Imported 'GUID: 9bd34ec3fe8f4aed936c3a0cf2f32e56' -> (Import Result ID: '12802fda37706c0e2a26dfd050555474') in 0.002 seconds [static dependencies only]. Details - ImportResultOutputID=ccc1a09d4a030f52c953d2f3937aac55 DependenciesID=edd3d46d24ac0b48686a6331d44ba3ed StaticDependenciesID=118c9915218bd0cdd9cea484a34a1c77 
Importing 'GUID: 34a09eb4d6e8d44989194a25525c5147 - Path: Packages/com.unity.multiplayer.center/Editor/MultiplayerCenterWindow/UI/Icons' with importer (DefaultImporter)
Imported 'GUID: 34a09eb4d6e8d44989194a25525c5147' -> (Import Result ID: '4497b0f944c6387a72be21d4dbdd613c') in 0.001 seconds [static dependencies only]. Details - ImportResultOutputID=09fc5dce3344b58f3587b00bf4b13d7d DependenciesID=27cb1beb948d38490010ecdc74c4f083 StaticDependenciesID=b54ef10dcdbf9713e68405bc9a24b45a 
Importing 'GUID: eab7f42d361b483aaa760c5909002312 - Path: Packages/com.unity.multiplayer.center/Editor/MultiplayerCenterWindow/UI/RecommendationView' with importer (DefaultImporter)
Imported 'GUID: eab7f42d361b483aaa760c5909002312' -> (Import Result ID: '0085aaed1f64d854252dc470bde24ca5') in 0.002 seconds [static dependencies only]. Details - ImportResultOutputID=378cb1e8c5b18b814304dca778da9b61 DependenciesID=f43d09e2a49a84ffca6b90eb1526d3a1 StaticDependenciesID=5f479f26982f2640c26d8560c7c132a1 
Importing 'GUID: 84abd2ab34a74600a33a3bb9d72859fe - Path: Packages/com.unity.multiplayer.center/Common/Unity.Multiplayer.Center.Common.asmdef' with importer (AssemblyDefinitionImporter)
Imported 'GUID: 84abd2ab34a74600a33a3bb9d72859fe' -> (Import Result ID: 'f89618a79a93a73a49d308209c4c25b9') in 0.002 seconds [static dependencies only]. Details - ImportResultOutputID=ac464dd06d5a61d0a978410378529929 DependenciesID=af696ac2b963465e752aa7759edd3606 StaticDependenciesID=c8e2c5d4ebab5c3329cf298460da67c5 
Importing 'GUID: 2664430aff4254d79887d32c3fc1e221 - Path: Packages/com.unity.multiplayer.center/Tests/Runtime/Unity.Multiplayer.Center.Tests.asmdef' with importer (AssemblyDefinitionImporter)
Imported 'GUID: 2664430aff4254d79887d32c3fc1e221' -> (Import Result ID: 'a11eedb1d3b3e4096fe2710093e7cf88') in 0.002 seconds [static dependencies only]. Details - ImportResultOutputID=95a86e32d35475cb5d001317bedd07f9 DependenciesID=de1ba7a375ac689391697901c16b4616 StaticDependenciesID=9befd1f6202b62f76859bc688011f0f8 
Importing 'GUID: 787ec048daec145b580d1134da5dd278 - Path: Packages/com.unity.multiplayer.center/Tests/Editor/Unity.Multiplayer.Center.Editor.Tests.asmdef' with importer (AssemblyDefinitionImporter)
Imported 'GUID: 787ec048daec145b580d1134da5dd278' -> (Import Result ID: 'bbe717dc8d533b7470f24301b5cc9c42') in 0.002 seconds [static dependencies only]. Details - ImportResultOutputID=5633ff3ec6bb0acbf28d7a77a2b8f7bf DependenciesID=bc5d900284f0df0231a3b606e0193b1d StaticDependenciesID=4255616505a6c5bd1c7ac30b4332d8b4 
Importing 'GUID: be17709716f1648caa5de6d0c38103ed - Path: Packages/com.unity.multiplayer.center/Editor/Unity.Multiplayer.Center.Editor.asmdef' with importer (AssemblyDefinitionImporter)
Imported 'GUID: be17709716f1648caa5de6d0c38103ed' -> (Import Result ID: '0948e38ad23ca75da83bd15011262fd8') in 0.003 seconds [static dependencies only]. Details - ImportResultOutputID=10fe3792e6d1c78b2e7ea8dd1292fc3b DependenciesID=539fe8f05cbb283f3d3ab470ef0bef6d StaticDependenciesID=85f90e9d9ed2135368d3728f28639b9e 
Importing 'GUID: 51fa60bb2bd1e5bc74e8cc95a7bfd5b7 - Path: Packages/com.unity.modules.ui/package.ModuleCompilationTrigger' with importer (DefaultImporter)
Imported 'GUID: 51fa60bb2bd1e5bc74e8cc95a7bfd5b7' -> (Import Result ID: 'be512cbaf64ea92a8c61a9860d5593e0') in 0.015 seconds [static dependencies only]. Details - ImportResultOutputID=97b097896283fafd162f5103b6da9350 DependenciesID=e379836f04c341386ee5af5817637ee4 StaticDependenciesID=c2aff6c152a6da981347289118cef558 
Importing 'GUID: 71136fc5cf34f2cc10be0e33c0b08019 - Path: Packages/com.unity.modules.unityanalytics/package.ModuleCompilationTrigger' with importer (DefaultImporter)
Imported 'GUID: 71136fc5cf34f2cc10be0e33c0b08019' -> (Import Result ID: '4f553d0c7846bb8488f1e47c7cc378ed') in 0.001 seconds [static dependencies only]. Details - ImportResultOutputID=aad00463857b0f3e239972e5a10e3f79 DependenciesID=6ac68746640fd51569a9c6747167e4b7 StaticDependenciesID=0a465c3a9c3618e9383ffbc63a09a41f 
Importing 'GUID: a1c42005fe7c5d78585a77ce396a5eea - Path: Packages/com.unity.modules.tilemap/package.ModuleCompilationTrigger' with importer (DefaultImporter)
Imported 'GUID: a1c42005fe7c5d78585a77ce396a5eea' -> (Import Result ID: '2f3b857d1b663667ca17da0ecdb9c8a1') in 0.001 seconds [static dependencies only]. Details - ImportResultOutputID=7c7d529048f5d74f6d499dae097a185f DependenciesID=b23b0d0112b94f64697303ce5948ec1a StaticDependenciesID=767d5c519e1f9c2aac9148aeb04fb657 
Importing 'GUID: d104359075a97392b803d3d5aebc77f7 - Path: Packages/com.unity.modules.hierarchycore/package.ModuleCompilationTrigger' with importer (DefaultImporter)
Imported 'GUID: d104359075a97392b803d3d5aebc77f7' -> (Import Result ID: '1104453536185676bc1678445bc2e5c2') in 0.001 seconds [static dependencies only]. Details - ImportResultOutputID=8ec3343e917ef007d455acfe45d3ee72 DependenciesID=11cd1d869703a14821f66523d31d6e31 StaticDependenciesID=9506762e0ca75dd852ab6d602f96658b 
Importing 'GUID: 222fc39b0c85d800342910da2cd64781 - Path: Packages/com.unity.modules.assetbundle/package.ModuleCompilationTrigger' with importer (DefaultImporter)
Imported 'GUID: 222fc39b0c85d800342910da2cd64781' -> (Import Result ID: 'dd36a5e01c8079a36a8e076f32ac9a85') in 0.000 seconds [static dependencies only]. Details - ImportResultOutputID=a4749f3da6b6adf8eaabf6e5477b2b7c DependenciesID=e7aef5b454539e843aea21afca7a9562 StaticDependenciesID=bf0185bce9c4f64f5de1111522b962c3 
Importing 'GUID: d2ec2d1228c8e67cdd913cb5609176a2 - Path: Packages/com.unity.modules.unitywebrequest/package.ModuleCompilationTrigger' with importer (DefaultImporter)
Imported 'GUID: d2ec2d1228c8e67cdd913cb5609176a2' -> (Import Result ID: 'cbae085591e1311e0426e2d013a8e2fc') in 0.000 seconds [static dependencies only]. Details - ImportResultOutputID=37747859ed12efda2a92d3d840e79b06 DependenciesID=91663d755e88c5ca08eaa9b698d477e1 StaticDependenciesID=f00cc25d0cb3d54a323605ed0b875d57 
Importing 'GUID: e2d09a26ce46dc617b54e49a534ace20 - Path: Packages/com.unity.modules.ai/package.ModuleCompilationTrigger' with importer (DefaultImporter)
Imported 'GUID: e2d09a26ce46dc617b54e49a534ace20' -> (Import Result ID: '5eb05f86d588fcb4411bf5d4cdb8633c') in 0.000 seconds [static dependencies only]. Details - ImportResultOutputID=01c973ad27769bdd61dcc3de2d8629ac DependenciesID=adc271351f3fc2b40d78b63d80ce5298 StaticDependenciesID=928a9e6f7cd68cf5304459597cf575cb 
Importing 'GUID: 23032f4383e95e772bce465c5896d0fd - Path: Packages/com.unity.modules.terrain/package.ModuleCompilationTrigger' with importer (DefaultImporter)
Imported 'GUID: 23032f4383e95e772bce465c5896d0fd' -> (Import Result ID: '14aae7ef45df2c6f8212b61023a52b4d') in 0.000 seconds [static dependencies only]. Details - ImportResultOutputID=43caf76539e87b0b5e506fce22b32e8c DependenciesID=f8228da4343e8fb110c89248206a7802 StaticDependenciesID=76c4c61aef8242e7484164b19d474b05 
Importing 'GUID: 830a36a23cf3ab1e61fa47940a6dc35e - Path: Packages/com.unity.modules.imageconversion/package.ModuleCompilationTrigger' with importer (DefaultImporter)
Imported 'GUID: 830a36a23cf3ab1e61fa47940a6dc35e' -> (Import Result ID: 'a49f3e2b08ded35f46967b1fd01ec880') in 0.001 seconds [static dependencies only]. Details - ImportResultOutputID=1312c79305670b6aa3bce9ff3efd03b9 DependenciesID=0d87bfc0d9d3dcf3dbb4416dbe071d2e StaticDependenciesID=56f9209b404ef1062f2d5b5c6a7566ff 
Importing 'GUID: a31a332ce3485f00f7df8d987302a29c - Path: Packages/com.unity.modules.unitywebrequesttexture/package.ModuleCompilationTrigger' with importer (DefaultImporter)
Imported 'GUID: a31a332ce3485f00f7df8d987302a29c' -> (Import Result ID: 'fc94c7b147a6b5694eda1349b0d7aabd') in 0.000 seconds [static dependencies only]. Details - ImportResultOutputID=54d1731c77f760b5355a2b1bfa92527b DependenciesID=5571910980b4cae5029e5ab40e2bcd2d StaticDependenciesID=6e49c3a187320488020f3989f8d20238 
Importing 'GUID: 042dc296246916648e55a43d0eeb2036 - Path: Packages/com.unity.modules.audio/package.ModuleCompilationTrigger' with importer (DefaultImporter)
Imported 'GUID: 042dc296246916648e55a43d0eeb2036' -> (Import Result ID: 'c4a0e5bbce453acc33a8bf9c7f8fd969') in 0.000 seconds [static dependencies only]. Details - ImportResultOutputID=ab0921e937c1d9c2d7fbdebe7091d6c2 DependenciesID=2fbfc3637758b4b1afbb879176065fd9 StaticDependenciesID=efa0e9a04fa05cb3d50f46a551bc8be8 
Importing 'GUID: 14e86f88e9a8c9c448d7e7df92f2aeec - Path: Packages/com.unity.modules.physicscore2d/package.ModuleCompilationTrigger' with importer (DefaultImporter)
Imported 'GUID: 14e86f88e9a8c9c448d7e7df92f2aeec' -> (Import Result ID: '286d0aaeea317716b6b387abae91239e') in 0.000 seconds [static dependencies only]. Details - ImportResultOutputID=94d25b776bc28f679880cb17bd31ec6c DependenciesID=1e2365107784a1b2d2eb507bd4923ea0 StaticDependenciesID=488aedf750fe121a67026d15356ece4f 
Importing 'GUID: 553737203d61a8109f9544a97201e1aa - Path: Packages/com.unity.modules.unitywebrequestaudio/package.ModuleCompilationTrigger' with importer (DefaultImporter)
Imported 'GUID: 553737203d61a8109f9544a97201e1aa' -> (Import Result ID: 'e6baa8215c97ef304366679935990995') in 0.000 seconds [static dependencies only]. Details - ImportResultOutputID=ab514c5cded186b91986c4c830fcf71c DependenciesID=e12ad54e4c4bfce446617e5e5004ec3d StaticDependenciesID=c4320a1c96db5a5f3ca135be31fdc3d7 
Importing 'GUID: e5c46c19ce0ce2e0103aa6f82df1043a - Path: Packages/com.unity.modules.vehicles/package.ModuleCompilationTrigger' with importer (DefaultImporter)
Imported 'GUID: e5c46c19ce0ce2e0103aa6f82df1043a' -> (Import Result ID: '4a095abfe18c178a6f1731a0aefa07f8') in 0.000 seconds [static dependencies only]. Details - ImportResultOutputID=7ed92368dde83c4f4274e94d1167c911 DependenciesID=b498a6771ad063decc4b2d9bca33701e StaticDependenciesID=90796e33c5799e26f385c4e10590db07 
Importing 'GUID: 7610600f5c83e01041a6fe849d39279f - Path: Packages/com.unity.modules.unitywebrequestassetbundle/package.ModuleCompilationTrigger' with importer (DefaultImporter)
Imported 'GUID: 7610600f5c83e01041a6fe849d39279f' -> (Import Result ID: '2ea50db261b98f391b66c8e2e2c09118') in 0.000 seconds [static dependencies only]. Details - ImportResultOutputID=8003247251fb87c113fccdf168b06d46 DependenciesID=ac0e2bdb486634d4b85bb1a604b63dc5 StaticDependenciesID=32f59c7b9032968cc025840700eddeb8 
Importing 'GUID: e6a135e3ea9cb46795d1b0e05ac3e1e5 - Path: Packages/com.unity.modules.jsonserialize/package.ModuleCompilationTrigger' with importer (DefaultImporter)
Imported 'GUID: e6a135e3ea9cb46795d1b0e05ac3e1e5' -> (Import Result ID: '1c57b55bcd4c8c6362ce51c0ebd7a821') in 0.000 seconds [static dependencies only]. Details - ImportResultOutputID=16fe18d7d4fb3289b89d1d866fdd26db DependenciesID=252a3b2725279cfc46d526136c580f21 StaticDependenciesID=0739be11007ee94595e2bc82ea98c6c4 
Importing 'GUID: f62135e79edb837b2d2ee3c524da864c - Path: Packages/com.unity.modules.video/package.ModuleCompilationTrigger' with importer (DefaultImporter)
Imported 'GUID: f62135e79edb837b2d2ee3c524da864c' -> (Import Result ID: '1872df6bc4628bb1a9ca29144f14611e') in 0.000 seconds [static dependencies only]. Details - ImportResultOutputID=f343425462c7ecc24009b61dff957b85 DependenciesID=abff74b8822e33abc9192cbad1ed91f1 StaticDependenciesID=e582a27c3a6fe23d6752fceeabe989f3 
Importing 'GUID: 17f093324b67f5bd57e55b546736750e - Path: Packages/com.unity.modules.particlesystem/package.ModuleCompilationTrigger' with importer (DefaultImporter)
Imported 'GUID: 17f093324b67f5bd57e55b546736750e' -> (Import Result ID: '6ff179a8a8c272aadee9696a75f4aebd') in 0.000 seconds [static dependencies only]. Details - ImportResultOutputID=0355b1352b2efc29f8c3d4c7ae63c7f1 DependenciesID=b614594b4860a97264debb13b5bea861 StaticDependenciesID=06ca6bb0312a01a92b0f116ae2bb5399 
Importing 'GUID: 4745d06d5a7ca576dcf9e5e67b417652 - Path: Packages/com.unity.modules.accessibility/package.ModuleCompilationTrigger' with importer (DefaultImporter)
Imported 'GUID: 4745d06d5a7ca576dcf9e5e67b417652' -> (Import Result ID: 'ed114151f06ade2551c6ef7d7e6b24b4') in 0.000 seconds [static dependencies only]. Details - ImportResultOutputID=532470ed0227c311b25c8c9e8ba79400 DependenciesID=59b38450ae3fc42412aae87c518b138e StaticDependenciesID=ba6a0791359df9525e03c096d26794d0 
Importing 'GUID: c7a8b0317f4e68556d7509828e9e211e - Path: Packages/com.unity.modules.xr/package.ModuleCompilationTrigger' with importer (DefaultImporter)
Imported 'GUID: c7a8b0317f4e68556d7509828e9e211e' -> (Import Result ID: '18c4edf952690bd95819244c11174a4d') in 0.000 seconds [static dependencies only]. Details - ImportResultOutputID=ae1b559a8646648d57c418658f22c1c3 DependenciesID=4e3e720b9d999aafecadb0f17c83e4a6 StaticDependenciesID=d031c78d05fe025f26315ce7900c9528 
Importing 'GUID: 082fbee38a82835433261a5e9c00e267 - Path: Packages/com.unity.modules.cloth/package.ModuleCompilationTrigger' with importer (DefaultImporter)
Imported 'GUID: 082fbee38a82835433261a5e9c00e267' -> (Import Result ID: 'bf1434c66533fc5ed20a95906c66351f') in 0.000 seconds [static dependencies only]. Details - ImportResultOutputID=4484322f1fd307127a580e9b17cedb30 DependenciesID=8ccefc550c79be7e16adf9d77ba5ddac StaticDependenciesID=6d0aacacd4e61cc36d0d9a05bdb20f7a 
Importing 'GUID: c82e859b16636ddd2ca4a1f63fd34938 - Path: Packages/com.unity.modules.androidjni/package.ModuleCompilationTrigger' with importer (DefaultImporter)
Imported 'GUID: c82e859b16636ddd2ca4a1f63fd34938' -> (Import Result ID: '96146a3272911c0c26faaa2f409eda38') in 0.000 seconds [static dependencies only]. Details - ImportResultOutputID=6a7f1eafcdb81a627586a74a505019b9 DependenciesID=52a090cc866c15018523ed746bf8807c StaticDependenciesID=ed6a528eff5f65055b00bedf58455228 
Importing 'GUID: c88e90bad18cceb5d182d0c805883056 - Path: Packages/com.unity.modules.director/package.ModuleCompilationTrigger' with importer (DefaultImporter)
Imported 'GUID: c88e90bad18cceb5d182d0c805883056' -> (Import Result ID: '88b56db61470ef8e5dee2598c8965f76') in 0.000 seconds [static dependencies only]. Details - ImportResultOutputID=5d286ef98cbac13e3d0e345aac901e4f DependenciesID=9fe04e6b981ac1886c519cc8508a5f5d StaticDependenciesID=34683c221800bed4b46509fdcd989f77 
Importing 'GUID: 1af35a910338381f753e8a985eb5daab - Path: Packages/com.unity.modules.adaptiveperformance/package.ModuleCompilationTrigger' with importer (DefaultImporter)
Imported 'GUID: 1af35a910338381f753e8a985eb5daab' -> (Import Result ID: '9d77377b2ec4e5d7ef14ed96e71fd63f') in 0.000 seconds [static dependencies only]. Details - ImportResultOutputID=949634ab36822f8ff6168fc8c25e1508 DependenciesID=229478d50bbba89d789649f693e68d89 StaticDependenciesID=b397d2b2d895f0686fbfe743749e652c 
Importing 'GUID: 2adec19fac7df68adf1fd6eb83197bb1 - Path: Packages/com.unity.modules.wind/package.ModuleCompilationTrigger' with importer (DefaultImporter)
Imported 'GUID: 2adec19fac7df68adf1fd6eb83197bb1' -> (Import Result ID: 'ccb5a51e42d25834969bc58f31c78812') in 0.000 seconds [static dependencies only]. Details - ImportResultOutputID=d94addc5fcd1dcd16d8a4aeff6e7315b DependenciesID=0b0bb029c12bc475b21befd144074eaf StaticDependenciesID=23ec4a64c7d5359b2f1c01ca01b0ee26 
Importing 'GUID: 8a752aaaadd2410dd9a84e01c1bace9f - Path: Packages/com.unity.modules.uielements/package.ModuleCompilationTrigger' with importer (DefaultImporter)
Imported 'GUID: 8a752aaaadd2410dd9a84e01c1bace9f' -> (Import Result ID: '9bbe79e6be23cf294a7e85a44717cd80') in 0.000 seconds [static dependencies only]. Details - ImportResultOutputID=f40b7d6a35d44b9d0813e881de9232d1 DependenciesID=75395805abf87b79b2479c000ddf866e StaticDependenciesID=dbfa668ffe7162da8bf99b5a155dcc22 
Importing 'GUID: 1b6246f2248883964991eac9e9b4817c - Path: Packages/com.unity.modules.umbra/package.ModuleCompilationTrigger' with importer (DefaultImporter)
Imported 'GUID: 1b6246f2248883964991eac9e9b4817c' -> (Import Result ID: '1fbaaab7c048f66010e34ddc1e69da1c') in 0.000 seconds [static dependencies only]. Details - ImportResultOutputID=007489b112d859d85ac111b51d2b96fd DependenciesID=03d8b6a5c0db90643ba251d3e7cbda0c StaticDependenciesID=4e6b9455dafa283cce58ae6ee8c0336c 
Importing 'GUID: cbb1a39d56ce4d9ac1a46ac505893fa7 - Path: Packages/com.unity.modules.terrainphysics/package.ModuleCompilationTrigger' with importer (DefaultImporter)
Imported 'GUID: cbb1a39d56ce4d9ac1a46ac505893fa7' -> (Import Result ID: 'e4f8a719d295c973f444c208f033cc38') in 0.001 seconds [static dependencies only]. Details - ImportResultOutputID=62cb9b240430335886efec9a08c66b57 DependenciesID=26627dc5fd7796c54cda83e17d601b53 StaticDependenciesID=5d175a533cd45da54a77351c373ccd17 
Importing 'GUID: db8e609a39b9b231fccc54e5fa4cbd1b - Path: Packages/com.unity.modules.animation/package.ModuleCompilationTrigger' with importer (DefaultImporter)
Imported 'GUID: db8e609a39b9b231fccc54e5fa4cbd1b' -> (Import Result ID: '1f5a4eb4c1bea2765a464e96476b9256') in 0.000 seconds [static dependencies only]. Details - ImportResultOutputID=288139cac869a1d040c89eaede133db4 DependenciesID=6a55271c2f8d6d1262fc99195f90c42b StaticDependenciesID=804c219e7325b6dbb8b72b358085a67b 
Importing 'GUID: 3cc1ebf2abb7fef6871ad48f499b6e21 - Path: Packages/com.unity.modules.vectorgraphics/package.ModuleCompilationTrigger' with importer (DefaultImporter)
Imported 'GUID: 3cc1ebf2abb7fef6871ad48f499b6e21' -> (Import Result ID: 'b692cc1bf42e93a6ba38bba605214b24') in 0.000 seconds [static dependencies only]. Details - ImportResultOutputID=a4c87958b226c4f900fbf4d18311cf6f DependenciesID=289c5a2805f5f3bd17f141d224ff3676 StaticDependenciesID=bcf2ae8a18bda4671185beb022fb4c8e 
Importing 'GUID: 5c1ee4056d0ac7ad3c5a16597fcaa38a - Path: Packages/com.unity.modules.physics/package.ModuleCompilationTrigger' with importer (DefaultImporter)
Imported 'GUID: 5c1ee4056d0ac7ad3c5a16597fcaa38a' -> (Import Result ID: 'da10249b72ef1938ae2817246359febc') in 0.000 seconds [static dependencies only]. Details - ImportResultOutputID=47c1ddfb4cd3ec43bc350d5b06504d59 DependenciesID=c1fdb786cfa5b8cd2458adb570b7e483 StaticDependenciesID=def7f60ed94eb1e3bf949e7a24d98b09 
Importing 'GUID: 8d4bc6bfa28760b29f13174d6b6ea710 - Path: Packages/com.unity.modules.subsystems/package.ModuleCompilationTrigger' with importer (DefaultImporter)
Imported 'GUID: 8d4bc6bfa28760b29f13174d6b6ea710' -> (Import Result ID: '9699ec2b1869b12b46d89bf5cdd7c9c4') in 0.000 seconds [static dependencies only]. Details - ImportResultOutputID=498ca2a2c24aa041ab5e98f608209a1b DependenciesID=f6fb4a8c9451e7fc50666daaaa63fcac StaticDependenciesID=b94d73de3d2db39dc94b181f5013b60b 
Importing 'GUID: cd561f5f687aed43bf280c27a84f79e3 - Path: Packages/com.unity.modules.screencapture/package.ModuleCompilationTrigger' with importer (DefaultImporter)
Imported 'GUID: cd561f5f687aed43bf280c27a84f79e3' -> (Import Result ID: 'fe6c3609632574e772751b1a1470e3ae') in 0.000 seconds [static dependencies only]. Details - ImportResultOutputID=3eb1964e8afbff2c421e099475927610 DependenciesID=187000d91108dd5733c47a4017161fe8 StaticDependenciesID=81108190fb4b408fcb20c546a76134da 
Importing 'GUID: ae87256f29d9c8b50490f4caf75b2c41 - Path: Packages/com.unity.modules.unitywebrequestwww/package.ModuleCompilationTrigger' with importer (DefaultImporter)
Imported 'GUID: ae87256f29d9c8b50490f4caf75b2c41' -> (Import Result ID: '48deca1ca5e5806fd98cb116530c8138') in 0.000 seconds [static dependencies only]. Details - ImportResultOutputID=79dda7a6ac07c59209ba94225ee33d24 DependenciesID=79391c27a28a0c4027778dc79f8b3d56 StaticDependenciesID=7dac5f7f16a9ff2c212f9c3517f83288 
Importing 'GUID: be13c398521e3c1ad21fb9da30ab2ab6 - Path: Packages/com.unity.modules.imgui/package.ModuleCompilationTrigger' with importer (DefaultImporter)
Imported 'GUID: be13c398521e3c1ad21fb9da30ab2ab6' -> (Import Result ID: '4bfb181c21f30d7fa0736cd84007b874') in 0.000 seconds [static dependencies only]. Details - ImportResultOutputID=68bbcc9e8372c6860b60d924cb4f595c DependenciesID=4bcf2bcb999c4f466f4fa1d587744998 StaticDependenciesID=b10ae4bbcc2865380adf6542439aaca3 
Importing 'GUID: fe6a6957b37b61417b457a1e0541791d - Path: Packages/com.unity.modules.physics2d/package.ModuleCompilationTrigger' with importer (DefaultImporter)
Imported 'GUID: fe6a6957b37b61417b457a1e0541791d' -> (Import Result ID: 'a0cc2b0b2fa3e4916c65d2e9c3d41a37') in 0.000 seconds [static dependencies only]. Details - ImportResultOutputID=007ff8c01aa675f4b695ba99a36210ad DependenciesID=0b3ab5f8d1990e5a76f706e63a612bc9 StaticDependenciesID=bf5244ee0a65aa31c2655bbde014baac 
Native extension for WindowsStandalone target not found
ScheduleIndexationOnStartup MainProcess:True IndexOnStartup:True
Mono: successfully reloaded assembly
- Finished resetting the current domain, in  0.338 seconds
Domain Reload Profiling: 640ms
	BeginReloadAssembly (180ms)
		DisableScriptedObjects (25ms)
		CreateAndSetChildDomain (32ms)
	RebuildCommonClasses (7ms)
	RebuildNativeTypeToScriptingClass (12ms)
	initialDomainReloadingComplete (32ms)
	LoadAllAssembliesAndSetupDomain (69ms)
		LoadAssemblies (75ms)
		AnalyzeDomain (9ms)
			TypeCache.Refresh (5ms)
	FinalizeReload (340ms)
		SetupLoadedEditorAssemblies (0ms)
			BeforeProcessingInitializeOnLoad (68ms)
			ProcessInitializeOnLoadAttributes (84ms)
			ProcessInitializeOnLoadMethodAttributes (51ms)
			AfterProcessingInitializeOnLoad (4ms)
		AwakeInstancesAfterBackupRestoration (21ms)
Importing 'GUID: 00000000000000005000000000000000 - Path: Library/BuildPlayer.prefs' with importer (DefaultImporter)
Imported 'GUID: 00000000000000005000000000000000' -> (Import Result ID: '968deb36040bbb7258278f93cba63355') in 0.008 seconds [static dependencies only]. Details - ImportResultOutputID=1f9c19b30680da8dab47159f77a4e657 DependenciesID=08a1ec4b674aa66bb1ce753815d843ed StaticDependenciesID=d072ca1f0d6ee50a54e7e140cc588a10 
Importing 'GUID: d2a69d63cf3e858419644a2091720f17 - Path: Assets/Free Pack/scenes/HDRP_Demo.unity' with importer (DefaultImporter)
Imported 'GUID: d2a69d63cf3e858419644a2091720f17' -> (Import Result ID: 'e547b0acf3e95df18093117e4c3aec08') in 0.003 seconds [static dependencies only]. Details - ImportResultOutputID=9a4ba2c3af8a507a825a50c74547bfd5 DependenciesID=717b0a98c70ffa11a09e8c306ab593c7 StaticDependenciesID=6f4014ba74c71b051cd183c003864d9f 
Importing 'GUID: f4e6564e8296e6c428e7886c628bdd07 - Path: Assets/Free Pack/scenes/HDRP_Overview.unity' with importer (DefaultImporter)
Imported 'GUID: f4e6564e8296e6c428e7886c628bdd07' -> (Import Result ID: 'f06d15d313c58d4572baf18d5204413f') in 0.002 seconds [static dependencies only]. Details - ImportResultOutputID=2d2cac4afbbed84a1896577028fd5ecb DependenciesID=05e09799808f0cb95de8759dc07ebe04 StaticDependenciesID=f74e2bb2fbc5b6a32016748f37def59b 
Importing 'GUID: e591867826f3ff14da56d8bee455a71a - Path: Assets/Free Pack/scenes/URP_Overview.unity' with importer (DefaultImporter)
Imported 'GUID: e591867826f3ff14da56d8bee455a71a' -> (Import Result ID: '233b1e2eafa227fed256e35b486a415b') in 0.002 seconds [static dependencies only]. Details - ImportResultOutputID=b94e7b1b61d3c5884c7552dd80578eec DependenciesID=60ec1825f51b8263ea8c0405d0a814d0 StaticDependenciesID=70d79f91bae5740fdb8d1e61c600da66 
Importing 'GUID: 0c52b24acea7a0b40945ab607dd9c793 - Path: Assets/Free Pack/scenes/Overview.unity' with importer (DefaultImporter)
Imported 'GUID: 0c52b24acea7a0b40945ab607dd9c793' -> (Import Result ID: '7df8c8188b340e4603d0d0fcd143562f') in 0.002 seconds [static dependencies only]. Details - ImportResultOutputID=8a398f72606eb5f1db49eec736b145db DependenciesID=faae2d9394dd16177e5aa9371b17385d StaticDependenciesID=32e1e660cb4bf4d52a91775b1f6e7260 
Importing 'GUID: 2cee1f238035c6648bc8e22215f4b9e7 - Path: Assets/Free Pack/scenes/URP_Demo.unity' with importer (DefaultImporter)
Imported 'GUID: 2cee1f238035c6648bc8e22215f4b9e7' -> (Import Result ID: '7f173684406e10a72da83512ae511101') in 0.002 seconds [static dependencies only]. Details - ImportResultOutputID=d2b9eff842a20f26a019c2e130b92e9b DependenciesID=7ebf9ad80fe77b78074ae9469105843e StaticDependenciesID=f6e9e6214f4bdd99c1b3ece5c1958229 
Importing 'GUID: 2ea976573cca94646b0a7bd3936324b0 - Path: Assets/Free Pack/scenes/Demo.unity' with importer (DefaultImporter)
Imported 'GUID: 2ea976573cca94646b0a7bd3936324b0' -> (Import Result ID: 'e8a5200495567fdc0dec09fe1b675206') in 0.003 seconds [static dependencies only]. Details - ImportResultOutputID=f6a1edf2e4581bd5b0229e7440274ac7 DependenciesID=0cf18a12833743f6e9f8e255bbf28da6 StaticDependenciesID=0715595da2c2d2e4e65129a335888513 
Importing 'GUID: 9fc0d4010bbf28b4594072e72b8655ab - Path: Assets/Mini Chibi Free Demo/Scenes/Mini Chibi Free Demo.unity' with importer (DefaultImporter)
Imported 'GUID: 9fc0d4010bbf28b4594072e72b8655ab' -> (Import Result ID: 'b78e21e0c6f55c08234976e3e7c6fba3') in 0.002 seconds [static dependencies only]. Details - ImportResultOutputID=252b7f0b48d772fe31219c0648565282 DependenciesID=d786ac6970ea95d36eebfe8b0bfe1b04 StaticDependenciesID=ef4a3a4cd6d7fc759410f961a378448b 
Importing 'GUID: a659150180ae3489ba41c71780ba3779 - Path: Packages/com.unity.multiplayer.center/Editor/Questionnaire/Questionnaire.questionnaire' with importer (DefaultImporter)
Imported 'GUID: a659150180ae3489ba41c71780ba3779' -> (Import Result ID: '580a350bdb2000c81a1c66bb21ce3dca') in 0.002 seconds [static dependencies only]. Details - ImportResultOutputID=d0013f3317022cee9d3e980e4260305c DependenciesID=785b553c754ad2f94817dbb8497fd5d3 StaticDependenciesID=1519a49eb17d574aabfa41609b605604 
Importing 'GUID: b66d076cdcfe3b14388de66307a0e7ff - Path: Packages/com.unity.multiplayer.center/Editor/Recommendations/RecommendationData_6000.0.recommendations' with importer (DefaultImporter)
Imported 'GUID: b66d076cdcfe3b14388de66307a0e7ff' -> (Import Result ID: '8199a959a6f41f9e9ba098e3cdd354c0') in 0.004 seconds [static dependencies only]. Details - ImportResultOutputID=c9abb0b20a8e8219707b06aa304df842 DependenciesID=815a25337000caa425885d51a35d1336 StaticDependenciesID=50828c83603ce93f6537cc98faaa9703 
Importing 'GUID: 00bf83c84210d7b4cb0474f1020d437b - Path: Assets/Free Pack/Textures/T_SM_Spoon_05_AO.png' with importer (TextureImporter)
Imported 'GUID: 00bf83c84210d7b4cb0474f1020d437b' -> (Import Result ID: 'c58c6cd008f02506d07ddb60b46bec27') in 0.190 seconds [static and dynamic dependencies]. Details - ImportResultOutputID=7c26bc0d5a61634df13d07fe8ee03681 DependenciesID=2954e87a333a76fc48cc8afbbcb4a36a StaticDependenciesID=226a1a95807793b57b31af8b9cdb26b6 
Importing 'GUID: 20bfc58edd876e94fa226e3095495b90 - Path: Assets/Free Pack/Textures/T_Candle_stand_04_MetallicSmoothness.png' with importer (TextureImporter)
Imported 'GUID: 20bfc58edd876e94fa226e3095495b90' -> (Import Result ID: '89d7bdf6595e6e8ef9ba3371ba2d19a7') in 0.279 seconds [static and dynamic dependencies]. Details - ImportResultOutputID=b34f26f361d1bfc0806a804ef66e5582 DependenciesID=52b2b52ea92fe68669f8c5e128e4bc9a StaticDependenciesID=5eb59fa2a230e2c4bcea0d9aaa38e613 
Importing 'GUID: 30e36934e9562e449b11733eb49948fb - Path: Assets/Free Pack/Textures/T_HH_Basket_04_Normal.png' with importer (TextureImporter)
Imported 'GUID: 30e36934e9562e449b11733eb49948fb' -> (Import Result ID: '9511af00facc44e4506b46def31cff83') in 0.279 seconds [static and dynamic dependencies]. Details - ImportResultOutputID=b79307f753a569d26f9edc360139331e DependenciesID=87c37f0c65de3d2cad67a606b51d68b5 StaticDependenciesID=1cb4768c03d8a9b0b29082038fe14473 
Importing 'GUID: 407619c5c19a54982b3880b5a085c597 - Path: Assets/Mini Chibi Free Demo/Readme/Icons/Readme_Builder.png' with importer (TextureImporter)
Imported 'GUID: 407619c5c19a54982b3880b5a085c597' -> (Import Result ID: '4bceb84fa7ff448e02539b1f2b6c2c16') in 0.007 seconds [static and dynamic dependencies]. Details - ImportResultOutputID=8167c93e473b61ab258ae076de5eab78 DependenciesID=cdc353c1b6e23b0b219d4429e03484f2 StaticDependenciesID=9e8cc2c3048b04ee5597148e2c2d39b6 
Importing 'GUID: 40fb165a64f0a854b98735a60d428734 - Path: Assets/Free Pack/Textures/T_EggplantDish_Normal.png' with importer (TextureImporter)
Imported 'GUID: 40fb165a64f0a854b98735a60d428734' -> (Import Result ID: 'c4563aa94e3722bc24ae8b502d40e31c') in 0.339 seconds [static and dynamic dependencies]. Details - ImportResultOutputID=e92cbbefc9382752c849c78dd7300633 DependenciesID=6a6e5ea98b77548d5ed1843ed907ac41 StaticDependenciesID=bc21085c8995ab53eea182e238877917 
Importing 'GUID: 60a56b96f3021744ca20b0613e89932b - Path: Assets/Free Pack/Textures/T_Mug_02_AO.png' with importer (TextureImporter)
Imported 'GUID: 60a56b96f3021744ca20b0613e89932b' -> (Import Result ID: 'c8daa804d060229562b024877439716d') in 0.207 seconds [static and dynamic dependencies]. Details - ImportResultOutputID=d2882945368544e292c31131b2da48aa DependenciesID=54c0cce9e5013d71fc17df106aed98db StaticDependenciesID=c6b33249b88da990e4259379296604ed 
Importing 'GUID: 60e70c34e4bcd444e80e4d3b88bbbb80 - Path: Assets/Free Pack/Textures/T_CerealBox_BaseOp.png' with importer (TextureImporter)
Imported 'GUID: 60e70c34e4bcd444e80e4d3b88bbbb80' -> (Import Result ID: 'f9de9805d921cf2ffc77c1f8e2f7a23b') in 0.249 seconds [static and dynamic dependencies]. Details - ImportResultOutputID=339288f311d4e2a9c01854c1c2a98b68 DependenciesID=33d20ecd3d3dc9d85a85f771587d93d7 StaticDependenciesID=387ad722a3da962a9f22750b510396e4 
Importing 'GUID: 60a837ecb57daae40bb7e562ccbc809f - Path: Assets/Free Pack/Textures/T_Cereal_Bowl_Normal.png' with importer (TextureImporter)
Imported 'GUID: 60a837ecb57daae40bb7e562ccbc809f' -> (Import Result ID: '24d77d88162947c7e2fe09fed9dcc60f') in 0.244 seconds [static and dynamic dependencies]. Details - ImportResultOutputID=fe28ede8cf3eee91acc795c009c90554 DependenciesID=0ca56c3145e59c805b3c2fe002cf65f7 StaticDependenciesID=f133f0087c9d7affe548465bc189d43e 
Importing 'GUID: 70cbc2ff091156e47b906c340f997747 - Path: Assets/Free Pack/Textures/T_Chair_V2_BaseOp.png' with importer (TextureImporter)
Imported 'GUID: 70cbc2ff091156e47b906c340f997747' -> (Import Result ID: '15f36209e5d6b0514421813e7f859f0c') in 0.304 seconds [static and dynamic dependencies]. Details - ImportResultOutputID=506064c1843a224b34d3b24fccd19bf9 DependenciesID=42b9d741864c8882f13cd41b2406934b StaticDependenciesID=b3fdc28062a2107676b033ccb9a16cd9 
Importing 'GUID: 90336de5a12971e419c4fa2213f2422a - Path: Assets/Free Pack/Textures/T_Dishes_BaseOp.png' with importer (TextureImporter)
Imported 'GUID: 90336de5a12971e419c4fa2213f2422a' -> (Import Result ID: 'd1068aaa20fde5f192bdabf03b9b0a97') in 0.306 seconds [static and dynamic dependencies]. Details - ImportResultOutputID=6f51d6ff4640e8c146a0379de5064aa8 DependenciesID=afc0acd2726c5a51c2e0a0b3645511d2 StaticDependenciesID=47c26445937fbebd4de22b16adbb8384 
Importing 'GUID: 905435ca92d7c4e459ac82e8fdbd702f - Path: Assets/Free Pack/Textures/T_Batch_Small_02_Normal.png' with importer (TextureImporter)
Imported 'GUID: 905435ca92d7c4e459ac82e8fdbd702f' -> (Import Result ID: '375995ee170f8311d5134edf5dc8d40e') in 0.301 seconds [static and dynamic dependencies]. Details - ImportResultOutputID=3bd7a91eeaaa8bf5179ffe14e1ce4d8d DependenciesID=c458d3aed15aa598646514f3232a9e34 StaticDependenciesID=6c08dfa15931dfcc07e8b20d676305cf 
Importing 'GUID: c0b52017d7a5b5a4896446fc517d6bd7 - Path: Assets/Free Pack/Textures/T_Lab_Wall_BaseOp.png' with importer (TextureImporter)
Imported 'GUID: c0b52017d7a5b5a4896446fc517d6bd7' -> (Import Result ID: 'b43798696148b96ca5d0f9d7d472431a') in 0.199 seconds [static and dynamic dependencies]. Details - ImportResultOutputID=b3c6e2fac80b30e2ecff91bf75e60c7f DependenciesID=685b11be9bbc041dd02bd8a525a51cc9 StaticDependenciesID=a4ddfa8e09412d2e732c3969701d6280 
Importing 'GUID: e0db912f08c8bc941838a346964b3c3a - Path: Assets/Free Pack/Textures/T_Carpet_01_Normal.png' with importer (TextureImporter)
Imported 'GUID: e0db912f08c8bc941838a346964b3c3a' -> (Import Result ID: '22396333f31a178e916920a1a394ac57') in 0.284 seconds [static and dynamic dependencies]. Details - ImportResultOutputID=07312f2927bfe8d04ea983b7e6b122fb DependenciesID=630cbc79c444c6a8c501c5413f0cbcdd StaticDependenciesID=71ac4fb9db1d262699c2f15dbc675cd6 
Importing 'GUID: f0b125903d1c74c4f981b377d4b778f6 - Path: Assets/Free Pack/Textures/T_HH_Basket_04_BaOp.png' with importer (TextureImporter)
Imported 'GUID: f0b125903d1c74c4f981b377d4b778f6' -> (Import Result ID: 'cee43552a1bfd5d2f090d3e6ba06117f') in 0.262 seconds [static and dynamic dependencies]. Details - ImportResultOutputID=30c9aca04f98205d064cf442788dd03a DependenciesID=d3e5f4b87685e9e171aed282d53d5240 StaticDependenciesID=816aa05e5b3db8948a7a3523e422e16b 
Importing 'GUID: f0dfbbfef9b7ab74390481a34770255b - Path: Assets/Free Pack/Textures/T_Table_V8_BaseOp.png' with importer (TextureImporter)
Imported 'GUID: f0dfbbfef9b7ab74390481a34770255b' -> (Import Result ID: 'fd85ca0435421320b7eb743b2b6a76bc') in 0.284 seconds [static and dynamic dependencies]. Details - ImportResultOutputID=ede17afa4db95a68bb727ffc79b543f1 DependenciesID=67e12194c8d476737430d4b4e3b61545 StaticDependenciesID=92f50739e83c46dc91cd42e76690089e 
Importing 'GUID: 01b66ed0b37f7ce45a4ed089b77357ab - Path: Assets/Free Pack/HDRP/Textures/T_SM_Spoon_05_MaskMap.png' with importer (TextureImporter)
Imported 'GUID: 01b66ed0b37f7ce45a4ed089b77357ab' -> (Import Result ID: '729edf605aad9aee5cd073e107b24bb2') in 0.228 seconds [static and dynamic dependencies]. Details - ImportResultOutputID=6c49d47d62b0a5d0dd9e34ca798ff589 DependenciesID=494b07da7f591e328d2c10cbba0a7499 StaticDependenciesID=21027c3f19687b3cc351afec78b9e057 
Importing 'GUID: 312383f8a9173164ea542eb704163bf7 - Path: Assets/Free Pack/Textures/T_HH_Basket_04_AO.png' with importer (TextureImporter)
Imported 'GUID: 312383f8a9173164ea542eb704163bf7' -> (Import Result ID: 'd4f977ef148dd2cb29fcba80653f0266') in 0.143 seconds [static and dynamic dependencies]. Details - ImportResultOutputID=96a654b8b3be9c4bec25b22d71462e79 DependenciesID=f6c5cdf34e54e41fbda0802f8209c795 StaticDependenciesID=deaa3b22e08b10d6052acf353223831d 
Importing 'GUID: 317a8ebc93fa9224595ad9878c770e6d - Path: Assets/Free Pack/Textures/T_Trim_WoodenWall_BaseOp.png' with importer (TextureImporter)
Imported 'GUID: 317a8ebc93fa9224595ad9878c770e6d' -> (Import Result ID: 'dffb949d25f2b5961149a92119bfff5d') in 0.326 seconds [static and dynamic dependencies]. Details - ImportResultOutputID=2baabac84fa6b5e032292120e9bdc407 DependenciesID=e18090dd41d0d559408f37be36b152e9 StaticDependenciesID=b9e53cf7e55bdb412211afb4b25794ce 
Importing 'GUID: 318df756abab5463e9aa361360784865 - Path: Packages/com.unity.multiplayer.center/Editor/MultiplayerCenterWindow/UI/Icons/d_PackageInstalled@2x.png' with importer (TextureImporter)
Imported 'GUID: 318df756abab5463e9aa361360784865' -> (Import Result ID: '0b8812c0134c86d78718710857ab560d') in 0.003 seconds [static and dynamic dependencies]. Details - ImportResultOutputID=db30f9493944bd8db7b9ead014f68ceb DependenciesID=125a952a0372e8a00b8ef4b3445f351e StaticDependenciesID=994ddf3ed990fa83a870b19bab9ea288 
Importing 'GUID: 312f67ce637845e46b577366c7e3f3f3 - Path: Assets/Free Pack/Textures/T_Candle_stand_04_Normal.png' with importer (TextureImporter)
Imported 'GUID: 312f67ce637845e46b577366c7e3f3f3' -> (Import Result ID: '3bc573e0729daca47b3f0025dbb50906') in 0.339 seconds [static and dynamic dependencies]. Details - ImportResultOutputID=00026a4f895b1e7a9036ea0adc6e0a17 DependenciesID=8e35e087157ea5ab69483bf24048c2f5 StaticDependenciesID=a57b6bf5f8bbac108026afeef7fff47a 
Importing 'GUID: 51823f7122691754a9789c0b9060a051 - Path: Assets/Free Pack/HDRP/Textures/T_All_Banana_MaskMap.png' with importer (TextureImporter)
Imported 'GUID: 51823f7122691754a9789c0b9060a051' -> (Import Result ID: '84404bc59a4cda773d28735cd3088567') in 0.414 seconds [static and dynamic dependencies]. Details - ImportResultOutputID=dc2387c04f3989d70014f15c7a8c8a2d DependenciesID=85214912385255b97af37fb7b1aa15d7 StaticDependenciesID=a7e179f1b4d772cb02417919ade42024 
Importing 'GUID: 81af971f342b0774cb1d21a8ad1ad1ae - Path: Assets/Free Pack/Textures/T_Candle_stand_04_BaseOp.png' with importer (TextureImporter)
Imported 'GUID: 81af971f342b0774cb1d21a8ad1ad1ae' -> (Import Result ID: 'd9667174843243d781428e065bfc3954') in 0.289 seconds [static and dynamic dependencies]. Details - ImportResultOutputID=ab42b1aef46ed8c3719c9a7b79fbfe5f DependenciesID=b40756643057223cb9cf944fd456416d StaticDependenciesID=9a14b96d802c45ba73d2e461671775aa 
Importing 'GUID: 91fabfd9594714c458e8e65064e02fe2 - Path: Assets/Free Pack/Textures/T_Marble_Top_Dining_Table_Normal.png' with importer (TextureImporter)
Imported 'GUID: 91fabfd9594714c458e8e65064e02fe2' -> (Import Result ID: '8cd635c28d50a7c32ff3717bf28051b0') in 0.210 seconds [static and dynamic dependencies]. Details - ImportResultOutputID=1b35a7aebbc74d7f36950d4c70926b1d DependenciesID=6922b23b842d6004a2e5b924da2a61d9 StaticDependenciesID=36b933d4e5570f70e5f3eebc98c11e65 
Importing 'GUID: a186f8a87ca4f4d3aa864638ad5dfb65 - Path: Assets/Mini Chibi Free Demo/Readme/Icons/Help_Icon.png' with importer (TextureImporter)
Imported 'GUID: a186f8a87ca4f4d3aa864638ad5dfb65' -> (Import Result ID: 'd1ec0c33be9437b0137cebbe3f17cdab') in 0.004 seconds [static and dynamic dependencies]. Details - ImportResultOutputID=452695e4b45c45f869088bb6cb80daa4 DependenciesID=f93d8fd0ca4e87a822b487fc5cab8de7 StaticDependenciesID=b762d6f1f2820a037d86cc1022af5fed 
Importing 'GUID: a1dbf3731f6ba454a8267a49a28e334e - Path: Assets/Free Pack/Textures/T_Trim_WoodenWall_AO.png' with importer (TextureImporter)
Imported 'GUID: a1dbf3731f6ba454a8267a49a28e334e' -> (Import Result ID: 'b369a54ca9923a5ef4af871830988293') in 0.156 seconds [static and dynamic dependencies]. Details - ImportResultOutputID=436cd961c5335181f166d5a788775e09 DependenciesID=8a929369e69309a233de200ad3815b1b StaticDependenciesID=e063d260e3a4e8a9856a5163e707ea91 
Importing 'GUID: d11dbf2fc76b7df4f81b437651b5f5b6 - Path: Assets/Free Pack/Textures/T_Apple_V4_MetallicSmoothness.png' with importer (TextureImporter)
Imported 'GUID: d11dbf2fc76b7df4f81b437651b5f5b6' -> (Import Result ID: '53a5fa9e46eb76ae0267ce6054f71ad8') in 0.447 seconds [static and dynamic dependencies]. Details - ImportResultOutputID=9f32820bc37df11d6e3547c5d784be95 DependenciesID=bf585a7cc1173db5afe28e6bb9377319 StaticDependenciesID=336799d873f8a4af7fed283a6139ce10 
Importing 'GUID: e1227a64a9c70f443915f9c65214436d - Path: Assets/Free Pack/Textures/T_Marble_Top_Dining_Table_MetallicSmoothness.png' with importer (TextureImporter)
Imported 'GUID: e1227a64a9c70f443915f9c65214436d' -> (Import Result ID: '5101a853e05c8fe6dd988120b15ce335') in 0.243 seconds [static and dynamic dependencies]. Details - ImportResultOutputID=db9b6bcaec55c630d260a19fdb51772b DependenciesID=ef75a0f6af06f3cc1fecd596dd91b204 StaticDependenciesID=632f94831abf2570da2bc22c36cac6b0 
Importing 'GUID: f12924951948f5148af53343a2f030c1 - Path: Assets/Free Pack/Textures/T_Grapes_02_Metalness Smoothness.png' with importer (TextureImporter)
Imported 'GUID: f12924951948f5148af53343a2f030c1' -> (Import Result ID: 'c97479a61f43a91a53bf38d3402e3362') in 0.254 seconds [static and dynamic dependencies]. Details - ImportResultOutputID=f9272540ce51cacede2c4580a52e0fea DependenciesID=94c9c717f56258a8cccfdb63791520d1 StaticDependenciesID=ef0462e1a68a1ee89687d12cd4de932d 
Importing 'GUID: f1f9f6721e1d6a241b39cd3cc4bf0575 - Path: Assets/Free Pack/HDRP/Textures/T_Dishes_MaskMap.png' with importer (TextureImporter)
Imported 'GUID: f1f9f6721e1d6a241b39cd3cc4bf0575' -> (Import Result ID: '46ea417e3f47f98283a6738065be28d4') in 0.315 seconds [static and dynamic dependencies]. Details - ImportResultOutputID=75c8d6056ebcff7aa48f98668ab43d8d DependenciesID=1edfb4fee107971bfd9bb0a1cc57bcee StaticDependenciesID=76ae4891f7021bfde77e610410f19508 
Importing 'GUID: 02463d0fc6f4b8e4382c5e3df92e9120 - Path: Assets/Free Pack/Textures/T_SM_Plate_MetallicSmoothness.png' with importer (TextureImporter)
Imported 'GUID: 02463d0fc6f4b8e4382c5e3df92e9120' -> (Import Result ID: '586113956e3119eccea254cfd1e7c19f') in 0.238 seconds [static and dynamic dependencies]. Details - ImportResultOutputID=fb9f03eb10731ef3c4cdc50250295d33 DependenciesID=57b901185ebee36b563602dfcdcfc030 StaticDependenciesID=6ac55454b69915f97641cf2766412f7e 
Importing 'GUID: 2289ef6194181ec42a0ba42bbf605d89 - Path: Assets/Free Pack/Textures/T_Candle_stand_05_BaseOp.png' with importer (TextureImporter)
Imported 'GUID: 2289ef6194181ec42a0ba42bbf605d89' -> (Import Result ID: '8dde2e8e9ed3404391dcef32e003ddf8') in 0.294 seconds [static and dynamic dependencies]. Details - ImportResultOutputID=cebe322a8ae62a043bbedb8e09617108 DependenciesID=9311476e289fbc4ba4eb5341bf325421 StaticDependenciesID=74b15e417327f0dc34c4d666dc394ba3 
Importing 'GUID: 424a8de5def3b46dcb08edd00ad1c7bd - Path: Packages/com.unity.multiplayer.center/Editor/MultiplayerCenterWindow/UI/Icons/Loading.png' with importer (TextureImporter)
Imported 'GUID: 424a8de5def3b46dcb08edd00ad1c7bd' -> (Import Result ID: '651dde2b2a08a9f9a92a7ea21b9179b5') in 0.004 seconds [static and dynamic dependencies]. Details - ImportResultOutputID=466ed2d140107ef8f75f3d811bce8edd DependenciesID=da18b5302e35ce8002c5bfa5ba5fef3d StaticDependenciesID=e7f8e6e0ca85f50a38335e04082f640c 
Importing 'GUID: 525a6cca8dd9a4d28875a8fe824710d9 - Path: Packages/com.unity.multiplayer.center/Editor/MultiplayerCenterWindow/UI/Icons/d_Package.png' with importer (TextureImporter)
Imported 'GUID: 525a6cca8dd9a4d28875a8fe824710d9' -> (Import Result ID: '780c11e1a920bce38e50b69ae4d330d0') in 0.004 seconds [static and dynamic dependencies]. Details - ImportResultOutputID=ea4a85379db69851648496b826b2dbc6 DependenciesID=34a923043c605a83d375f86f5e2b7424 StaticDependenciesID=553cc11af2f1ff7b408e25c0bb279e58 
Importing 'GUID: a23c0dd570fd44b57a03a8880002fcca - Path: Packages/com.unity.multiplayer.center/Editor/MultiplayerCenterWindow/UI/Icons/CloudCode@2x.png' with importer (TextureImporter)
Imported 'GUID: a23c0dd570fd44b57a03a8880002fcca' -> (Import Result ID: 'c104877f9b943b0783a2d8b5db810e7f') in 0.003 seconds [static and dynamic dependencies]. Details - ImportResultOutputID=cb039323097108a83c98371068eb3231 DependenciesID=9458037a08d939bf1612210556f80321 StaticDependenciesID=cd2c565f0bddc8807d22f0d55ee071b9 
Importing 'GUID: b2ce704e56cc84fb3b347499263c6244 - Path: Packages/com.unity.multiplayer.center/Editor/MultiplayerCenterWindow/UI/Icons/ClientHosted.png' with importer (TextureImporter)
Imported 'GUID: b2ce704e56cc84fb3b347499263c6244' -> (Import Result ID: '467e23090198f03523ef8b22d5ced07d') in 0.003 seconds [static and dynamic dependencies]. Details - ImportResultOutputID=8543dfcab3d33c5b757ae8aac672f535 DependenciesID=1f5d265af9127a576d62689dcbe972a2 StaticDependenciesID=a5c982f0566f7588ed06ff82e20583d9 
Importing 'GUID: 0354877031b64465ea7e5cafea1a2653 - Path: Packages/com.unity.multiplayer.center/Editor/MultiplayerCenterWindow/UI/Icons/DistributedAuthority@2x.png' with importer (TextureImporter)
Imported 'GUID: 0354877031b64465ea7e5cafea1a2653' -> (Import Result ID: '72e81d912771ac24998edbe0ab8a2ed4') in 0.003 seconds [static and dynamic dependencies]. Details - ImportResultOutputID=f4846d451daca11866d0a84a75402e74 DependenciesID=35edc040d03950bef72b114a7c21931d StaticDependenciesID=7a26d18c570496633d8416de9c0690d0 
Importing 'GUID: 83b28bcaaf34b4fd580114fb05d9f160 - Path: Packages/com.unity.multiplayer.center/Editor/MultiplayerCenterWindow/UI/Icons/NGO@2x.png' with importer (TextureImporter)
Imported 'GUID: 83b28bcaaf34b4fd580114fb05d9f160' -> (Import Result ID: '2d6ab97d4dba38bcdeb524649fc9c3d4') in 0.003 seconds [static and dynamic dependencies]. Details - ImportResultOutputID=ad7a6a16792a75b2d5bdf4ccc143f0c2 DependenciesID=0605ea7032d06dd33d276214c6aff1d4 StaticDependenciesID=0c80a11316f1711d1708e29f31f0eb0d 
Importing 'GUID: 833d732be5af4614eaadb0b671d3b4ed - Path: Assets/Free Pack/Textures/T_Demo_Batch_01_Normal.png' with importer (TextureImporter)
Imported 'GUID: 833d732be5af4614eaadb0b671d3b4ed' -> (Import Result ID: 'dba40ae7235b75642e6423612eb14f4c') in 0.203 seconds [static and dynamic dependencies]. Details - ImportResultOutputID=80eb96e823566c3be7ecc0165d831985 DependenciesID=d6ccc3dcdcafda887c00ef0f929272ee StaticDependenciesID=588c114de4bd87cfce08f734d0fcf3a8 
Importing 'GUID: a366396a9b618b1469a00b06260ee36a - Path: Assets/Free Pack/Textures/T_SM_Plate_AO.png' with importer (TextureImporter)
Imported 'GUID: a366396a9b618b1469a00b06260ee36a' -> (Import Result ID: '0139c2579c5ef56387f98f2139cf82b8') in 0.223 seconds [static and dynamic dependencies]. Details - ImportResultOutputID=cdaad9e1b93a6ea1fe1236fb9ddcaeae DependenciesID=42876ae48d330de3730fb2145f8b6146 StaticDependenciesID=664c271942ae25ce0a9e5477edf12d88 
Importing 'GUID: a33a2f163783c344d8be18706a399803 - Path: Assets/Free Pack/Textures/T_FC_RK_Batch_02_Emissive.png' with importer (TextureImporter)
Imported 'GUID: a33a2f163783c344d8be18706a399803' -> (Import Result ID: 'a4fadf671a52907ec2b082ed87f25bcd') in 0.125 seconds [static and dynamic dependencies]. Details - ImportResultOutputID=a730b50a40018134daba03203c99a94f DependenciesID=eff4e1ad1b664c34502e899084c849bd StaticDependenciesID=e4bf319cd8d4a752aa46ca7f49593ad6 
Importing 'GUID: b3fb97b1fc7ee4b4d9f6cefed9efed4f - Path: Assets/Free Pack/Textures/T_Carpet_01_BaseOp.png' with importer (TextureImporter)
Imported 'GUID: b3fb97b1fc7ee4b4d9f6cefed9efed4f' -> (Import Result ID: 'c60d4e784dd0d1c996632af63c1e2d90') in 0.304 seconds [static and dynamic dependencies]. Details - ImportResultOutputID=173074436865f53db374a1f7a54b7b4f DependenciesID=75c343721c002f871d40892486124e63 StaticDependenciesID=4a5704fb5e08489a01e775c369fa5442 
Importing 'GUID: e3a09ad66cadce34dacd0672649e9b3b - Path: Assets/Free Pack/Textures/T_Lab_Wall_AO.png' with importer (TextureImporter)
Imported 'GUID: e3a09ad66cadce34dacd0672649e9b3b' -> (Import Result ID: 'aef899b7473f5232714f5c89a255c22f') in 0.193 seconds [static and dynamic dependencies]. Details - ImportResultOutputID=30eafdad88c4119a8f02dee9cda36ad6 DependenciesID=d369382d36d19a9b588ddc8ec34e09a1 StaticDependenciesID=b29e88556490a5cac844282a39dfaa3c 
Importing 'GUID: e39c9a77878f5d54aae75b033b98ff75 - Path: Assets/Free Pack/HDRP/Textures/T_Jar_07_MaskMap.png' with importer (TextureImporter)
Imported 'GUID: e39c9a77878f5d54aae75b033b98ff75' -> (Import Result ID: '3de84b05bba9dd85b7c6322fdee30a35') in 0.323 seconds [static and dynamic dependencies]. Details - ImportResultOutputID=12cd23e80ae2bb5033abbf049cb017c3 DependenciesID=796732752ac0c50aa049319172d4370c StaticDependenciesID=97061b28b6f3154d7b3dd783bda21d64 
Importing 'GUID: e38e251954c27a94084c1352db714d31 - Path: Assets/Free Pack/Textures/T_Candle_stand_04_AO.png' with importer (TextureImporter)
Imported 'GUID: e38e251954c27a94084c1352db714d31' -> (Import Result ID: 'e46927ae8b91add7a9c34610fb4f9d34') in 0.167 seconds [static and dynamic dependencies]. Details - ImportResultOutputID=1fd5ca91f6776438e1dd08cbd18b6c0f DependenciesID=f1604bac2ed5cec463bd460b6496511a StaticDependenciesID=20f23e82fe52343f29e78d7de4fd5857 
Importing 'GUID: f3474a0534dafa24d801f50b758ac286 - Path: Assets/Free Pack/HDRP/Textures/T_Batch_Small_01_MaskMap.png' with importer (TextureImporter)
Imported 'GUID: f3474a0534dafa24d801f50b758ac286' -> (Import Result ID: 'd0d937db92479d312e5c8adaf1e53f96') in 0.342 seconds [static and dynamic dependencies]. Details - ImportResultOutputID=29eea08a07f1b6dc6a90db48fdf2382f DependenciesID=8313a29f6b70a98f8dd0397ec30a1c0d StaticDependenciesID=9a3cf7a29f2f64b312199fd8f886566a 
Importing 'GUID: 04028a7ee3e7dba45a43275b0427bf18 - Path: Assets/Free Pack/Textures/T_Dishes_Normal.png' with importer (TextureImporter)
Imported 'GUID: 04028a7ee3e7dba45a43275b0427bf18' -> (Import Result ID: '45a2c9452e4a318a95362643034d9f76') in 0.291 seconds [static and dynamic dependencies]. Details - ImportResultOutputID=8f957e81f64a4dad0e8eb3827b8aa3c5 DependenciesID=897e251aef6a3ba80ccee1a45df670e4 StaticDependenciesID=6fcfdf17d8ef7be2265e094743d00b27 
Importing 'GUID: 0423146d9f51c4563a0f2a8200b6cd38 - Path: Packages/com.unity.multiplayer.center/Editor/MultiplayerCenterWindow/UI/Icons/PackageInstalled@2x.png' with importer (TextureImporter)
Imported 'GUID: 0423146d9f51c4563a0f2a8200b6cd38' -> (Import Result ID: '91b329350daa23fd54a42bfe71282f57') in 0.003 seconds [static and dynamic dependencies]. Details - ImportResultOutputID=969587fa5cf326d9ec8a8111b75f7ac4 DependenciesID=39e523f0401ecf71f82225e8fb9f369c StaticDependenciesID=0e797135db43cb7741aa130f58e2ca62 
Importing 'GUID: 14a09c6fcc04cb2478667d753d30e293 - Path: Assets/Free Pack/Textures/T_Trim_WoodenWall_Normal.png' with importer (TextureImporter)
Imported 'GUID: 14a09c6fcc04cb2478667d753d30e293' -> (Import Result ID: 'd4509691b6abdcb25e528a04133a31aa') in 0.219 seconds [static and dynamic dependencies]. Details - ImportResultOutputID=8d3dfed4ea4b2ae4b6757ebc1d3a7fb5 DependenciesID=e977b03fa1268f054983397b03894a8c StaticDependenciesID=873e6f6fa1d2741c09d54e660e70855e 
Importing 'GUID: 2417b5bd72595b343a5049d31484f12f - Path: Assets/Free Pack/HDRP/Textures/T_CS_Batch_01_MaskMap.png' with importer (TextureImporter)
Imported 'GUID: 2417b5bd72595b343a5049d31484f12f' -> (Import Result ID: '5a3d64f86fa58bbcc25919ed2651e21f') in 0.295 seconds [static and dynamic dependencies]. Details - ImportResultOutputID=a5851eb676a1bc4b627b293d3a17b6e4 DependenciesID=50b3fd2d6c1096b077b6ad9469a10157 StaticDependenciesID=5db89fca3b3e9934cae570657dc24d29 
Importing 'GUID: 343520c80c38fde448564717b4ef886b - Path: Assets/Free Pack/Textures/T_All_Banana_MetallicSmoothness.png' with importer (TextureImporter)
Imported 'GUID: 343520c80c38fde448564717b4ef886b' -> (Import Result ID: '768ab7f20649cd1114cf86fbd26cff5f') in 0.338 seconds [static and dynamic dependencies]. Details - ImportResultOutputID=a967b5a5997246a38ba031aeb8b269a8 DependenciesID=985c3a4c6cacbb781bcd06e04ae18cd6 StaticDependenciesID=a5622d2edb3a63924d3bb120788e6690 
Importing 'GUID: 34e9e7101151ff444b82fe0680266cba - Path: Assets/Free Pack/Textures/T_CS_Batch_01_AO.png' with importer (TextureImporter)
Imported 'GUID: 34e9e7101151ff444b82fe0680266cba' -> (Import Result ID: '9a2f1f1d9eecbbeab2524a16c54b8bbc') in 0.254 seconds [static and dynamic dependencies]. Details - ImportResultOutputID=8e3bf461551fdbf73dfb966369ee81c6 DependenciesID=af7adfdd897edc697f11884975844756 StaticDependenciesID=4ab1b7c5785ebb892b9c84b955174140 
Importing 'GUID: 344bde1ff774aec4d8b7d6f629633965 - Path: Assets/Free Pack/HDRP/Textures/T_Lab_Wall_MaskMap.png' with importer (TextureImporter)
Imported 'GUID: 344bde1ff774aec4d8b7d6f629633965' -> (Import Result ID: 'fa14f03815b787098b42d647c990fddd') in 0.216 seconds [static and dynamic dependencies]. Details - ImportResultOutputID=ea552f43a1333fa3b24a3ecf6e310649 DependenciesID=0fd38fe7be8d5d85184d71d1549bbfc4 StaticDependenciesID=65a0dff548b5880bb3cd30ee60b41a59 
Importing 'GUID: 542bf4e5724e0d44a9db77926bcc12c0 - Path: Assets/Free Pack/Textures/T_Bulk2_MetallicSmoothness.png' with importer (TextureImporter)
Imported 'GUID: 542bf4e5724e0d44a9db77926bcc12c0' -> (Import Result ID: '786c901b1243715b8c074db3a0e3b70f') in 0.255 seconds [static and dynamic dependencies]. Details - ImportResultOutputID=7b255399e751b13b68330103edb859a2 DependenciesID=36a550474029f3c90c932904d22c9172 StaticDependenciesID=46552b322f90899f4cd88894df615108 
Importing 'GUID: 547c494a67d843045a68432fa0c82334 - Path: Assets/Free Pack/HDRP/Textures/T_Grapes_02_MaskMap.png' with importer (TextureImporter)
Imported 'GUID: 547c494a67d843045a68432fa0c82334' -> (Import Result ID: '085d5ab0c66cdf12dbd3933aec62a535') in 0.305 seconds [static and dynamic dependencies]. Details - ImportResultOutputID=91ecbcf97e0c7dc7f3db08b28cefce47 DependenciesID=11cd74599dda779a2c17227ecdd9d304 StaticDependenciesID=87ff700f3173a1479e91053d0bf1e1bc 
Importing 'GUID: 6445424529f13a24e9e5153f5bc15319 - Path: Assets/Free Pack/HDRP/Textures/T_Demo_Batch_01_MaskMap.png' with importer (TextureImporter)
Imported 'GUID: 6445424529f13a24e9e5153f5bc15319' -> (Import Result ID: 'b564d12a0f73b48ab3f22a7d5fddf2fe') in 0.201 seconds [static and dynamic dependencies]. Details - ImportResultOutputID=112ada1780f1956b13491c4d17a6a9a1 DependenciesID=48bb52bf2743c268e3459e6fd0d5dd18 StaticDependenciesID=652cd1b794665fbe959106b3d11feccd 
Importing 'GUID: 74a1338ea96a19e41bf2127e3e8ce4e9 - Path: Assets/Free Pack/Textures/T_Fridge_MetallicSmoothness.png' with importer (TextureImporter)
Imported 'GUID: 74a1338ea96a19e41bf2127e3e8ce4e9' -> (Import Result ID: '38a085b901ba1eb792fa7bf6cfb472f6') in 0.209 seconds [static and dynamic dependencies]. Details - ImportResultOutputID=367063926eed3ed7ca3898c81c95c10e DependenciesID=820df61c4d5bd88068f52b2098af1de0 StaticDependenciesID=8432812bca0387bed1311dbef5064168 
Importing 'GUID: 741761e72e6f24446bd8ba03ea3d0261 - Path: Packages/com.unity.multiplayer.center/Editor/MultiplayerCenterWindow/UI/Icons/d_Questionnaire.png' with importer (TextureImporter)
Imported 'GUID: 741761e72e6f24446bd8ba03ea3d0261' -> (Import Result ID: '0c1217c8bc988713cd3caecc0be733de') in 0.003 seconds [static and dynamic dependencies]. Details - ImportResultOutputID=a5c17e9348711047638049f222e0f15d DependenciesID=867c5924523e156d8de695f084bd5a34 StaticDependenciesID=91f00ec7e32ded106f570485156ea0ea 
Importing 'GUID: 84e4bbd00035e4671bf14e0380a89001 - Path: Packages/com.unity.multiplayer.center/Editor/MultiplayerCenterWindow/UI/Icons/EmptyViewIcon.png' with importer (TextureImporter)
Imported 'GUID: 84e4bbd00035e4671bf14e0380a89001' -> (Import Result ID: '25a466c30242f5a65c481e1f6ce123da') in 0.005 seconds [static and dynamic dependencies]. Details - ImportResultOutputID=bcbf5c2d4dcd7a8cf70efc04863cd80c DependenciesID=c768a4b3dda513351a1b755cd094ddaf StaticDependenciesID=4e8b2bc13a3f2af4e692da90342930d6 
Importing 'GUID: 84282679339f73345b91682fee6c7301 - Path: Assets/Free Pack/Textures/T_Fridge_BaseOp.png' with importer (TextureImporter)
Imported 'GUID: 84282679339f73345b91682fee6c7301' -> (Import Result ID: '7447181c4ea6affec2836542957bea47') in 0.175 seconds [static and dynamic dependencies]. Details - ImportResultOutputID=16448cdd024a429a1e47dd669fffedf6 DependenciesID=d35d4a3c9081fcead76c19624c65551e StaticDependenciesID=885eb79a75ab1ee8b312b9200284abc5 
Importing 'GUID: 9431e8221045c4af189b2fa7174b9e9f - Path: Packages/com.unity.multiplayer.center/Editor/MultiplayerCenterWindow/UI/Icons/PackageManager@2x.png' with importer (TextureImporter)
Imported 'GUID: 9431e8221045c4af189b2fa7174b9e9f' -> (Import Result ID: '757560440c463eab7b0e7755d8cbca1b') in 0.003 seconds [static and dynamic dependencies]. Details - ImportResultOutputID=810eee99b1c59dc7120f2ae2b307b2ed DependenciesID=43435af6ed5c53ca9061fc6e739330c1 StaticDependenciesID=6aa2e2ba0d15d3a8665f77e7892bb597 
Importing 'GUID: f4949426a1eb55647910afb267c459d0 - Path: Assets/Free Pack/Textures/T_EggplantDish_AO.png' with importer (TextureImporter)
Imported 'GUID: f4949426a1eb55647910afb267c459d0' -> (Import Result ID: '0ad3c1314cd4ff8e90714cc6e5fc7ee3') in 0.144 seconds [static and dynamic dependencies]. Details - ImportResultOutputID=24fc02f667df258d45d539214c17819a DependenciesID=1c77bd7f638974b87a10550cd595b82a StaticDependenciesID=a9cad5afeede12f434ba465cdca6527f 
Importing 'GUID: 15251d7cecfe2b44baf1c122357b5cea - Path: Assets/Free Pack/Textures/T_Batch_Small_01_BaseOp.png' with importer (TextureImporter)
Imported 'GUID: 15251d7cecfe2b44baf1c122357b5cea' -> (Import Result ID: '6a60faf83f92e5a74006d5cae05a36aa') in 0.304 seconds [static and dynamic dependencies]. Details - ImportResultOutputID=f41cfbe0b32b05f430d9e0605e799cc6 DependenciesID=3033e20292431c38b87f33a2fc6d97ce StaticDependenciesID=adacfd307db71adb2c7405305d1356ab 
Importing 'GUID: 3556336b77005d24d9fc8daa7d8e465c - Path: Assets/Free Pack/Textures/T_Fridge_Normal.png' with importer (TextureImporter)
Imported 'GUID: 3556336b77005d24d9fc8daa7d8e465c' -> (Import Result ID: 'f86898da6b22b8cd9b3b2d12dc3f508a') in 0.192 seconds [static and dynamic dependencies]. Details - ImportResultOutputID=f567d9e12ede0f2922f56bb53c2af684 DependenciesID=99b75d92f5b55f38025d2006e7248175 StaticDependenciesID=8e62d0b6df844b0ac7b1ae1eb19371d6 
Importing 'GUID: 75cb882384b7f18419f0531ee6221c87 - Path: Assets/Free Pack/Textures/T_Grapes_02_AO.png' with importer (TextureImporter)
Imported 'GUID: 75cb882384b7f18419f0531ee6221c87' -> (Import Result ID: 'efd9e673bc263d85c7ff5c31a1bfd7d4') in 0.240 seconds [static and dynamic dependencies]. Details - ImportResultOutputID=f7b93a6ab6ee4fa70c740b3373a58d45 DependenciesID=bbbdf23b321061f60e031790829d795d StaticDependenciesID=ffb44771e75fe91b94327428870cc59a 
Importing 'GUID: 954c9f48ed2ebcc4e8382961a8eb8068 - Path: Assets/Free Pack/Textures/T_Carpet_01_MetallicSmoothness.png' with importer (TextureImporter)
Imported 'GUID: 954c9f48ed2ebcc4e8382961a8eb8068' -> (Import Result ID: 'c01e0c30881a42b718c84eda7dce830a') in 0.322 seconds [static and dynamic dependencies]. Details - ImportResultOutputID=334265ba45d4ae9aa7e9816b9f86ef97 DependenciesID=bcb1ffac42a08ba3ffb312e9d85f7b3b StaticDependenciesID=481684ce49b27f9d9ce3b5b276d46d26 
Importing 'GUID: a5b7cd99e8934e34ab9c84349555849c - Path: Assets/Free Pack/Textures/T_Grapes_02_BaseOP.png' with importer (TextureImporter)
Imported 'GUID: a5b7cd99e8934e34ab9c84349555849c' -> (Import Result ID: '463fd0e2e8b5a48d828b98d47c1be3bf') in 0.308 seconds [static and dynamic dependencies]. Details - ImportResultOutputID=dc84ee07db52b151039a6627834631bf DependenciesID=d07ebb60df0acc92a6e73853adb218ac StaticDependenciesID=e0c9d7c4478ec8f0f227e089f88fb6ac 
Importing 'GUID: b56328890990dbc47b09b4ac2725f306 - Path: Assets/Free Pack/Textures/T_Bulk2_Normal.png' with importer (TextureImporter)
Imported 'GUID: b56328890990dbc47b09b4ac2725f306' -> (Import Result ID: '4417780a85b59ca13b609f6b7795626e') in 0.248 seconds [static and dynamic dependencies]. Details - ImportResultOutputID=57df8d3193ce5ff33a083170a8596f1b DependenciesID=8a3ceddba57a14e168d1a428dd000d3c StaticDependenciesID=6e711548b45b99685c8ee572bd95dd6e 
Importing 'GUID: b58a826ca804e4c67bab4283ad5a6102 - Path: Packages/com.unity.multiplayer.center/Editor/MultiplayerCenterWindow/UI/Icons/NoNetcode@2x.png' with importer (TextureImporter)
Imported 'GUID: b58a826ca804e4c67bab4283ad5a6102' -> (Import Result ID: 'd02a9c3b2eae35621f6b7d375471e8cb') in 0.004 seconds [static and dynamic dependencies]. Details - ImportResultOutputID=f046d0791ab60c2837f19e982d97466f DependenciesID=d4cc31c8c928d8ce9f6c8eb9bf79879c StaticDependenciesID=273d7b9c984888e87075ae09e06d38d0 
Importing 'GUID: 06e3be8ce7ff18844bd62e85ef3557b3 - Path: Assets/Free Pack/HDRP/Textures/T_EggplantDish_MaskMap.png' with importer (TextureImporter)
Imported 'GUID: 06e3be8ce7ff18844bd62e85ef3557b3' -> (Import Result ID: '2143539d9f655284153c3e12a92f977a') in 0.265 seconds [static and dynamic dependencies]. Details - ImportResultOutputID=6f4741dbf3c37a5cce457ed11c5b4d74 DependenciesID=f09d29567bfe745acea1154d7503fa89 StaticDependenciesID=aab16855f36de8e3a555b780b1f17bb3 
Importing 'GUID: 16e17c291f47fe4449cceb660da82997 - Path: Assets/Free Pack/HDRP/Textures/T_Chair_V2_MaskMap.png' with importer (TextureImporter)
Imported 'GUID: 16e17c291f47fe4449cceb660da82997' -> (Import Result ID: '04541ac981092a690febbd9e566aff07') in 0.251 seconds [static and dynamic dependencies]. Details - ImportResultOutputID=a4c36d4697f377a2bd0e689cd98b8047 DependenciesID=af2ee6fc1d35dd98d6ca7852ad1ac395 StaticDependenciesID=4debc3a213bba5a381ce2f5d5c91e7e7 
Importing 'GUID: 26daa1bcb3453314fa03ab27c579ad77 - Path: Assets/Free Pack/Textures/T_Lab_Wall_Normal.png' with importer (TextureImporter)
Imported 'GUID: 26daa1bcb3453314fa03ab27c579ad77' -> (Import Result ID: '857b68427e3e5d091ab309caac37b4a7') in 0.265 seconds [static and dynamic dependencies]. Details - ImportResultOutputID=185c294268057b54bed98f417b051d1c DependenciesID=ed27442340f2366a9bf4cf5b4f3fb39d StaticDependenciesID=662f71b61a913a86ea885a299c97fcc7 
Importing 'GUID: 3634bf3d66e75114e955e413cd85d2ce - Path: Assets/Mini Chibi Free Demo/Materials/mini_chibi_texture_256.png' with importer (TextureImporter)
Imported 'GUID: 3634bf3d66e75114e955e413cd85d2ce' -> (Import Result ID: '350b22adf61a72b088c43cf7b3d0374d') in 0.005 seconds [static and dynamic dependencies]. Details - ImportResultOutputID=a2cf9f4029514694bf1c3f64ca664e09 DependenciesID=6bac37faf3517d2345d8a69771cb7aa1 StaticDependenciesID=5161e58278345da265f6c54ceea225da 
Importing 'GUID: 362f9a1e76dd8c1418de811036523626 - Path: Assets/Free Pack/Textures/T_Dishes_AO.png' with importer (TextureImporter)
Imported 'GUID: 362f9a1e76dd8c1418de811036523626' -> (Import Result ID: '5e0acf0da709527fa4706c770d34fa06') in 0.161 seconds [static and dynamic dependencies]. Details - ImportResultOutputID=0fa8110a775de16f400b96f7160100d5 DependenciesID=6544f219c9b9221bba0ae6cbbfe7d51b StaticDependenciesID=4ae2b4c74a97f14d3301a8fcf2ac2561 
Importing 'GUID: 4616b2fa4acd1429e931835b80966c2a - Path: Packages/com.unity.multiplayer.center/Editor/MultiplayerCenterWindow/UI/Icons/PackageInstalled.png' with importer (TextureImporter)
Imported 'GUID: 4616b2fa4acd1429e931835b80966c2a' -> (Import Result ID: '1a937d9902e448ab0f410d86ea3a6f1a') in 0.003 seconds [static and dynamic dependencies]. Details - ImportResultOutputID=525dca153737c52caec77c056354d568 DependenciesID=f4f942bb1b3e33ea772b0e0bd86fd5dd StaticDependenciesID=bfcafe4a94b544a99142edc22ba0680a 
Importing 'GUID: 6679fce512dd98644818c3c96cac456f - Path: Assets/Free Pack/Textures/T_FC_RK_Batch_02_MetallicSmoothness.png' with importer (TextureImporter)
Imported 'GUID: 6679fce512dd98644818c3c96cac456f' -> (Import Result ID: '3a4abfa1fb89322e8723cb2b2a4d2f3a') in 0.296 seconds [static and dynamic dependencies]. Details - ImportResultOutputID=607df4f1b95f9ce819a1ea2bffbf976a DependenciesID=dae2335feafad4c695778a54bfdce31d StaticDependenciesID=46c70557e12d8f082e8384397206a0fe 
Importing 'GUID: 7651e1daf22853b4099456aa8464e41f - Path: Assets/Free Pack/HDRP/Textures/T_Table_V8_MaskMap.png' with importer (TextureImporter)
Imported 'GUID: 7651e1daf22853b4099456aa8464e41f' -> (Import Result ID: '6087248df5ddf1c6d8f0d7a89948f022') in 0.265 seconds [static and dynamic dependencies]. Details - ImportResultOutputID=8fbc36fb0205f002fd7013f7c3fcd4fb DependenciesID=c811b98a4f1dfc2c0bdca881b3362a7d StaticDependenciesID=f6a19f41bff9be722e3c330ce6c52cd0 
Importing 'GUID: 86ff0dd3bcb7f5844ad6527a0000e3aa - Path: Assets/Free Pack/Textures/T_Apple_V4_AO.png' with importer (TextureImporter)
Imported 'GUID: 86ff0dd3bcb7f5844ad6527a0000e3aa' -> (Import Result ID: 'c363490eb436facd87370a26c5c452c4') in 0.309 seconds [static and dynamic dependencies]. Details - ImportResultOutputID=be6dc595cae9a38a369fc2388fb25e78 DependenciesID=7063c759b500ec568257891007541c6a StaticDependenciesID=2b8e11a30cd47d13158064488edb49f7 
Importing 'GUID: a682899d2b720794599688777cb100a3 - Path: Assets/Free Pack/Textures/T_Jar_07_BaseOp.png' with importer (TextureImporter)
Imported 'GUID: a682899d2b720794599688777cb100a3' -> (Import Result ID: '94e0ce822cf73756e7416d8dcfb6392c') in 0.286 seconds [static and dynamic dependencies]. Details - ImportResultOutputID=84d8d0a54d3b9ea4556e98da9c86c51b DependenciesID=19d4ace37bf032fe88fd3d8b470bbe3e StaticDependenciesID=6ec6e7a5cfb19568f9cd2e031ca02cd6 
Importing 'GUID: a6553e0170b6b6a48acb0086418d0876 - Path: Assets/Free Pack/HDRP/Textures/T_Fridge_MaskMap.png' with importer (TextureImporter)
Imported 'GUID: a6553e0170b6b6a48acb0086418d0876' -> (Import Result ID: '6858695d6b5dfe38cc3e84951f3fd368') in 0.209 seconds [static and dynamic dependencies]. Details - ImportResultOutputID=12c3a55a332db533fdc4d25f268dad23 DependenciesID=6db1308a2600abfe2f465e350d98b80c StaticDependenciesID=d93f8eb34678c9fff8df1beb99d3fa1b 
Importing 'GUID: a6fd0c627f5aa48fa81512221e70a11e - Path: Packages/com.unity.multiplayer.center/Editor/MultiplayerCenterWindow/UI/Icons/d_PackageManager@2x.png' with importer (TextureImporter)
Imported 'GUID: a6fd0c627f5aa48fa81512221e70a11e' -> (Import Result ID: 'd72bd4f63c7c60561d252c1e754b8ee4') in 0.003 seconds [static and dynamic dependencies]. Details - ImportResultOutputID=774fb98183e49d50cbd0e04310e9d423 DependenciesID=4b71e4020f61c3e7f912996eaa3b71d9 StaticDependenciesID=49339ea4a8bc73fc38f8ff06cc204955 
Importing 'GUID: b662c20f8d10bf649a04fc57c6be5666 - Path: Assets/Free Pack/HDRP/Textures/T_Candle_stand_05_MaskMap.png' with importer (TextureImporter)
Imported 'GUID: b662c20f8d10bf649a04fc57c6be5666' -> (Import Result ID: '21de95dfd8c8879b919294dda6ecca26') in 0.317 seconds [static and dynamic dependencies]. Details - ImportResultOutputID=c99597cf8e30e544f4716ad41cb2d1b9 DependenciesID=f5d1186b02515cd1e6b80bdb88d99832 StaticDependenciesID=836928b7e0c9138b965cf6bea882d6a2 
Importing 'GUID: b66527673826d9545bf8155628737b6b - Path: Assets/Free Pack/Textures/T_BottleBulk_01_Normal.png' with importer (TextureImporter)
Imported 'GUID: b66527673826d9545bf8155628737b6b' -> (Import Result ID: 'e4400fd140ef517d1ffc56e0c006998b') in 0.252 seconds [static and dynamic dependencies]. Details - ImportResultOutputID=4fe7b5a38bef838cbb2ce7236d6e4f4e DependenciesID=73dab6eeb4c797efec5310b1d53c89f7 StaticDependenciesID=3535e3da874deff944aa69014868aab5 
Importing 'GUID: b627f8389b42371489513b959e80cd42 - Path: Assets/Free Pack/Textures/T_All_Banana_Normal.png' with importer (TextureImporter)
Imported 'GUID: b627f8389b42371489513b959e80cd42' -> (Import Result ID: 'be86f7299eb5e945794df6897928bdd0') in 0.497 seconds [static and dynamic dependencies]. Details - ImportResultOutputID=b79bae48d9655c236e6e199776afe326 DependenciesID=26e7a3f0301438cf9d3cbee99fca6acd StaticDependenciesID=a29762c1603c363dfdcdef27e68bf803 
Importing 'GUID: d63245ece6d8f476c8c7ca24da9937f6 - Path: Packages/com.unity.multiplayer.center/Editor/MultiplayerCenterWindow/UI/Icons/DistributedAuthority.png' with importer (TextureImporter)
Imported 'GUID: d63245ece6d8f476c8c7ca24da9937f6' -> (Import Result ID: 'bd55557f6e67c896f2a4f3aa9d4ec7f1') in 0.003 seconds [static and dynamic dependencies]. Details - ImportResultOutputID=670060d839eab7f6b207724b14e21c6b DependenciesID=5ad4b387eaceeee5150d2b19b5693dcf StaticDependenciesID=815615f291ff0b00403c71876b8ae652 
Importing 'GUID: 27b62a97bcb24424abdc515911aae1e9 - Path: Assets/Free Pack/HDRP/Textures/T_Apple_V4_MaskMap.png' with importer (TextureImporter)
Imported 'GUID: 27b62a97bcb24424abdc515911aae1e9' -> (Import Result ID: '4542843926d3a433587a723bdd9e1b7a') in 0.452 seconds [static and dynamic dependencies]. Details - ImportResultOutputID=0722b54bf6d3949d56debf152e2b2d85 DependenciesID=14d74aeb4f94722136480e740550f85d StaticDependenciesID=4c3c9502a7f28dfb878f8a41cb50710c 
Importing 'GUID: 37bb0f4faccb646479266dfcb12348db - Path: Assets/Free Pack/Textures/T_FC_RK_Batch_02_AO.png' with importer (TextureImporter)
Imported 'GUID: 37bb0f4faccb646479266dfcb12348db' -> (Import Result ID: '15030737e1c0485d37ed510f90e65bc8') in 0.169 seconds [static and dynamic dependencies]. Details - ImportResultOutputID=544072e6ca3606f96c418248a36fd6d2 DependenciesID=a8e50dbc2ec41659c7b0448e423ef51c StaticDependenciesID=66683f6c4bf0e5478ba456f1f51749a7 
Importing 'GUID: 679f9999c6f8f497e806a2d5d0511879 - Path: Packages/com.unity.multiplayer.center/Editor/MultiplayerCenterWindow/UI/Icons/PackageManager.png' with importer (TextureImporter)
Imported 'GUID: 679f9999c6f8f497e806a2d5d0511879' -> (Import Result ID: 'f6c214768cae0b322e9462e188083b35') in 0.003 seconds [static and dynamic dependencies]. Details - ImportResultOutputID=604513f5b2b249e8bf26cead5f0fd1f0 DependenciesID=ad98944288b204be5fdd2e257d7a4322 StaticDependenciesID=caf791b4607267b5433f22958260ac87 
Importing 'GUID: 7768224f5704b014fbb6d3b8d401edfa - Path: Assets/Free Pack/Textures/T_SM_Plate_BaseOp.png' with importer (TextureImporter)
Imported 'GUID: 7768224f5704b014fbb6d3b8d401edfa' -> (Import Result ID: '1ddbe05482f8a549afd1092d123a4ad3') in 0.239 seconds [static and dynamic dependencies]. Details - ImportResultOutputID=31e0111f4a8df2c9a3c6283b89842ff7 DependenciesID=0b481a604be8309be28f4b65050f08d4 StaticDependenciesID=723712513d66256ec016fa8a4a4c0273 
Importing 'GUID: 77be953cf28de42a4ad8532539fef3f5 - Path: Packages/com.unity.multiplayer.center/Editor/MultiplayerCenterWindow/UI/Icons/d_PackageInstalled.png' with importer (TextureImporter)
Imported 'GUID: 77be953cf28de42a4ad8532539fef3f5' -> (Import Result ID: 'ca162edb9861a9a67f32fa73d49bebbe') in 0.003 seconds [static and dynamic dependencies]. Details - ImportResultOutputID=cdb5dbb263d96f553866fd9bfea7ee7e DependenciesID=85226254770af10a85ef8513109c2ab1 StaticDependenciesID=a815c8f2fff6bd5194d23babb28ed5f2 
Importing 'GUID: 8766f2c45a8ab6a4694b2ea725a483fa - Path: Assets/Free Pack/Textures/T_Table_V8_Normal.png' with importer (TextureImporter)
Imported 'GUID: 8766f2c45a8ab6a4694b2ea725a483fa' -> (Import Result ID: '888bff85aa1e1db7cc862000dc993918') in 0.297 seconds [static and dynamic dependencies]. Details - ImportResultOutputID=6968c132597444b2038c1cd68cebed22 DependenciesID=78fa4a0ca3c3cc311bd5fbe1408f97cb StaticDependenciesID=2bfd1951be36d8a3cda7e158bd7323c5 
Importing 'GUID: a7491534c7fa85d4786c86e16fcbffa3 - Path: Assets/Free Pack/Textures/T_Grapes_02_Normal.png' with importer (TextureImporter)
Imported 'GUID: a7491534c7fa85d4786c86e16fcbffa3' -> (Import Result ID: '7dcaa734c38793b454b309bd65c098c5') in 0.225 seconds [static and dynamic dependencies]. Details - ImportResultOutputID=25d6b18a57236d2de38b4f9ddb143121 DependenciesID=578c58934d0fd6461cb31a1e8fb127bc StaticDependenciesID=1d297d646007ce1a1cf06a7b3782e1dd 
Importing 'GUID: a72a6792ffe8ef64abcad7a4f80941c1 - Path: Assets/Free Pack/Textures/T_BottleBulk_01_AO.png' with importer (TextureImporter)
Imported 'GUID: a72a6792ffe8ef64abcad7a4f80941c1' -> (Import Result ID: '48f851f3af024db106a1dfc58f009703') in 0.168 seconds [static and dynamic dependencies]. Details - ImportResultOutputID=d21f5dca17265487d7f66f03aed6781e DependenciesID=d65053cac3c70e5c15b6772d3a84dc7e StaticDependenciesID=2ad483eb4342da10b6a0d91e86b60723 
Importing 'GUID: a7dd340d8ac282f448a1b93eb874df2b - Path: Assets/Free Pack/Textures/T_Bulk2_BaseOP.png' with importer (TextureImporter)
Imported 'GUID: a7dd340d8ac282f448a1b93eb874df2b' -> (Import Result ID: '63ffafeb75f77dc345d0ecd44845602a') in 0.266 seconds [static and dynamic dependencies]. Details - ImportResultOutputID=b35caf4a3cb0c5d880b7c328e91a12c9 DependenciesID=6f018a19dcecfd79d748a8a3153ef298 StaticDependenciesID=c2d598d7dcfe3847085e2cad47819123 
Importing 'GUID: c7a38e6eccbfc49778cb8b77f594a971 - Path: Packages/com.unity.multiplayer.center/Editor/MultiplayerCenterWindow/UI/Icons/ClientHosted@2x.png' with importer (TextureImporter)
Imported 'GUID: c7a38e6eccbfc49778cb8b77f594a971' -> (Import Result ID: '482934cd80f77a861d36ce48652a48fe') in 0.003 seconds [static and dynamic dependencies]. Details - ImportResultOutputID=a7a17ac502c60a3e59b032656c8397bd DependenciesID=b579315fbaf3d8616211c10f6844b7d0 StaticDependenciesID=77ae9301e2b46afa82103623aef31584 
Importing 'GUID: d7711b0cc806d430b8a95f1e33ec3649 - Path: Packages/com.unity.multiplayer.center/Editor/MultiplayerCenterWindow/UI/Icons/CustomNetcode@2x.png' with importer (TextureImporter)
Imported 'GUID: d7711b0cc806d430b8a95f1e33ec3649' -> (Import Result ID: 'b6d4ba4670d0b14329f0f2e78c578e30') in 0.003 seconds [static and dynamic dependencies]. Details - ImportResultOutputID=e41007894bacefc4df5082db3fdd1c9e DependenciesID=46621485d967c8dbe7da470d9e74a66d StaticDependenciesID=34d9c1eacf7b77cee76b5fef21167021 
Importing 'GUID: f7a8e20dd31ca0940ad501a0860b6be7 - Path: Assets/Free Pack/Textures/T_Demo_Batch_01_MetallicSmoothness.png' with importer (TextureImporter)
Imported 'GUID: f7a8e20dd31ca0940ad501a0860b6be7' -> (Import Result ID: '6db691ddbe98d81e7ef83f5b0ac12b3d') in 0.201 seconds [static and dynamic dependencies]. Details - ImportResultOutputID=18fc4ed2e487f81503bffc1eaab69769 DependenciesID=54ab41d846588cf19650429ad0b23cd1 StaticDependenciesID=682f2aeed3b764e1bbcd65b909e16e29 
Importing 'GUID: f7af460e08631714d94ea43384fdb5fe - Path: Assets/Free Pack/Textures/T_Chair_V2_Normal.png' with importer (TextureImporter)
Imported 'GUID: f7af460e08631714d94ea43384fdb5fe' -> (Import Result ID: '63daa8901bc794656e8c395d02eb6619') in 0.305 seconds [static and dynamic dependencies]. Details - ImportResultOutputID=eba1f5d307e4ebb46320d97c19b76636 DependenciesID=4c9c7ea19809bec218bec8bdf4d1d952 StaticDependenciesID=f9f5c4f4b5d2744502f326d8df2746a3 
Importing 'GUID: 08a220e79fb772d44adc3bdee7b4e014 - Path: Assets/Free Pack/Textures/T_SM_Spoon_05_Normal.png' with importer (TextureImporter)
Imported 'GUID: 08a220e79fb772d44adc3bdee7b4e014' -> (Import Result ID: 'c080513e6964c66980dfa47d6679dcb7') in 0.206 seconds [static and dynamic dependencies]. Details - ImportResultOutputID=f1acba1cf3ca546eb097f72f4ffce86d DependenciesID=f8df366568f9efc105615320b693b186 StaticDependenciesID=e1b58ff426afccbed58f291f5c0b8865 
Importing 'GUID: 08ec4065ee63fe24981d8c65ba768bc1 - Path: Assets/Free Pack/HDRP/Textures/T_Marble_Top_Dining_Table_MaskMap.png' with importer (TextureImporter)
Imported 'GUID: 08ec4065ee63fe24981d8c65ba768bc1' -> (Import Result ID: '361cfd8b252ba434932e09ba295fdf52') in 0.254 seconds [static and dynamic dependencies]. Details - ImportResultOutputID=11a70c84970da17f253af21999dd0d18 DependenciesID=8648584b0fe8d1c1e13383ac209b5d2b StaticDependenciesID=1532bd71a8dc9a3d35d4c5451da5e91d 
Importing 'GUID: 28ed07a3c2d92b948b86beb2d03c2e08 - Path: Assets/Free Pack/HDRP/Textures/T_Mug_02_MaskMap.png' with importer (TextureImporter)
Imported 'GUID: 28ed07a3c2d92b948b86beb2d03c2e08' -> (Import Result ID: '62cc19173b498332923c9cf186d808c6') in 0.280 seconds [static and dynamic dependencies]. Details - ImportResultOutputID=dd0f1f2d6c357c6aa397f22bfb9374a4 DependenciesID=536bda4a515873af6856712c9fc421c9 StaticDependenciesID=5fc4458ff243c58b6dcd35ae8e5ceb3c 
Importing 'GUID: 38b78df4a34c94fa6a52c90239606ff1 - Path: Packages/com.unity.multiplayer.center/Editor/MultiplayerCenterWindow/UI/Icons/DedicatedServer@2x.png' with importer (TextureImporter)
Imported 'GUID: 38b78df4a34c94fa6a52c90239606ff1' -> (Import Result ID: '62426ff1d918e8a3cf806aae2b7b3724') in 0.004 seconds [static and dynamic dependencies]. Details - ImportResultOutputID=48e76bbae99391d58e7be37245455e7a DependenciesID=ec62e1da67c52fde8aace6af0d64d3dd StaticDependenciesID=0fad185af667295a6eb3243f28752866 
Importing 'GUID: 68f8b215339807e458b84da3a18b2eab - Path: Assets/Free Pack/Textures/T_HH_Basket_04_MetallicSmoothness.png' with importer (TextureImporter)
Imported 'GUID: 68f8b215339807e458b84da3a18b2eab' -> (Import Result ID: '48c56d2a3d9e8237857f52b81e8b172c') in 0.209 seconds [static and dynamic dependencies]. Details - ImportResultOutputID=604c094dcc3ca751b7bdf15ca4a61247 DependenciesID=0cd6ee114ce8ca78b53140760d8f358a StaticDependenciesID=77988af57eae2421985070f01857fc9a 
Importing 'GUID: 98823459a28a1174c851e6417ca1ad4e - Path: Assets/Free Pack/HDRP/Textures/T_CerealBox_MaskMap.png' with importer (TextureImporter)
Imported 'GUID: 98823459a28a1174c851e6417ca1ad4e' -> (Import Result ID: '0172acb3b93ae29e32f6d1e65bdd0ba3') in 0.181 seconds [static and dynamic dependencies]. Details - ImportResultOutputID=0b741d74c50342fe4845d42022d7a03a DependenciesID=93398eab69f9237c5393dfc73b7599b3 StaticDependenciesID=c2069209da05a89640155f8f9bb551ea 
Importing 'GUID: d8a10f2b4ad99c142841f1c9d2712fa4 - Path: Assets/Free Pack/Textures/T_Table_V8_AO.png' with importer (TextureImporter)
Imported 'GUID: d8a10f2b4ad99c142841f1c9d2712fa4' -> (Import Result ID: 'c273564a203eebfa3088f9fcc8347429') in 0.161 seconds [static and dynamic dependencies]. Details - ImportResultOutputID=ac9d22a99328eee5eb5763dd930e49c9 DependenciesID=cb95263c9ee26db33f64f0868eae9982 StaticDependenciesID=6889812d0eb86b86ce2ceec1bb557b31 
Importing 'GUID: d8edb4513d7a99345a722f401eefbc14 - Path: Assets/Free Pack/Textures/T_SM_Spoon_05_BaseOp.png' with importer (TextureImporter)
Imported 'GUID: d8edb4513d7a99345a722f401eefbc14' -> (Import Result ID: '75a81a214859746d5df8366a4ced93a7') in 0.229 seconds [static and dynamic dependencies]. Details - ImportResultOutputID=7573b0e34d5418b0095213506cfff1b1 DependenciesID=4b7b876bf231ddc408873b056a9d7012 StaticDependenciesID=eb0d936a3608d931ac081c69b597357f 
Importing 'GUID: 29395f0639574c1fbc8b729aa257fb84 - Path: Packages/com.unity.multiplayer.center/Editor/MultiplayerCenterWindow/UI/Icons/d_Check.png' with importer (TextureImporter)
Imported 'GUID: 29395f0639574c1fbc8b729aa257fb84' -> (Import Result ID: '9764d6b8f5c2f658add93d96d2617237') in 0.003 seconds [static and dynamic dependencies]. Details - ImportResultOutputID=6e577340bc5656c5c1e6c99487634c1e DependenciesID=ee6df801eb1986011d3f22d813f98d40 StaticDependenciesID=ce90a6ad74d5bed6f73d3374231bf8a2 
Importing 'GUID: 39479c016f1b7974db31db9a48eeda61 - Path: Assets/Free Pack/Textures/T_Mug_02_Normal.png' with importer (TextureImporter)
Imported 'GUID: 39479c016f1b7974db31db9a48eeda61' -> (Import Result ID: 'd3b42f1a934989c872099cfc6c0a6d88') in 0.272 seconds [static and dynamic dependencies]. Details - ImportResultOutputID=0730ffc8274e19713f055095d051dc5e DependenciesID=c2995820ec6aa9c0667207ebd8fdc130 StaticDependenciesID=1ead672911a7ba4075902ac0efff3e33 
Importing 'GUID: 49b32191294d21a4bb56fb59d239ef32 - Path: Assets/Free Pack/Textures/T_Batch_Small_02_BaseOp.png' with importer (TextureImporter)
Imported 'GUID: 49b32191294d21a4bb56fb59d239ef32' -> (Import Result ID: 'fac0494fc0c39b44a66b56e7c3a43ea2') in 0.301 seconds [static and dynamic dependencies]. Details - ImportResultOutputID=592653f25f0da04a80ef7f683dc2a82c DependenciesID=c935fcd5fb5eb0d0f8d4f32c4eeedb15 StaticDependenciesID=7045afe916d0ca47d92c1728c4bfa621 
Importing 'GUID: 593d6d6b9acb5ba44b50436844e38fdf - Path: Assets/Free Pack/Textures/T_Mug_02_BaseOp.png' with importer (TextureImporter)
Imported 'GUID: 593d6d6b9acb5ba44b50436844e38fdf' -> (Import Result ID: '4dc6f0e51d585feed385f7c7904d5579') in 0.267 seconds [static and dynamic dependencies]. Details - ImportResultOutputID=01fa74df79d0c8a415437d9af3ea0e60 DependenciesID=45cae1e55ce5126af702deff22aa9a85 StaticDependenciesID=5af54ee7c93a8d1147470979e80479a2 
Importing 'GUID: 99da7b3894f364efdb5fa1443952a55d - Path: Packages/com.unity.multiplayer.center/Editor/MultiplayerCenterWindow/UI/Icons/NGO.png' with importer (TextureImporter)
Imported 'GUID: 99da7b3894f364efdb5fa1443952a55d' -> (Import Result ID: 'd3c923dae0622fabd219d2dc2da83909') in 0.003 seconds [static and dynamic dependencies]. Details - ImportResultOutputID=e99dc57094e020fc616870b978812aa0 DependenciesID=02442dbd30398216798ec5e3c881d9f3 StaticDependenciesID=92cbf805677a77cdade82ca0dfa3cb1f 
Importing 'GUID: a904a5b25201c7a408a1fad6ebbdf8ad - Path: Assets/Free Pack/Textures/T_Chair_V2_AO.png' with importer (TextureImporter)
Imported 'GUID: a904a5b25201c7a408a1fad6ebbdf8ad' -> (Import Result ID: '25fdb4a22453b6c31245de98c54abc94') in 0.153 seconds [static and dynamic dependencies]. Details - ImportResultOutputID=2d2c3f1546ed579c4b5a0dfc3021facc DependenciesID=9f3f432222c51a5aa993d95f7ff105f8 StaticDependenciesID=42436386355379dca804d771aa8d1ad7 
Importing 'GUID: a9fb996bf3933964db8196306f0a3ea4 - Path: Assets/Free Pack/Textures/T_Dishes_MetallicSmoothness.png' with importer (TextureImporter)
Imported 'GUID: a9fb996bf3933964db8196306f0a3ea4' -> (Import Result ID: 'd9272338520da726ff6427543b9cc9b6') in 0.265 seconds [static and dynamic dependencies]. Details - ImportResultOutputID=3dca7f29dc37be34e25a2b61965ca56f DependenciesID=75d741ea744b6a7b0f083cc7d5928af1 StaticDependenciesID=8478fb3af3d3e885daef1aebf6852de2 
Importing 'GUID: a97c00a5f54a41b4e9dfd9ecd91b8545 - Path: Assets/Free Pack/Textures/T_Batch_Small_01_Normal.png' with importer (TextureImporter)
Imported 'GUID: a97c00a5f54a41b4e9dfd9ecd91b8545' -> (Import Result ID: '84ed504dc2a5a1afb04c9e15ab8f7135') in 0.288 seconds [static and dynamic dependencies]. Details - ImportResultOutputID=6ceb1e3fb239d2e89b0af3f240380eea DependenciesID=d42aa013337665413ef291db271c288b StaticDependenciesID=303af40161fd83b36fd3e890a00e3800 
Importing 'GUID: d9a20e163caca9e4297d764a47ac651c - Path: Assets/Free Pack/Textures/T_EggplantDish_MetallicSmoothness.png' with importer (TextureImporter)
Imported 'GUID: d9a20e163caca9e4297d764a47ac651c' -> (Import Result ID: 'bd03d2b61a687198fcb726635746d7a8') in 0.237 seconds [static and dynamic dependencies]. Details - ImportResultOutputID=3718d31d5b690e0cf308bc60e97d2e29 DependenciesID=9baeb7d482515ce45b9d132097526b82 StaticDependenciesID=f671afaa0b167bfb28d30a239bec4878 
Importing 'GUID: e9669051ff70449b5923861e0e0b8838 - Path: Packages/com.unity.multiplayer.center/Editor/MultiplayerCenterWindow/UI/Icons/N4E.png' with importer (TextureImporter)
Imported 'GUID: e9669051ff70449b5923861e0e0b8838' -> (Import Result ID: '9745e8f9695f66cd4fbad5a5584fbaed') in 0.003 seconds [static and dynamic dependencies]. Details - ImportResultOutputID=dc0bb491d45ad49492ed2d74d9fce3ed DependenciesID=e2d4a5f2e71faf052ddacbb4e8f13819 StaticDependenciesID=c473902f3982c1a06ce62f5ebff7e4f8 
Importing 'GUID: 0a516729e8513a94890004f0ac7407e1 - Path: Assets/Free Pack/Textures/T_SM_Plate_Normal.png' with importer (TextureImporter)
Imported 'GUID: 0a516729e8513a94890004f0ac7407e1' -> (Import Result ID: '8140e03a807e5839c956d207ebbbd601') in 0.217 seconds [static and dynamic dependencies]. Details - ImportResultOutputID=81a0542bb285efdc5f71eae2a0344065 DependenciesID=b2fa9547ecaf1654db1c3fecc345772a StaticDependenciesID=39d6d7799f51c3de3e4877af95c17490 
Importing 'GUID: 0a826d14a938f264bb91ee28f92863a9 - Path: Assets/Free Pack/Textures/T_Candle_stand_05_Normal.png' with importer (TextureImporter)
Imported 'GUID: 0a826d14a938f264bb91ee28f92863a9' -> (Import Result ID: '5490f8e96de08206d716eaadaccc3240') in 0.301 seconds [static and dynamic dependencies]. Details - ImportResultOutputID=84c7b6ac84af0342fb952dc692b048a6 DependenciesID=e26dfaea914c2ab28690c06261a29d03 StaticDependenciesID=7e6a3671805c98374dce0bd34c11b464 
Importing 'GUID: 0a54765a920bcf6498b00c3619d8a865 - Path: Assets/Free Pack/Textures/T_CS_Batch_01_Normal.png' with importer (TextureImporter)
Imported 'GUID: 0a54765a920bcf6498b00c3619d8a865' -> (Import Result ID: 'cd5a05c5309c438a3294c692daf993d0') in 0.300 seconds [static and dynamic dependencies]. Details - ImportResultOutputID=66c87381c1882a4698224038563d3e13 DependenciesID=5440f2d39855721494dc440847e77ae6 StaticDependenciesID=bd85fb255facd77434870f14b2e14ffd 
Importing 'GUID: 0a3735f74bb5d5a46a9a9288c00aeaa3 - Path: Assets/Free Pack/HDRP/Textures/T_Cereal_Bowl_MaskMap.png' with importer (TextureImporter)
Imported 'GUID: 0a3735f74bb5d5a46a9a9288c00aeaa3' -> (Import Result ID: 'aad1a820692cd23c6a7640baaf3eb470') in 0.237 seconds [static and dynamic dependencies]. Details - ImportResultOutputID=0ee7e90255f3d79563cf1c81be04906d DependenciesID=d157c4fa4d5556312a6c0d35065f4fec StaticDependenciesID=4a12a3631330988391805bf22eb6741a 
Importing 'GUID: 2adffcc506285402aa795dee6f3166d0 - Path: Packages/com.unity.multiplayer.center/Editor/MultiplayerCenterWindow/UI/Icons/EmptyViewIcon@2x.png' with importer (TextureImporter)
Imported 'GUID: 2adffcc506285402aa795dee6f3166d0' -> (Import Result ID: 'd0bd33f5b5b9cbfa61095abcfd7b76e7') in 0.011 seconds [static and dynamic dependencies]. Details - ImportResultOutputID=4906696f09c947c156cdce1d641c264a DependenciesID=15d9a23ad06db854a624437289cf85f2 StaticDependenciesID=d8f103445c7dc230a2092bce488edea6 
Importing 'GUID: 6a7d5c2007348f345a93f6eea75bfec5 - Path: Assets/Free Pack/Textures/T_Apple_V4_BaseOp.png' with importer (TextureImporter)
Imported 'GUID: 6a7d5c2007348f345a93f6eea75bfec5' -> (Import Result ID: '94a87224ba68ba11313a174abbe77ced') in 0.503 seconds [static and dynamic dependencies]. Details - ImportResultOutputID=5026b057ea82221c1f97dcd50b86a298 DependenciesID=e1e0d22df4c6650cea50c5a49f084ba0 StaticDependenciesID=5ac04ad0fa49a67b1783eacfb2b37bfa 
Importing 'GUID: dab73ed9e3c3f6d4c98dccad2e18f7c6 - Path: Assets/Free Pack/Textures/T_Cereal_Bowl_BaseOp.png' with importer (TextureImporter)
Imported 'GUID: dab73ed9e3c3f6d4c98dccad2e18f7c6' -> (Import Result ID: 'dbc550f8c409e43205c8238b09414b83') in 0.250 seconds [static and dynamic dependencies]. Details - ImportResultOutputID=b6c69fb1d9c3e3e799ad8f42be8d0b3e DependenciesID=4eb2eb53e8c07e38d708c818e4fa9d95 StaticDependenciesID=b0b0182be2e2323a7242c95d611c2e89 
Importing 'GUID: dab91f148d99946e7b3c3a87ecf4b973 - Path: Packages/com.unity.multiplayer.center/Editor/MultiplayerCenterWindow/UI/Icons/d_Loading.png' with importer (TextureImporter)
Imported 'GUID: dab91f148d99946e7b3c3a87ecf4b973' -> (Import Result ID: '22eea6ba5a9496eb2cf099fb72433d21') in 0.003 seconds [static and dynamic dependencies]. Details - ImportResultOutputID=dccfb92cf2df7bd49966d045ebe14e97 DependenciesID=cda9e9f46c2bbdf891d1abe5b1cd7c60 StaticDependenciesID=520fb3e82196ddecf22e55fa21d4b86d 
Importing 'GUID: ea95c44ebdc29a44d95d05babb955344 - Path: Assets/Free Pack/HDRP/Textures/T_HH_Basket_04_MaskMap.png' with importer (TextureImporter)
Imported 'GUID: ea95c44ebdc29a44d95d05babb955344' -> (Import Result ID: 'fa59bd1b389e8c6f3ad9fa6ba6e6c007') in 0.236 seconds [static and dynamic dependencies]. Details - ImportResultOutputID=7d835cba383edf1c4f012c730fb5de5b DependenciesID=4770319c971459d1ad74bfe341a3ee53 StaticDependenciesID=56e53062bf0dcc252f0fcc8d53ea5fc0 
Importing 'GUID: ea8bbb679db51a449be88437fc43f236 - Path: Assets/Free Pack/Textures/T_BottleBulk_01_BaseOP.png' with importer (TextureImporter)
Imported 'GUID: ea8bbb679db51a449be88437fc43f236' -> (Import Result ID: 'a9903d8d6db5a698bab0597c044aa53d') in 0.245 seconds [static and dynamic dependencies]. Details - ImportResultOutputID=586fe620d8764fe537b20afed91449e7 DependenciesID=d7dfbbe4be4710dc983a9e4231174203 StaticDependenciesID=65c631928f5dab610169e5d697e1eb58 
Importing 'GUID: 0b825b7a0b9fb964ba573b485074a006 - Path: Assets/Free Pack/Textures/T_Candle_stand_05_AO.png' with importer (TextureImporter)
Imported 'GUID: 0b825b7a0b9fb964ba573b485074a006' -> (Import Result ID: '4e15f0eac9eb4a3b19c857fed85d981e') in 0.158 seconds [static and dynamic dependencies]. Details - ImportResultOutputID=78a91fe6bbe2a55843b8e8386a8586e5 DependenciesID=63da28a27bda8f42fff46ee137a13415 StaticDependenciesID=b82f00388af6f32823c9a1acd2ae1676 
Importing 'GUID: 0b65fca745c4e9b409a6d29f581ab7ef - Path: Assets/Free Pack/Textures/T_Chair_V2_MetallicSmoothness.png' with importer (TextureImporter)
Imported 'GUID: 0b65fca745c4e9b409a6d29f581ab7ef' -> (Import Result ID: '9039fcd04925622fb542c909f9d1286e') in 0.184 seconds [static and dynamic dependencies]. Details - ImportResultOutputID=f7f7fbcac30b5c049fffe34430d202a6 DependenciesID=e3ee7523294bef461de5c7dc984ce376 StaticDependenciesID=a36ce9c122f6bf197aa967de6153bef7 
Importing 'GUID: 0b6ba7421eb3b6646a308637a9440352 - Path: Assets/Free Pack/Textures/T_SM_Spoon_05_MetallicSmoothness.png' with importer (TextureImporter)
Imported 'GUID: 0b6ba7421eb3b6646a308637a9440352' -> (Import Result ID: '18e74467f087466db57f0c80b51b49d8') in 0.211 seconds [static and dynamic dependencies]. Details - ImportResultOutputID=ec691b5e8c10a631174ec8ab353c8417 DependenciesID=0fd322a18c10e4b6c8796918a560fccc StaticDependenciesID=30c1a82c167326dd9781f2d69e0dc8ab 
Importing 'GUID: 1b153ff6a672cb24c8272f451f838a78 - Path: Assets/Free Pack/Textures/T_Batch_Small_02_MetallicSmoothness.png' with importer (TextureImporter)
Imported 'GUID: 1b153ff6a672cb24c8272f451f838a78' -> (Import Result ID: 'ad0e1ce6130fdf99ca39884b7d30c115') in 0.257 seconds [static and dynamic dependencies]. Details - ImportResultOutputID=951c09dca7c6ff4f07d9ff43375d529b DependenciesID=6002d45615a1102682322e480aaa78d9 StaticDependenciesID=b3a0776484e6f8876dc5894736fd6181 
Importing 'GUID: 1b4c88814ec6241eb8e327515399c006 - Path: Packages/com.unity.multiplayer.center/Editor/MultiplayerCenterWindow/UI/Icons/d_PackageManager.png' with importer (TextureImporter)
Imported 'GUID: 1b4c88814ec6241eb8e327515399c006' -> (Import Result ID: 'e9b7058f8726676478eb983d60c03560') in 0.003 seconds [static and dynamic dependencies]. Details - ImportResultOutputID=1b8330a91fc0bcb458537e0616d195a0 DependenciesID=a69168564f0fdd41ba5f700966d6d107 StaticDependenciesID=4f60d1c4f55ea3a6cfed568ed09477f3 
Importing 'GUID: 4b3587cb1e8554c4eb82e2c7764cfb95 - Path: Assets/Free Pack/Textures/T_CerealBox_MetallicSmoothness.png' with importer (TextureImporter)
Imported 'GUID: 4b3587cb1e8554c4eb82e2c7764cfb95' -> (Import Result ID: 'b1fbcba41cfc664ca3d42378f47eedba') in 0.184 seconds [static and dynamic dependencies]. Details - ImportResultOutputID=099e8a4a6ee5b9f2a118ffad12175a66 DependenciesID=b6017775adfb7df18b67a0ac871382c7 StaticDependenciesID=9aa964ddff5b56876a1b0d708237ff77 
Importing 'GUID: 7ba285dad4d95294a9b47e8238e2be45 - Path: Assets/Free Pack/HDRP/Textures/T_Batch_Small_02_MaskMap.png' with importer (TextureImporter)
Imported 'GUID: 7ba285dad4d95294a9b47e8238e2be45' -> (Import Result ID: '85ebbdfb9f27148b84e490940c4210c7') in 0.297 seconds [static and dynamic dependencies]. Details - ImportResultOutputID=2e6efb37f49e4dc6e2a4065c2a409d34 DependenciesID=2716c172a43ddcf6307081bd81f45d34 StaticDependenciesID=78a45d85763e3bc22bcbb8fa2c44a3be 
Importing 'GUID: ab10bee95bd8f2347b7e134f7a2ce86f - Path: Assets/Free Pack/HDRP/Textures/T_FC_RK_Batch_02_MaskMap.png' with importer (TextureImporter)
Imported 'GUID: ab10bee95bd8f2347b7e134f7a2ce86f' -> (Import Result ID: '5ba18f1ea3bb97fea5283b4141cdaf60') in 0.322 seconds [static and dynamic dependencies]. Details - ImportResultOutputID=1398e73bb850f067cea1469dfe44ae69 DependenciesID=5d7b3920ac31dece153ff85dc750b161 StaticDependenciesID=1d2cf53e8a3e063cd8ebe343c15c3993 
Importing 'GUID: db9a368859a26d6419bae749f2d6e9a1 - Path: Assets/Free Pack/Textures/T_CS_Batch_01_MetallicSmoothness.png' with importer (TextureImporter)
Imported 'GUID: db9a368859a26d6419bae749f2d6e9a1' -> (Import Result ID: 'adc5d1ba57546857aa8be55ff3ce9876') in 0.215 seconds [static and dynamic dependencies]. Details - ImportResultOutputID=4995ea42e58a9eaaa0d03c76ffd0eadb DependenciesID=224647e50154d168cac6c96668816714 StaticDependenciesID=3cdb7faa810f2d965fca6f8e91f7d705 
Importing 'GUID: 0c4282b681f189347a9d5e31c3f59f67 - Path: Assets/Free Pack/Textures/T_Demo_Batch_01_AO.png' with importer (TextureImporter)
Imported 'GUID: 0c4282b681f189347a9d5e31c3f59f67' -> (Import Result ID: 'ba2bef5eb0280f2a1e32daa9f003201f') in 0.144 seconds [static and dynamic dependencies]. Details - ImportResultOutputID=56cbd5b6cd96cdf3466a902695c05066 DependenciesID=a15756c904c0d5eb2d459f6c7ab9326f StaticDependenciesID=b6e547f2231c764fe2dccd421fbc5083 
Importing 'GUID: 1c1665de31f2c3e4b82fb92828ccf701 - Path: Assets/Free Pack/Textures/T_All_Banana_AO.png' with importer (TextureImporter)
Imported 'GUID: 1c1665de31f2c3e4b82fb92828ccf701' -> (Import Result ID: 'f69db2867cc7055b254fa1a9719d83a7') in 0.379 seconds [static and dynamic dependencies]. Details - ImportResultOutputID=236575d1c0f5f936f4e591d9c892ab0c DependenciesID=ffa3b82ae0c9a6f4df23edeeee4a4c94 StaticDependenciesID=542038bcb0328cf4ec69f447110ee1ea 
Importing 'GUID: 2cb589d4e01184d928bb698f06e77561 - Path: Packages/com.unity.multiplayer.center/Editor/MultiplayerCenterWindow/UI/Icons/N4E@2x.png' with importer (TextureImporter)
Imported 'GUID: 2cb589d4e01184d928bb698f06e77561' -> (Import Result ID: '4108e4e4f7fe0fc815628f77351a7c85') in 0.003 seconds [static and dynamic dependencies]. Details - ImportResultOutputID=e25b9c4fa659d06565399c8d3ff46781 DependenciesID=f6c2d4733ee633fddad4fa5bd9bdb9a9 StaticDependenciesID=f53ac5e8c6b4f1dd0d428b13bbc133ed 
Importing 'GUID: 8cf38f344db136a4a97d7078a06a3b3f - Path: Assets/Free Pack/Textures/T_Candle_stand_05_MetallicSmoothness.png' with importer (TextureImporter)
Imported 'GUID: 8cf38f344db136a4a97d7078a06a3b3f' -> (Import Result ID: '5cf1521705bb9c3147d51391a4da72a3') in 0.283 seconds [static and dynamic dependencies]. Details - ImportResultOutputID=abd4920b475603da86d7a98863a67ef5 DependenciesID=214d22f07d24425b4856d506bdc72c12 StaticDependenciesID=8436425cb6398f1c0ea5bbbf33e19e4e 
Importing 'GUID: ac19a7cba80b6234c8ae9d26dbbcd50a - Path: Assets/Free Pack/Textures/T_Batch_Small_01_MetallicSmoothness.png' with importer (TextureImporter)
Imported 'GUID: ac19a7cba80b6234c8ae9d26dbbcd50a' -> (Import Result ID: 'c258427e888e36e1b9989e9fe5b37cca') in 0.287 seconds [static and dynamic dependencies]. Details - ImportResultOutputID=15687fee14253012ceddf2a9d6cdebe0 DependenciesID=7098789da313bcc63dfd29da6117a4fb StaticDependenciesID=35c5d1e0b83b54f449d64cde609f085f 
Importing 'GUID: dce12af736e0a4a1ba35d6424f897dc9 - Path: Packages/com.unity.multiplayer.center/Editor/MultiplayerCenterWindow/UI/Icons/CustomNetcode.png' with importer (TextureImporter)
Imported 'GUID: dce12af736e0a4a1ba35d6424f897dc9' -> (Import Result ID: 'eab0ecdd2257993c2595f621d7d9c8f6') in 0.003 seconds [static and dynamic dependencies]. Details - ImportResultOutputID=dfb3581fd2446a1635f2b742fe1c2516 DependenciesID=694ad79738c9221bf6bf26147f14ed59 StaticDependenciesID=3647fe4017c65339e0b0ee19983506fc 
Importing 'GUID: dccf9b83895abb74e9e2d69f0fff05ef - Path: Assets/Free Pack/Textures/T_CerealBox_AO.png' with importer (TextureImporter)
Imported 'GUID: dccf9b83895abb74e9e2d69f0fff05ef' -> (Import Result ID: 'f5aba96544cf881c9061c54e692736fe') in 0.103 seconds [static and dynamic dependencies]. Details - ImportResultOutputID=0bce8ea9e101281cee6961cc2254300a DependenciesID=f330fd495a2df7a933ac3d1e6ecb740b StaticDependenciesID=dcf136cc32d1c4329c45767de84a3b9b 
Importing 'GUID: fc19d764a1b426a49a5c2bec89f83aba - Path: Assets/Free Pack/Textures/T_Demo_Batch_01_BaseOp.png' with importer (TextureImporter)
Imported 'GUID: fc19d764a1b426a49a5c2bec89f83aba' -> (Import Result ID: 'dc7128af2ae10f6c799cdb2d9d3ed6b3') in 0.149 seconds [static and dynamic dependencies]. Details - ImportResultOutputID=07a53ed12bc0a1f0e3b85fd31f0e10f8 DependenciesID=a9f5c3c7314ed0345b75047cc2d0eb94 StaticDependenciesID=62647b9fefc8964347182a5a1305877a 
Importing 'GUID: 0de22df6cdf5ea34c8010e2910352b1c - Path: Assets/Free Pack/Textures/T_Batch_Small_02_AO.png' with importer (TextureImporter)
Imported 'GUID: 0de22df6cdf5ea34c8010e2910352b1c' -> (Import Result ID: '8de809f91d9fc62d39bd3d78589243d9') in 0.219 seconds [static and dynamic dependencies]. Details - ImportResultOutputID=36545625df81f6b96358c3b52f367348 DependenciesID=8da4c8a1627a0067ff2b188273ffd993 StaticDependenciesID=355975626aa1645d7981f08405c2923e 
Importing 'GUID: 0d5ad0248b27d014aba8fc5931ae74f6 - Path: Assets/Free Pack/Textures/T_All_Banana_BaseOp.png' with importer (TextureImporter)
Imported 'GUID: 0d5ad0248b27d014aba8fc5931ae74f6' -> (Import Result ID: '277189a47c8b096dfbe7f93707f6f3d2') in 0.438 seconds [static and dynamic dependencies]. Details - ImportResultOutputID=f765a651645a5fa2807518bf9846ac07 DependenciesID=d0fab5639efff56fbdd55fca917ef60d StaticDependenciesID=5871bb27badb13c6a00270c872545980 
Importing 'GUID: 1d30dc50f91074f48b43aab2dd04dfe8 - Path: Assets/Free Pack/Textures/T_CS_Batch_01_BaseOp.png' with importer (TextureImporter)
Imported 'GUID: 1d30dc50f91074f48b43aab2dd04dfe8' -> (Import Result ID: '43c22ac0201086bdec63672857440e35') in 0.258 seconds [static and dynamic dependencies]. Details - ImportResultOutputID=b4d1d0ade232d4f8ed5950d69ba93312 DependenciesID=6be3c53bd2d030fc10640eb5e25d9fcc StaticDependenciesID=89cca84ebccc5a15b9e2a55a0cd1b379 
Importing 'GUID: 1daed49eec0f94f7ebb36dfef6159884 - Path: Packages/com.unity.multiplayer.center/Editor/MultiplayerCenterWindow/UI/Icons/NoNetcode.png' with importer (TextureImporter)
Imported 'GUID: 1daed49eec0f94f7ebb36dfef6159884' -> (Import Result ID: 'cdd9beae86ae4a3d75981e7c7d6af187') in 0.004 seconds [static and dynamic dependencies]. Details - ImportResultOutputID=dd1f716c9c495ba6e655769519f7157e DependenciesID=965425864eecd37f6347b89b64d71cbb StaticDependenciesID=c9d73e6b474f3ff2aab808248eb875d3 
Importing 'GUID: 2dd55d893787ce74a821c49112c77943 - Path: Assets/Free Pack/Textures/T_Batch_Small_01_Emissive.png' with importer (TextureImporter)
Imported 'GUID: 2dd55d893787ce74a821c49112c77943' -> (Import Result ID: '67960de9cf3172b081582eb5db6a86c3') in 0.139 seconds [static and dynamic dependencies]. Details - ImportResultOutputID=b0a47f314aff9cbf7c0ea4f3cee58e44 DependenciesID=cdb3d016212561ec054d769be5a11a24 StaticDependenciesID=a0295ffd497ecf8d1c01c6e97ffb08c9 
Importing 'GUID: 3d5005c3eb49fae43ad34817f5c20865 - Path: Assets/Free Pack/Textures/T_Lab_Wall_MetallicSmoothness.png' with importer (TextureImporter)
Imported 'GUID: 3d5005c3eb49fae43ad34817f5c20865' -> (Import Result ID: '070db75f1e6c9078aafe473845635d82') in 0.210 seconds [static and dynamic dependencies]. Details - ImportResultOutputID=0b246ace994dd8579c512a7bfb818791 DependenciesID=31be184e30f891c68581a3cec774cfd7 StaticDependenciesID=cd963b9d8f96bacef08bb69ee4a39dce 
Importing 'GUID: 8d36a18cbb2269845bb3be4eeda6cbf6 - Path: Assets/Free Pack/Textures/T_Cereal_Bowl_AO.png' with importer (TextureImporter)
Imported 'GUID: 8d36a18cbb2269845bb3be4eeda6cbf6' -> (Import Result ID: '9b8daae59d04cad814bb06923280dac2') in 0.181 seconds [static and dynamic dependencies]. Details - ImportResultOutputID=5ec314449597bab6f1ff691fbc443557 DependenciesID=d95f3b694c139ca7ce582453aa026dfc StaticDependenciesID=38ee8e52661e33723142eade681d66d4 
Importing 'GUID: 9d9689eab72c8480c90679f4dcf18820 - Path: Packages/com.unity.multiplayer.center/Editor/MultiplayerCenterWindow/UI/Icons/Package.png' with importer (TextureImporter)
Imported 'GUID: 9d9689eab72c8480c90679f4dcf18820' -> (Import Result ID: '563fa93690febd4e8975b17841993ee7') in 0.004 seconds [static and dynamic dependencies]. Details - ImportResultOutputID=84507ea5dd90c429abc9195dba8e76b2 DependenciesID=3d110a6b32f0e065b56aba8395b0a688 StaticDependenciesID=6caa35a683e4857b11830a851884eb2f 
Importing 'GUID: ad1d29f4654194951a3c8bf507914d05 - Path: Packages/com.unity.multiplayer.center/Editor/MultiplayerCenterWindow/UI/Icons/CloudCode.png' with importer (TextureImporter)
Imported 'GUID: ad1d29f4654194951a3c8bf507914d05' -> (Import Result ID: '19a17e3dc497cea47514193d2d30ec35') in 0.003 seconds [static and dynamic dependencies]. Details - ImportResultOutputID=2c568ae44d632b1419403f44aae6fd11 DependenciesID=897fd3117c84ba3059ccd5bfb3b6b5bb StaticDependenciesID=b269b71ea22128dc02790f446c5dbd24 
Importing 'GUID: cd590a632df82724a828c68b3b017b88 - Path: Assets/Free Pack/Textures/T_Bulk2_AO.png' with importer (TextureImporter)
Imported 'GUID: cd590a632df82724a828c68b3b017b88' -> (Import Result ID: '86e3d175c36282f2ef3e8e2a73596b32') in 0.171 seconds [static and dynamic dependencies]. Details - ImportResultOutputID=cf4e7b52ab2ea90c25017504fd62cd57 DependenciesID=444b02c6a00606f62c7626764cf998d8 StaticDependenciesID=d9459b10589d3da81e6e49c6c8297d48 
Importing 'GUID: dd70cd654275d47db807e918055e004f - Path: Packages/com.unity.multiplayer.center/Editor/MultiplayerCenterWindow/UI/Icons/Questionnaire.png' with importer (TextureImporter)
Imported 'GUID: dd70cd654275d47db807e918055e004f' -> (Import Result ID: '0f1fd31a6ee18019f2a5554237165281') in 0.004 seconds [static and dynamic dependencies]. Details - ImportResultOutputID=158c557e3e785297cb68b5c7d3b225a8 DependenciesID=2c2eaf15a93aeb7f5682650cc0833c6e StaticDependenciesID=6abd43deae2fcf316514bba755ba821f 
Importing 'GUID: ddc422d639162bb4081166d9db7c4ee9 - Path: Assets/Free Pack/Textures/T_Marble_Top_Dining_Table_AO.png' with importer (TextureImporter)
Imported 'GUID: ddc422d639162bb4081166d9db7c4ee9' -> (Import Result ID: 'a96d3a55d8a3892f27dade19c7151c48') in 0.211 seconds [static and dynamic dependencies]. Details - ImportResultOutputID=bf212207054c42f3434538e9d275c6e2 DependenciesID=ed2003071695a1215ddd3f97a7ed9ef4 StaticDependenciesID=621de9414c937e136d2aacf7f5bce461 
Importing 'GUID: 0e263b0e77ba8ae4db74e55bfbec1da2 - Path: Assets/Free Pack/Textures/T_Fridge_AO.png' with importer (TextureImporter)
Imported 'GUID: 0e263b0e77ba8ae4db74e55bfbec1da2' -> (Import Result ID: '52c042aa9430868450bcde0daf1a5866') in 0.197 seconds [static and dynamic dependencies]. Details - ImportResultOutputID=da6b10c5da40a5fbd38f8a1bf28a13a6 DependenciesID=bd89b85df66c4cf194868ee7bac19c67 StaticDependenciesID=3687d560b60bec39ae2202ce28c297fb 
Importing 'GUID: 1ec3f24e05a8b584eb3ba5e7f8a01268 - Path: Assets/Free Pack/Textures/T_EggplantDish_BaseOP.png' with importer (TextureImporter)
Imported 'GUID: 1ec3f24e05a8b584eb3ba5e7f8a01268' -> (Import Result ID: '64dbef6723496249d2169cff9b4f723b') in 0.281 seconds [static and dynamic dependencies]. Details - ImportResultOutputID=8220dc5daed90d50d90b908024d00c3d DependenciesID=a07883c37dcab4046b5865c578a7d3e3 StaticDependenciesID=97557b335bea8b4927cfe14a7ad5e36d 
Importing 'GUID: 1e047394d79364d4aa33dcd429e06835 - Path: Assets/Free Pack/Textures/T_Table_V8_MetallicSmoothness.png' with importer (TextureImporter)
Imported 'GUID: 1e047394d79364d4aa33dcd429e06835' -> (Import Result ID: 'c7844310967693687e57793ac9edbcfb') in 0.207 seconds [static and dynamic dependencies]. Details - ImportResultOutputID=ecb6f8d6bd68a7e09716cf769e5dca4a DependenciesID=33fd7bad39843883fe7bbece03cad6cc StaticDependenciesID=727f81ce9a9847fb5b9aa898ca2da533 
Importing 'GUID: 1e37d18c996b5a743b69efdcaf4dea33 - Path: Assets/Free Pack/Textures/T_Trim_WoodenWall_MetallicSmoothness.png' with importer (TextureImporter)
Imported 'GUID: 1e37d18c996b5a743b69efdcaf4dea33' -> (Import Result ID: '04ac7a634dc038957ca29c0e664594bd') in 0.281 seconds [static and dynamic dependencies]. Details - ImportResultOutputID=137390f72b1ed12c4caa2bf6318ebb3e DependenciesID=2b13fb79a6012d5595ffaadfbbf7ef72 StaticDependenciesID=8dace6d4b91de74a7f93f776959321bc 
Importing 'GUID: 4e971321d44b5324b8746759a659ab59 - Path: Assets/Free Pack/HDRP/Textures/T_Bulk2_MaskMap.png' with importer (TextureImporter)
Imported 'GUID: 4e971321d44b5324b8746759a659ab59' -> (Import Result ID: '9e5c3985cee015a9465772abf2f2cfa7') in 0.296 seconds [static and dynamic dependencies]. Details - ImportResultOutputID=0366e12a6234bcaf12f6208dfd4424a0 DependenciesID=cedb336ce6dc9b62af3e78339109c0ec StaticDependenciesID=8943c77cf0d9dceb88fdbd40af89c167 
Importing 'GUID: 4e4f588da25b9c04a93d302a45ddaf53 - Path: Assets/Free Pack/Textures/T_Marble_Top_Dining_Table_BaseOp.png' with importer (TextureImporter)
Imported 'GUID: 4e4f588da25b9c04a93d302a45ddaf53' -> (Import Result ID: '8fe4758b79049fb624dd2fe5d8350966') in 0.252 seconds [static and dynamic dependencies]. Details - ImportResultOutputID=ec1b7e028325dfd8ec35ca79bdf64ef0 DependenciesID=4add334f99b551c414297814447ce5d5 StaticDependenciesID=65170d5b884cc3abfc074bb31fe354e1 
Importing 'GUID: 6ee0764e887ab7c4f8c4079d4b382a13 - Path: Assets/Free Pack/Textures/T_CerealBox_Normal.png' with importer (TextureImporter)
Imported 'GUID: 6ee0764e887ab7c4f8c4079d4b382a13' -> (Import Result ID: '0deec1c669723f66afdc87cf4ea5058c') in 0.191 seconds [static and dynamic dependencies]. Details - ImportResultOutputID=7899eebc9116a0eceac2bcc944ca3a06 DependenciesID=c19de2486ae08e010069d9f440b4f2b7 StaticDependenciesID=14eb7918d17596bf66ea1a067bb9665e 
Importing 'GUID: 8e557a1bb5613c9498d22fdb2507c66c - Path: Assets/Free Pack/HDRP/Textures/T_Candle_stand_04_MaskMap.png' with importer (TextureImporter)
Imported 'GUID: 8e557a1bb5613c9498d22fdb2507c66c' -> (Import Result ID: '12c1ff71dbb0421e05c3f77d90e9042d') in 0.332 seconds [static and dynamic dependencies]. Details - ImportResultOutputID=81c1072f8ca7dfb21bca2e0b19084832 DependenciesID=429cef906e0badd2ea5bf481ac32f542 StaticDependenciesID=73a4b691d816968481b9acb8721ced4b 
Importing 'GUID: 9ef05d8d31a7f714bb3576a0ef564670 - Path: Assets/Free Pack/Textures/T_Jar_07_MetallicSmoothness.png' with importer (TextureImporter)
Imported 'GUID: 9ef05d8d31a7f714bb3576a0ef564670' -> (Import Result ID: '8716d76ecdd1ba315582ef3c1d4dcb1b') in 0.251 seconds [static and dynamic dependencies]. Details - ImportResultOutputID=b9fdae64f2e3edbf20cd380832a1a00f DependenciesID=2da8b00ab735b5c263ba792f59d137a4 StaticDependenciesID=d0f593df5b50409ec8bf25b33cd22531 
Importing 'GUID: 9ebc64d99d088e245951f0f43f382670 - Path: Assets/Free Pack/HDRP/Textures/T_BottleBulk_01_MaskMap.png' with importer (TextureImporter)
Imported 'GUID: 9ebc64d99d088e245951f0f43f382670' -> (Import Result ID: '8196cc0f6e345e6a4968e3408d0c42b3') in 0.286 seconds [static and dynamic dependencies]. Details - ImportResultOutputID=98db113e92adbb64ff84d886a7266de3 DependenciesID=91f516b2f64c87329e58a3d92897e9ab StaticDependenciesID=72e73be3b4ea23980b3609d631ee0a13 
Importing 'GUID: 9edcfb4e243116f458c2696baed0761d - Path: Assets/Free Pack/Textures/T_Apple_V4_Normal.png' with importer (TextureImporter)
Imported 'GUID: 9edcfb4e243116f458c2696baed0761d' -> (Import Result ID: '1ecffd876ce4ca3bba0e17cc81001394') in 0.498 seconds [static and dynamic dependencies]. Details - ImportResultOutputID=a16ac7185c46ffaae71aac28d1e81083 DependenciesID=ef5db0c12e85ddd37cdaf3578704f869 StaticDependenciesID=eb594ac505fd8b2722d8f2340c94d220 
Importing 'GUID: aee96a551603f8e40b5e89e0fdde3b14 - Path: Assets/Free Pack/HDRP/Textures/T_Trim_WoodenWall_MaskMap.png' with importer (TextureImporter)
Imported 'GUID: aee96a551603f8e40b5e89e0fdde3b14' -> (Import Result ID: '042569f1713e0aa9da80c1216b79ee57') in 0.308 seconds [static and dynamic dependencies]. Details - ImportResultOutputID=be63be408a667e742c9359466bf14a00 DependenciesID=8adba9c9013e265f8d04718f3f106add StaticDependenciesID=0f67575425ebdc469a3f61eedd24096c 
Importing 'GUID: ce4f5f3d2f6fa5946959e3b7e762c06d - Path: Assets/Free Pack/Textures/T_BottleBulk_01_MetallicSmoothness.png' with importer (TextureImporter)
Imported 'GUID: ce4f5f3d2f6fa5946959e3b7e762c06d' -> (Import Result ID: 'bd921e94e3ab9d3b9f0dc08a54fc0bdf') in 0.230 seconds [static and dynamic dependencies]. Details - ImportResultOutputID=182206f4916d0cf05242543430db3880 DependenciesID=8010d0ee3fc6f67c9b0a1d7ae99c1f24 StaticDependenciesID=7f2a6a1b0f4df5e364d49c73f51440b7 
Importing 'GUID: de5d0cff30cd91e45aefa4e02d8e5aca - Path: Assets/Free Pack/Textures/T_Batch_Small_01_AO.png' with importer (TextureImporter)
Imported 'GUID: de5d0cff30cd91e45aefa4e02d8e5aca' -> (Import Result ID: '28c93b9ec0e8922880d2c9e95b421f43') in 0.268 seconds [static and dynamic dependencies]. Details - ImportResultOutputID=404a04da23e602742f8001d40988935c DependenciesID=62d2e70091d4effac3d47b811ce58a8b StaticDependenciesID=12da1bee2f31ac53887e786c70126f75 
Importing 'GUID: 1f4fa1d8862ff34459dc1adadb73eced - Path: Assets/Free Pack/HDRP/Textures/T_SM_Plate_MaskMap.png' with importer (TextureImporter)
Imported 'GUID: 1f4fa1d8862ff34459dc1adadb73eced' -> (Import Result ID: '88c59fa23235c5d1ab635e90b4bbc27d') in 0.257 seconds [static and dynamic dependencies]. Details - ImportResultOutputID=2523c76d3bf65f608377ed38f1c15abd DependenciesID=2a1e03183d4f757184ae6171a90c17ec StaticDependenciesID=70f988cafc8a337626ddd49c51819d95 
Importing 'GUID: 2f9164bc265ab4b4ca8db22a787d4e1e - Path: Assets/Free Pack/Textures/T_FC_RK_Batch_02_BaseOp.png' with importer (TextureImporter)
Imported 'GUID: 2f9164bc265ab4b4ca8db22a787d4e1e' -> (Import Result ID: '39ce8b29477ebfe253c5ac787d5c7497') in 0.216 seconds [static and dynamic dependencies]. Details - ImportResultOutputID=319188d05faac41af0e0225f21cf8249 DependenciesID=280a1ecbf83c9a11a53fa9e1710e910d StaticDependenciesID=1f5300933062337e0ee34e02a17cea7e 
Importing 'GUID: 3f588c659d9f37e4d9c38ca660259faf - Path: Assets/Free Pack/Textures/T_Mug_02_MetallicSmoothness.png' with importer (TextureImporter)
Imported 'GUID: 3f588c659d9f37e4d9c38ca660259faf' -> (Import Result ID: 'b7e427366e11bb89005fde8eed0ae127') in 0.234 seconds [static and dynamic dependencies]. Details - ImportResultOutputID=36bcf8aa5c78a610ae48d65694c86b77 DependenciesID=248ca32b3616f58d0a71117c4f203f0a StaticDependenciesID=c39c2d309e2fac40a8420e9b2a55808d 
Importing 'GUID: 3fe892784421e47f5aa40c2784a6cb3e - Path: Packages/com.unity.multiplayer.center/Editor/MultiplayerCenterWindow/UI/Icons/DedicatedServer.png' with importer (TextureImporter)
Imported 'GUID: 3fe892784421e47f5aa40c2784a6cb3e' -> (Import Result ID: 'e64c084e46aed9da3deaa1b6091cf322') in 0.004 seconds [static and dynamic dependencies]. Details - ImportResultOutputID=b0b0df5abddb7164f2afcd9dcacc2c93 DependenciesID=9c20bb30b9e227d40dff84b8653bcf1f StaticDependenciesID=c451cc413fada5c44719b466965e8ab7 
Importing 'GUID: 4f78a544322c742b89e63fb68557b1d2 - Path: Packages/com.unity.multiplayer.center/Editor/MultiplayerCenterWindow/UI/Icons/Check.png' with importer (TextureImporter)
Imported 'GUID: 4f78a544322c742b89e63fb68557b1d2' -> (Import Result ID: 'f49ddb8f50245920843a0a97e006e532') in 0.003 seconds [static and dynamic dependencies]. Details - ImportResultOutputID=ced2b25cdf5b1bb67347e69a9cfe561b DependenciesID=002a113d9c0dd3d0f501bc927993f308 StaticDependenciesID=546d1cfd225126a7ad54f1552948ff5b 
Importing 'GUID: 5f9061217c10e1a4fb90284e559d7134 - Path: Assets/Free Pack/Textures/T_Jar_07_AO.png' with importer (TextureImporter)
Imported 'GUID: 5f9061217c10e1a4fb90284e559d7134' -> (Import Result ID: '3874423c9d08e02a898dc3e7a714c551') in 0.259 seconds [static and dynamic dependencies]. Details - ImportResultOutputID=950726bcc296bd69f6f7092bf3103771 DependenciesID=b22dfee0e39394dc09f52475f2080005 StaticDependenciesID=8ce80b38b1484679ed39461bdd456ab8 
Importing 'GUID: 6f5785b58f1f7d049bb0a752de1d111a - Path: Assets/Free Pack/Textures/T_FC_RK_Batch_02_Normal.png' with importer (TextureImporter)
Imported 'GUID: 6f5785b58f1f7d049bb0a752de1d111a' -> (Import Result ID: 'b6de0fc238ef193214f80d88dbe938bd') in 0.200 seconds [static and dynamic dependencies]. Details - ImportResultOutputID=7f4df2665ace609eef5329862ae7c530 DependenciesID=aa68f07511b7b7e66a0d7900701be276 StaticDependenciesID=d420c1e9521cf0672331487a22191e22 
Importing 'GUID: 6f4b73ebf1a3f3f4d8ffa7f60d5f4d19 - Path: Assets/Free Pack/HDRP/Textures/T_Carpet_01_MaskMap.png' with importer (TextureImporter)
Imported 'GUID: 6f4b73ebf1a3f3f4d8ffa7f60d5f4d19' -> (Import Result ID: '559eb68bcc0d7da5971303f727541942') in 0.304 seconds [static and dynamic dependencies]. Details - ImportResultOutputID=6c61eb4bc2f5e3e2686210a1177bc6e3 DependenciesID=d5d9e1f483bdab9f622ffe0aeb891390 StaticDependenciesID=b55c54293e12b9c1471327c357ed13c8 
Importing 'GUID: af435e9f43dfed6479a0f6e1d2cb5c39 - Path: Assets/Free Pack/Textures/T_Cereal_Bowl_MetallicSmoothness.png' with importer (TextureImporter)
Imported 'GUID: af435e9f43dfed6479a0f6e1d2cb5c39' -> (Import Result ID: '0a0dd4b120a1ed09f19ebc23a01a654a') in 0.217 seconds [static and dynamic dependencies]. Details - ImportResultOutputID=7c82e04b0807b46eeef95d8a7478ae44 DependenciesID=003c8a2e31671dde5391f884d789d097 StaticDependenciesID=fa2d5ee2d5e2a0550ecb1974012fe0bf 
Importing 'GUID: afa96368116bf2244a85cc4d96c403b3 - Path: Assets/Free Pack/Textures/T_Jar_07_Normal.png' with importer (TextureImporter)
Imported 'GUID: afa96368116bf2244a85cc4d96c403b3' -> (Import Result ID: '7792d1053284b17d27d6aff1189e762b') in 0.287 seconds [static and dynamic dependencies]. Details - ImportResultOutputID=1678214166b0032e1908279dd1c13171 DependenciesID=d6a6bc54068fda6a21bb1d7c3b2fc88e StaticDependenciesID=c1149c96923f861cf1dadd1917c9e163 
Importing 'GUID: 1194081ff38504740807985378ead78f - Path: Assets/Free Pack/HDRP/Materials/M_Grapes_02_HDRP.mat' with importer (NativeFormatImporter)
Imported 'GUID: 1194081ff38504740807985378ead78f' -> (Import Result ID: 'ca9b0d073ef45993f8a5743abefc5852') in 0.006 seconds [static dependencies only]. Details - ImportResultOutputID=cad38d065816f512d4f0b3ff66178efa DependenciesID=5ef469de9f66b771015120a5707c446e StaticDependenciesID=788aef0db807df1006f3c94f388e97f5 
Importing 'GUID: 71221ed1e1c060141b57cf58a0b3fe11 - Path: Assets/Free Pack/URP/Materials/M_Chair_V2_URP.mat' with importer (NativeFormatImporter)
Imported 'GUID: 71221ed1e1c060141b57cf58a0b3fe11' -> (Import Result ID: '498706d67f4d5572b4ce2f09d8327641') in 0.001 seconds [static dependencies only]. Details - ImportResultOutputID=2419c4fa3b9f38f409812cf20790dee2 DependenciesID=51a0e9c9203d1bb2b5a8743a488c7a08 StaticDependenciesID=28db853575f14e7e1fe7e8db918863a7 
Importing 'GUID: 71df94968523aa044934dffffb95642e - Path: Assets/Free Pack/HDRP/Materials/M_Bulk2_HDRP.mat' with importer (NativeFormatImporter)
Imported 'GUID: 71df94968523aa044934dffffb95642e' -> (Import Result ID: '1964aa213383929068424f58a5d52124') in 0.001 seconds [static dependencies only]. Details - ImportResultOutputID=9993716f4f4d9b87effed396ed44c850 DependenciesID=dd106b226013b31ce8e1a1736bb797e9 StaticDependenciesID=6f729c2f4ac0518f2a789d064748e84b 
Importing 'GUID: c19a636bfaf7e40408ffbbcaea3cf904 - Path: Assets/Mini Chibi Free Demo/Materials/Floor.mat' with importer (NativeFormatImporter)
Imported 'GUID: c19a636bfaf7e40408ffbbcaea3cf904' -> (Import Result ID: 'c23b87649cd64f35e6d10510e2b37884') in 0.001 seconds [static dependencies only]. Details - ImportResultOutputID=561eaf89e7041ba7a77c0820619a1374 DependenciesID=f9c5e5273165e2ffc9eb504911459470 StaticDependenciesID=662b7f640da26ed802148d95bada65e9 
Importing 'GUID: 028a5dd398236d445bbbc59a7c406dfa - Path: Assets/Free Pack/Built-In/Materials/M_Jar_07.mat' with importer (NativeFormatImporter)
Imported 'GUID: 028a5dd398236d445bbbc59a7c406dfa' -> (Import Result ID: '53fafcb23bd4cc91686da76c738c1454') in 0.001 seconds [static dependencies only]. Details - ImportResultOutputID=f3e0e9008a9f69b0853133e8188397a7 DependenciesID=ca24d968cc1fc73b198860da232fefee StaticDependenciesID=02afe2616ce04ca3a805eaa596681d23 
Importing 'GUID: 22f7c4d6b22aa29449b6f876092a9b72 - Path: Assets/Free Pack/URP/Materials/M_FC_RK_Batch_02_URP.mat' with importer (NativeFormatImporter)
Imported 'GUID: 22f7c4d6b22aa29449b6f876092a9b72' -> (Import Result ID: 'e5d5e227a8a2fa6aaeffb9602824cff7') in 0.001 seconds [static dependencies only]. Details - ImportResultOutputID=946b7fa52fa85a9f9f96033fd2eea535 DependenciesID=31ed3ab8fe41fc6264f984f294ba4e07 StaticDependenciesID=2e602cdb75db492845a2b00f38d3ab0a 
Importing 'GUID: 62d5f4c276736d447ae478dc609bce89 - Path: Assets/Free Pack/HDRP/Materials/M_All_Banana_HDRP.mat' with importer (NativeFormatImporter)
Imported 'GUID: 62d5f4c276736d447ae478dc609bce89' -> (Import Result ID: '2a291a1aa760b6e6ad4e23d75df0fb09') in 0.001 seconds [static dependencies only]. Details - ImportResultOutputID=b3958e4782a7b16fa1008ca4b1422f23 DependenciesID=bb821aaa210293ca302b86f81253d5ee StaticDependenciesID=52c1412d2e220e45f3d40b7fb8d03802 
Importing 'GUID: 924717611a07ed446ace8f20d3a90ac1 - Path: Assets/Free Pack/HDRP/Materials/M_BottleBulk_01_HDRP.mat' with importer (NativeFormatImporter)
Imported 'GUID: 924717611a07ed446ace8f20d3a90ac1' -> (Import Result ID: '340e4e57ad01a4fc82c0279a69a745e7') in 0.001 seconds [static dependencies only]. Details - ImportResultOutputID=e803e63d325aed8373f7708467ba179c DependenciesID=9590989fce4d6c68fca8a68025055ba5 StaticDependenciesID=4ee952aeb58315df5561334e672ae1bf 
Importing 'GUID: b2ec10e62ffd4f04f835abd64a0b446a - Path: Assets/Free Pack/Built-In/Materials/M_Chair_V2.mat' with importer (NativeFormatImporter)
Imported 'GUID: b2ec10e62ffd4f04f835abd64a0b446a' -> (Import Result ID: '37991027cb9d3f1e6e7d4e9f368c9f88') in 0.001 seconds [static dependencies only]. Details - ImportResultOutputID=421f75a8fc3ab78a5b8d909b30ca1285 DependenciesID=2d8eff73fd293d5c144761f73e0ed4d2 StaticDependenciesID=cd481b0d1dc8216fff3c0f6e3016166d 
Importing 'GUID: e247c224f230f43498cc582e1cfb27e0 - Path: Assets/Free Pack/HDRP/Materials/M_Jar_07_HDRP.mat' with importer (NativeFormatImporter)
Imported 'GUID: e247c224f230f43498cc582e1cfb27e0' -> (Import Result ID: 'edb1c03e7a2b12032c2591fcaf9dc6ac') in 0.001 seconds [static dependencies only]. Details - ImportResultOutputID=3c3b9383bf8f938f1495d5886bb988e7 DependenciesID=6a8f53d22943a03636c3857ae733c22a StaticDependenciesID=fadd1e4ce68052823214af5492b2d049 
Importing 'GUID: e2d83813a64a9044e9d5ed42e9aa2dfe - Path: Assets/Free Pack/HDRP/Materials/M_Batch_Small_02_HDRP.mat' with importer (NativeFormatImporter)
Imported 'GUID: e2d83813a64a9044e9d5ed42e9aa2dfe' -> (Import Result ID: '44c271a505e5405e7f45694e1e7d7d2b') in 0.001 seconds [static dependencies only]. Details - ImportResultOutputID=f26e09c6750d01cf83fac58568b2ba2e DependenciesID=517580aafdbe5aa85a73e48affc4b7ef StaticDependenciesID=471dfd4156dfd01820e5c209afba3a2f 
Importing 'GUID: f2a6ea21554cf1a4896976bf649e1b8d - Path: Assets/Free Pack/HDRP/Materials/M_Trim_WoodenWall_HDRP.mat' with importer (NativeFormatImporter)
Imported 'GUID: f2a6ea21554cf1a4896976bf649e1b8d' -> (Import Result ID: '4590c903f8ad7777b832cdc0451bd56d') in 0.001 seconds [static dependencies only]. Details - ImportResultOutputID=fd2aa350592f4216241d76f2f8eaffb3 DependenciesID=5518acfab10e0328983cae32b1035b4e StaticDependenciesID=cd298b485e1965c029da57176f625b4c 
Importing 'GUID: f24e839e0e010f246875daa4c0753b5d - Path: Assets/Free Pack/URP/Materials/M_Fridge_URP.mat' with importer (NativeFormatImporter)
Imported 'GUID: f24e839e0e010f246875daa4c0753b5d' -> (Import Result ID: '5657edbc10286e2755c1ca60781d8865') in 0.001 seconds [static dependencies only]. Details - ImportResultOutputID=e7ac64ce7e40f8ba878d6d9b06f53ed8 DependenciesID=c364e4b6b28b29b13ba4d36a487ac093 StaticDependenciesID=e95c74ab33a5ef8c3a3e78c3fcd58b09 
Importing 'GUID: 237e2c3f8ecbb4c4b929c55eaa71e2c5 - Path: Assets/Free Pack/HDRP/Materials/M_Lab_Wall_HDRP.mat' with importer (NativeFormatImporter)
Imported 'GUID: 237e2c3f8ecbb4c4b929c55eaa71e2c5' -> (Import Result ID: '97fd96c766b9c8334060aa02a2fe1bc6') in 0.001 seconds [static dependencies only]. Details - ImportResultOutputID=f55c575416e66ad69f9aa54a20655202 DependenciesID=d357f3147771f531851be9b4c617b21e StaticDependenciesID=13ec4c08facf758c8c166b000b5044a6 
Importing 'GUID: 53b15322bd73daf42ae229aa1ddc7edd - Path: Assets/Free Pack/HDRP/Materials/M_HH_Basket_04_HDRP.mat' with importer (NativeFormatImporter)
Imported 'GUID: 53b15322bd73daf42ae229aa1ddc7edd' -> (Import Result ID: '655aedc832d48e87640be565eea8db13') in 0.001 seconds [static dependencies only]. Details - ImportResultOutputID=f048883087c8b3ef07f8b3a710f47dbb DependenciesID=590583138b801cc9d89cff34f687376a StaticDependenciesID=806df391bad7b83a9331e93942a4d529 
Importing 'GUID: 53c1c69a5116f1245a30893c2d8dca78 - Path: Assets/Free Pack/Built-In/Materials/M_Candle_stand_05.mat' with importer (NativeFormatImporter)
Imported 'GUID: 53c1c69a5116f1245a30893c2d8dca78' -> (Import Result ID: '5aad3c9f3782d319b887f518e3169145') in 0.001 seconds [static dependencies only]. Details - ImportResultOutputID=398960d2887659055f40eee02f0400b7 DependenciesID=800027b9f967c2e1a26863a6dec7a397 StaticDependenciesID=92e581f7f1658b0af29166fff92cf96e 
Importing 'GUID: 63da05fc4a2b8754abbee07562b69644 - Path: Assets/Free Pack/URP/Materials/M_Table_V8_URP.mat' with importer (NativeFormatImporter)
Imported 'GUID: 63da05fc4a2b8754abbee07562b69644' -> (Import Result ID: '5247ea72f71b11f3e88946e98a3ad8da') in 0.001 seconds [static dependencies only]. Details - ImportResultOutputID=fbf1f018a78b5e70be0e3b1eea7c64db DependenciesID=54521a3ddbecea88c477bf26acbc6c93 StaticDependenciesID=cc47d79ad3da6c051ae8a24cb0e0945e 
Importing 'GUID: 93496295f48dfe54ebbaf2ff8fc3468a - Path: Assets/Free Pack/Built-In/Materials/M_Marble_Top_Dining_Table.mat' with importer (NativeFormatImporter)
Imported 'GUID: 93496295f48dfe54ebbaf2ff8fc3468a' -> (Import Result ID: 'a0fe9a67170996333dc40a8fb6a322b7') in 0.001 seconds [static dependencies only]. Details - ImportResultOutputID=f23f757b25c89db9b2385e5847bfb083 DependenciesID=a3f1e6457f9d4604f1c54f3572b0a868 StaticDependenciesID=f3c286910387a99d753b262433132473 
Importing 'GUID: a30ea3dc2c9268046bf9c045b729783e - Path: Assets/Free Pack/URP/Materials/M_Apple_V4_URP.mat' with importer (NativeFormatImporter)
Imported 'GUID: a30ea3dc2c9268046bf9c045b729783e' -> (Import Result ID: '10f307fb5c3638e88b634d3dd58b2de0') in 0.001 seconds [static dependencies only]. Details - ImportResultOutputID=c4b20b34873e0741b418f2879d73cd46 DependenciesID=313ca2e0af771829306b6d646f98188e StaticDependenciesID=4be48aa4fa7840f86b3881b64eec8b63 
Importing 'GUID: c3b28b3b8d8eee8459efb63130f08f09 - Path: Assets/Free Pack/URP/Materials/M_Carpet_01_URP.mat' with importer (NativeFormatImporter)
Imported 'GUID: c3b28b3b8d8eee8459efb63130f08f09' -> (Import Result ID: 'e1d5e3130185bd61b36f32d05fe7f01b') in 0.001 seconds [static dependencies only]. Details - ImportResultOutputID=4a58bee63ff20d085c3f84adb7aefdc9 DependenciesID=b714362a6ee193332a9ad5ad2f566204 StaticDependenciesID=fc0f411a66131f490dbfe6616a4a8d2a 
Importing 'GUID: f404898e6f6880c418b044a7921a8bd4 - Path: Assets/Free Pack/Built-In/Materials/M_Batch_Small_01.mat' with importer (NativeFormatImporter)
Imported 'GUID: f404898e6f6880c418b044a7921a8bd4' -> (Import Result ID: '5f073740ced0308ec6a8883e1c37ebfb') in 0.001 seconds [static dependencies only]. Details - ImportResultOutputID=97eadf7ddfeca961237f2492b9a531a6 DependenciesID=ef3d651c7d2105b3ff1a0387bfb31b5d StaticDependenciesID=f82eab5ec5df6d3cbe7faf1c6d686378 
Importing 'GUID: 35c6f77ef4a4c16468f29fb79d81011c - Path: Assets/Free Pack/URP/Materials/M_HH_Basket_04_URP.mat' with importer (NativeFormatImporter)
Imported 'GUID: 35c6f77ef4a4c16468f29fb79d81011c' -> (Import Result ID: 'f84b8e81a0b31b9cdb3fdbba3ad0ea0b') in 0.001 seconds [static dependencies only]. Details - ImportResultOutputID=59eb3a6988bfaa835d4b74b6c8c0c254 DependenciesID=fae63d6571f56d380c7d0c7f812020de StaticDependenciesID=3139478827f757de2451cf9dcd5c98e6 
Importing 'GUID: 9507dc6ee3f9efa43ab2d1fe54d03997 - Path: Assets/Free Pack/URP/Materials/M_Bulk2_URP.mat' with importer (NativeFormatImporter)
Imported 'GUID: 9507dc6ee3f9efa43ab2d1fe54d03997' -> (Import Result ID: '8c599cd69393bc92efce363746dd489a') in 0.001 seconds [static dependencies only]. Details - ImportResultOutputID=aee9a399b4e2f26fa23355cc41248cb3 DependenciesID=3467fabc6e900dfdbcbf4e0599b818ad StaticDependenciesID=edf0ad1de5394d28b3cc06932fe213b9 
Importing 'GUID: b53aeb18c8b780c45828cea1af2ec22a - Path: Assets/Free Pack/HDRP/Materials/M_SM_Spoon_05_HDRP.mat' with importer (NativeFormatImporter)
Imported 'GUID: b53aeb18c8b780c45828cea1af2ec22a' -> (Import Result ID: '1ccf5444a64c913b585723120b8c4297') in 0.001 seconds [static dependencies only]. Details - ImportResultOutputID=1628deade6483e100e9c1d4f76ef3fc5 DependenciesID=429e623be28c295fce54a220a29cd7f7 StaticDependenciesID=ee2b000b6590871d498f6fb1ce9b31ea 
Importing 'GUID: c5db97ad2a05b71459015d2cf7deae37 - Path: Assets/Free Pack/Built-In/Materials/M_SM_Plate.mat' with importer (NativeFormatImporter)
Imported 'GUID: c5db97ad2a05b71459015d2cf7deae37' -> (Import Result ID: '7c096873bd8f590a4a4c2ec9076389bd') in 0.001 seconds [static dependencies only]. Details - ImportResultOutputID=c0f58bb7ea7cfae1ac386524a5e1a57c DependenciesID=5a0e32638fcc615b899604f221119804 StaticDependenciesID=34fcd09f01822e7aacffc0459cfdd557 
Importing 'GUID: e5782a17d2f2c214bbfc8160511697e8 - Path: Assets/Free Pack/URP/Materials/M_CerealBox_URP.mat' with importer (NativeFormatImporter)
Imported 'GUID: e5782a17d2f2c214bbfc8160511697e8' -> (Import Result ID: '30bc218cb8f99c06a905f29bdc0abee1') in 0.001 seconds [static dependencies only]. Details - ImportResultOutputID=6ff0a5c065033e258df94828846be223 DependenciesID=4f8b21ae514f82d77ea4de7a6d697f19 StaticDependenciesID=d1fd0dd71798195c0b0b6ea140ba577e 
Importing 'GUID: 0678b31410a73ca4690928a52fd28e9f - Path: Assets/Free Pack/URP/Materials/M_Lab_Wall_URP.mat' with importer (NativeFormatImporter)
Imported 'GUID: 0678b31410a73ca4690928a52fd28e9f' -> (Import Result ID: 'af069ad01b09e6f77a99cc0e22f9f189') in 0.001 seconds [static dependencies only]. Details - ImportResultOutputID=c5d91d22c3293e93e311a9d995b04997 DependenciesID=af135d420358d6b58a9a527f4ede4864 StaticDependenciesID=66d92ef0e215ee3b8f7f54c0547281e4 
Importing 'GUID: 06f8f0cf1765c7b47a8ff08ad1e5865a - Path: Assets/Free Pack/HDRP/Materials/M_Table_V8_HDRP.mat' with importer (NativeFormatImporter)
Imported 'GUID: 06f8f0cf1765c7b47a8ff08ad1e5865a' -> (Import Result ID: 'c634195648e16023de19b316701cdd3c') in 0.001 seconds [static dependencies only]. Details - ImportResultOutputID=6ca69738a5c4de9797cb98921578846c DependenciesID=deb233fecc6359b1a330cb508f616b1b StaticDependenciesID=66aaa3ce25c14f679c5af0d22743ccff 
Importing 'GUID: 3644f2e131059424faf6314be716a8e0 - Path: Assets/Free Pack/HDRP/Materials/M_Mug_02_HDRP.mat' with importer (NativeFormatImporter)
Imported 'GUID: 3644f2e131059424faf6314be716a8e0' -> (Import Result ID: 'bf31a0a8cd0041cef1b7641a935d0b81') in 0.001 seconds [static dependencies only]. Details - ImportResultOutputID=82f9a1355e35e2df8f02962c85eb34c0 DependenciesID=40a845099ebc8fdf8bcd73da5ae42288 StaticDependenciesID=638b7573f419c0594d5f86986d27667a 
Importing 'GUID: 36c668b0fd3ee0a4f903282b71ca129f - Path: Assets/Free Pack/HDRP/Materials/M_Cereal_Bowl_HDRP.mat' with importer (NativeFormatImporter)
Imported 'GUID: 36c668b0fd3ee0a4f903282b71ca129f' -> (Import Result ID: 'b50ea1ae1de68b845c90291d2ad4f78a') in 0.001 seconds [static dependencies only]. Details - ImportResultOutputID=c671f07394fd425a86dcb50c6bff73a0 DependenciesID=cfc6f8bdf0aab362dbb97356c06fe7c3 StaticDependenciesID=c6f13be2a232aa398143155e3fe73333 
Importing 'GUID: 7616f835a6080c04a90ef0c8d71f923b - Path: Assets/Free Pack/Built-In/Materials/M_Table_V8.mat' with importer (NativeFormatImporter)
Imported 'GUID: 7616f835a6080c04a90ef0c8d71f923b' -> (Import Result ID: '215b65c2ee9248fb9270ddda739aca36') in 0.001 seconds [static dependencies only]. Details - ImportResultOutputID=d19c77ab154fe26b4a731eb83faa050e DependenciesID=8d1cecf84c45296657886700f0d800b0 StaticDependenciesID=d9427628cbbeba9da61e7cb88700a620 
Importing 'GUID: a6f2d16b2fd9a3e4ea67dda2ecdbc848 - Path: Assets/Free Pack/Built-In/Materials/M_Mug_02.mat' with importer (NativeFormatImporter)
Imported 'GUID: a6f2d16b2fd9a3e4ea67dda2ecdbc848' -> (Import Result ID: '551fe3a8d731fdea1c8bfa5c6f6dd116') in 0.001 seconds [static dependencies only]. Details - ImportResultOutputID=b2c80628facf394a7baae877ce62050a DependenciesID=8c4cd5016a6924ba09b1ff3034142c42 StaticDependenciesID=1950450ec92f88fdd3696533722d3b4e 
Importing 'GUID: b6856cd0dafb19e4589b9c3becf722a3 - Path: Assets/Free Pack/HDRP/Materials/M_CerealBox_HDRP.mat' with importer (NativeFormatImporter)
Imported 'GUID: b6856cd0dafb19e4589b9c3becf722a3' -> (Import Result ID: '5d0b214e36ff44dfad680b3767c970ee') in 0.001 seconds [static dependencies only]. Details - ImportResultOutputID=80af9a23c74c49806ae2db20cd21f293 DependenciesID=5e1a80cb7d13f91c8a8db1ae0c7bc8d5 StaticDependenciesID=44a6e0d9d0c963c438438725ae63f3b1 
Importing 'GUID: 2779d23289f262e4c810bb285ecb0110 - Path: Assets/Free Pack/URP/Materials/M_Grapes_02_URP.mat' with importer (NativeFormatImporter)
Imported 'GUID: 2779d23289f262e4c810bb285ecb0110' -> (Import Result ID: 'a8c3481c36e3e81a148f04dca75591aa') in 0.001 seconds [static dependencies only]. Details - ImportResultOutputID=511859f0544dd1d51367ecd1683b68df DependenciesID=39e6febbd963d39f3a7b97e623a6c636 StaticDependenciesID=5dd2df7cc1dca3a75f1f1f4a017a357f 
Importing 'GUID: 271c3baf5e675604f889145b17c26c6a - Path: Assets/Free Pack/Built-In/Materials/M_Trim_WoodenWall.mat' with importer (NativeFormatImporter)
Imported 'GUID: 271c3baf5e675604f889145b17c26c6a' -> (Import Result ID: 'fc532ed32075203ad95c978f0102c8e6') in 0.001 seconds [static dependencies only]. Details - ImportResultOutputID=5eec753826dd34c09a8c45c18f9f2c0a DependenciesID=b99a4c84466036d248c387d8e3e40675 StaticDependenciesID=1ab8ecf286af74ddf149e157b0c8d720 
Importing 'GUID: 27fcfedd052bf9d4397e7965c2f77fef - Path: Assets/Free Pack/Built-In/Materials/M_SM_Spoon_05.mat' with importer (NativeFormatImporter)
Imported 'GUID: 27fcfedd052bf9d4397e7965c2f77fef' -> (Import Result ID: '43935d050352898129fdd9b7577d10f1') in 0.001 seconds [static dependencies only]. Details - ImportResultOutputID=d93a34ff378be1b8d508824d268f957b DependenciesID=368f3e8bb440c091571429140dcd1cf0 StaticDependenciesID=8c9e44e3c0457816587832e72a665dc3 
Importing 'GUID: 47648cd832b97134fb426fe1b8c7c081 - Path: Assets/Mini Chibi Free Demo/Materials/mini chibi primary material.mat' with importer (NativeFormatImporter)
Imported 'GUID: 47648cd832b97134fb426fe1b8c7c081' -> (Import Result ID: '6c55ffffadbf93ffaf0ab81e3dec72bd') in 0.001 seconds [static dependencies only]. Details - ImportResultOutputID=af0ce8af83a2d780baa636eb13b13f1c DependenciesID=67a356df6438c6db259736f520bd1062 StaticDependenciesID=b3ec895c13184c44719ef1658f49b664 
Importing 'GUID: 47176ab77f1705a4392b8d3c63df60f9 - Path: Assets/Free Pack/URP/Materials/M_BottleBulk_01_URP.mat' with importer (NativeFormatImporter)
Imported 'GUID: 47176ab77f1705a4392b8d3c63df60f9' -> (Import Result ID: '313efb94593a7a380370dce0659f68cf') in 0.001 seconds [static dependencies only]. Details - ImportResultOutputID=40efdd8e03a6e661f5c39c505f4eedbc DependenciesID=84643651d9c3135258cc60e0fc1bb706 StaticDependenciesID=2f6485cb30f03129fd7605c8425adb7c 
Importing 'GUID: 97f5b611e51b4e440ae2254b9f8d208c - Path: Assets/Free Pack/URP/Materials/M_CS_Batch_01_URP.mat' with importer (NativeFormatImporter)
Imported 'GUID: 97f5b611e51b4e440ae2254b9f8d208c' -> (Import Result ID: 'b9bfaf014c8f7cec01fa81d8413a08f1') in 0.001 seconds [static dependencies only]. Details - ImportResultOutputID=84bc03e12be76cda1021a3901a55b2ea DependenciesID=8ec82aed2a17b611d20a6783e4b0e8d1 StaticDependenciesID=be4ac66a62ba6b5d2d32cfd91212f3cd 
Importing 'GUID: d7728bc7201f4854e994271eb193a334 - Path: Assets/Free Pack/URP/Materials/M_SM_Plate_URP.mat' with importer (NativeFormatImporter)
Imported 'GUID: d7728bc7201f4854e994271eb193a334' -> (Import Result ID: 'e47ee876e8af344f8389b2bf0fc4e971') in 0.001 seconds [static dependencies only]. Details - ImportResultOutputID=542d66de3de9b994ab78229c7869ab61 DependenciesID=1df1d0082b19dfe530849e5ef8741856 StaticDependenciesID=f6d7f9ce952f1987a852edaac5a0b3c8 
Importing 'GUID: 18e1031f284278d4c8b20df07df3a2e0 - Path: Assets/Free Pack/HDRP/Materials/M_Dishes_HDRP.mat' with importer (NativeFormatImporter)
Imported 'GUID: 18e1031f284278d4c8b20df07df3a2e0' -> (Import Result ID: 'b4a74b4d87df9e7762b1dc7857cab3de') in 0.001 seconds [static dependencies only]. Details - ImportResultOutputID=00bffd25c5c4248dc07260715113466a DependenciesID=cc1f4030818a2ea767399a05a72a7a5b StaticDependenciesID=a55dc3165e9ba5dec6173542827afbe8 
Importing 'GUID: 28e3dbe205b01a84392e2837122fc4a1 - Path: Assets/Free Pack/URP/Materials/M_Candle_stand_04_URP.mat' with importer (NativeFormatImporter)
Imported 'GUID: 28e3dbe205b01a84392e2837122fc4a1' -> (Import Result ID: 'bd8462334890022622b8475a74d2a5f9') in 0.001 seconds [static dependencies only]. Details - ImportResultOutputID=66b690ddfdea02ba0baeaf2358e49426 DependenciesID=0a5af11dcc130d30010c4dc56cc6a955 StaticDependenciesID=f45aaa6babdaf3d94f744f572627b4b2 
Importing 'GUID: 386b284e361a7e7429e3479a0965df69 - Path: Assets/Free Pack/URP/Materials/M_Marble_Top_Dining_Table_URP.mat' with importer (NativeFormatImporter)
Imported 'GUID: 386b284e361a7e7429e3479a0965df69' -> (Import Result ID: '47afb21efb5c57c37f1214f062dda757') in 0.001 seconds [static dependencies only]. Details - ImportResultOutputID=7667b61c99d3afd74ceb81eee55680b5 DependenciesID=32611ed53e4e19bd84ca1adad2524909 StaticDependenciesID=5343caafb3a05dad8135e2aa79a416f5 
Importing 'GUID: a89816e4ae9c8be4facdbfa06a2c3384 - Path: Assets/Free Pack/Built-In/Materials/M_Carpet_01.mat' with importer (NativeFormatImporter)
Imported 'GUID: a89816e4ae9c8be4facdbfa06a2c3384' -> (Import Result ID: '65f5dea67357b4490cd2bdd4ef8f1c0c') in 0.001 seconds [static dependencies only]. Details - ImportResultOutputID=222a7ea1bdc27c0d7fdbe5379ff02ae8 DependenciesID=c15a9c82764f271677a35830b9021c38 StaticDependenciesID=bbe790e7fd3800b430c696d811af6b1a 
Importing 'GUID: c825b036960e9b640b8bb98599063e63 - Path: Assets/Free Pack/HDRP/Materials/M_Carpet_01_HDRP.mat' with importer (NativeFormatImporter)
Imported 'GUID: c825b036960e9b640b8bb98599063e63' -> (Import Result ID: '2481f0df0838180491665f3835fb390c') in 0.001 seconds [static dependencies only]. Details - ImportResultOutputID=dc063774712aa67c63c83e249e381e8c DependenciesID=36ad83295a6db2f8f44843096d406d06 StaticDependenciesID=7cfcd1739dd0b4bc0a810f09305102ef 
Importing 'GUID: e8c470ca25a4f294697086daddb62a0f - Path: Assets/Free Pack/URP/Materials/M_Demo_Batch_01_URP.mat' with importer (NativeFormatImporter)
Imported 'GUID: e8c470ca25a4f294697086daddb62a0f' -> (Import Result ID: '10bef54a19c94fda0cf34a357249e7fa') in 0.001 seconds [static dependencies only]. Details - ImportResultOutputID=bc28b496809225782ca353fcdd4340a0 DependenciesID=fa30fedbe874780b5ad36df73c7ea4d0 StaticDependenciesID=27b5b7fbd6345f4a9082d0b0db0b55a8 
Importing 'GUID: e8afb2c2f0ea3ae41bd71091450bb0b8 - Path: Assets/Free Pack/URP/Materials/M_Candle_stand_05_URP.mat' with importer (NativeFormatImporter)
Imported 'GUID: e8afb2c2f0ea3ae41bd71091450bb0b8' -> (Import Result ID: 'dcf3e32cc3535ba00a62e93021966b6e') in 0.001 seconds [static dependencies only]. Details - ImportResultOutputID=ff17fc9aebba426fea1e544cddcec1d4 DependenciesID=1b18ef92a1a1171b95a5d688e073764f StaticDependenciesID=008dff43a922d7df4ac9ecc3f825c870 
Importing 'GUID: 2931a0534b38de24eac1ebe4dbcb49fa - Path: Assets/Free Pack/Built-In/Materials/M_Cereal_Bowl.mat' with importer (NativeFormatImporter)
Imported 'GUID: 2931a0534b38de24eac1ebe4dbcb49fa' -> (Import Result ID: 'fa08dad91c7d5e173a891310ded9ae56') in 0.001 seconds [static dependencies only]. Details - ImportResultOutputID=9236e54b794f069cedaf5988c36b51fe DependenciesID=8a9ee03f8a3d6d3ddf57b73e747c0b96 StaticDependenciesID=67687e6966d2157e3e6a27683a7c2d60 
Importing 'GUID: 795f55bd6016d0d4e8beb1d4fe4877a3 - Path: Assets/Free Pack/HDRP/Materials/M_Demo_Batch_01_HDRP.mat' with importer (NativeFormatImporter)
Imported 'GUID: 795f55bd6016d0d4e8beb1d4fe4877a3' -> (Import Result ID: 'af058cecd9fa5cc9d9fc9d88745ad9f9') in 0.001 seconds [static dependencies only]. Details - ImportResultOutputID=3fdd8770a4cb4f06c224d428db24cf00 DependenciesID=b63f8431d2d98f4d7a79d74b06ae7977 StaticDependenciesID=d4120ee341cd982008cca0b020c975ad 
Importing 'GUID: a9e8cceb054f92c499672c38f87fca5c - Path: Assets/Mini Chibi Free Demo/Materials/mini chibi secondary material.mat' with importer (NativeFormatImporter)
Imported 'GUID: a9e8cceb054f92c499672c38f87fca5c' -> (Import Result ID: '43b399a4d5d32c57d2d712496895baee') in 0.001 seconds [static dependencies only]. Details - ImportResultOutputID=9349cc0683237c420a712d6c17a54748 DependenciesID=6829ccf13fe53c2d6d19d26a0d3d63a9 StaticDependenciesID=c9fc2f2ac8cda70851be5a93b709649f 
Importing 'GUID: f9b640cc9243bd940813aebf611964b6 - Path: Assets/Free Pack/URP/Materials/M_All_Banana_URP.mat' with importer (NativeFormatImporter)
Imported 'GUID: f9b640cc9243bd940813aebf611964b6' -> (Import Result ID: '96428f50b87be5ec1b920ea8660ebc43') in 0.001 seconds [static dependencies only]. Details - ImportResultOutputID=dc09123213298bc0dab7cdeac023fcf2 DependenciesID=05b45efbc8ca2cc84304e3fcc4c25e69 StaticDependenciesID=d895e47b229a6597d84643aae2277ceb 
Importing 'GUID: 3a50b97164ce88f40a0840891932d1c7 - Path: Assets/Free Pack/HDRP/Materials/M_FC_RK_Batch_02_HDRP.mat' with importer (NativeFormatImporter)
Imported 'GUID: 3a50b97164ce88f40a0840891932d1c7' -> (Import Result ID: 'fff5123e258ebb69c857cd1a89dff9ef') in 0.001 seconds [static dependencies only]. Details - ImportResultOutputID=261f6d3cf2165840fad1163f7026a69d DependenciesID=7fcd87d133745580126ae061868ceb05 StaticDependenciesID=af3dabf40c0d72056cb6bbbb2f632a09 
Importing 'GUID: 6a5500822f7224f46aa7ad8e66948cc4 - Path: Assets/Free Pack/Built-In/Materials/M_Candle_stand_04.mat' with importer (NativeFormatImporter)
Imported 'GUID: 6a5500822f7224f46aa7ad8e66948cc4' -> (Import Result ID: '0ac04603bf4afabe5c2491318124de7a') in 0.001 seconds [static dependencies only]. Details - ImportResultOutputID=e26e75f27f44bfcc35549cf842533675 DependenciesID=5c935ee992f5f273db6080f061b05ed8 StaticDependenciesID=cedb0c51072eb469a3eb9239fc27878b 
Importing 'GUID: 6a8dfe6315e0fd749b1b47dd91de7173 - Path: Assets/Free Pack/URP/Materials/M_Jar_07_URP.mat' with importer (NativeFormatImporter)
Imported 'GUID: 6a8dfe6315e0fd749b1b47dd91de7173' -> (Import Result ID: 'f3037d723a37fa7ca4b2cc846d4785a9') in 0.001 seconds [static dependencies only]. Details - ImportResultOutputID=6d7337470d10cf6a6cf91f6a9241fb16 DependenciesID=259fea8bd9bddc192e3c80771d0c3613 StaticDependenciesID=416bdd7b646b0e49b4ac70d27cf08bf4 
Importing 'GUID: 6adfe408377b8f146a86e41e59718544 - Path: Assets/Free Pack/HDRP/Materials/M_Batch_Small_01_HDRP.mat' with importer (NativeFormatImporter)
Imported 'GUID: 6adfe408377b8f146a86e41e59718544' -> (Import Result ID: 'f65506348d6b8d27435931ba4d4f587c') in 0.001 seconds [static dependencies only]. Details - ImportResultOutputID=efeddd7384600c3883a474a555ce236f DependenciesID=936628fc038de2faa4d06afdec01f539 StaticDependenciesID=c910c2e2b941892bbf1f9c15d5431171 
Importing 'GUID: aa0b99e77bb59ef4eb370e04afbdbd2a - Path: Assets/Free Pack/Built-In/Materials/M_FC_RK_Batch_02.mat' with importer (NativeFormatImporter)
Imported 'GUID: aa0b99e77bb59ef4eb370e04afbdbd2a' -> (Import Result ID: '6a5808f8815d22d4e58a556ddf94b0eb') in 0.001 seconds [static dependencies only]. Details - ImportResultOutputID=a642c557ce7490e7020b5e2b81e9b53a DependenciesID=6b907b5002fd311b24829a4481594e9a StaticDependenciesID=5afd447f5e5e015f7d008f5d8d7fd389 
Importing 'GUID: ea29d563a4928f14dbc9188467dddb37 - Path: Assets/Free Pack/HDRP/Materials/M_EggplantDish_HDRP.mat' with importer (NativeFormatImporter)
Imported 'GUID: ea29d563a4928f14dbc9188467dddb37' -> (Import Result ID: '91d89aff9b241018d550514e57057089') in 0.001 seconds [static dependencies only]. Details - ImportResultOutputID=66348c373ca3b302f99423af22e26a15 DependenciesID=7e28f4c16f6bbc92fa82ba6145bf451e StaticDependenciesID=dbea140d2508ae3f3e9b3890272ba848 
Importing 'GUID: fa96839a271209d4c870e0dcba6fa90f - Path: Assets/Free Pack/Built-In/Materials/M_Grapes_02.mat' with importer (NativeFormatImporter)
Imported 'GUID: fa96839a271209d4c870e0dcba6fa90f' -> (Import Result ID: '08ff9d9bd1d98597bf2938daef644f51') in 0.001 seconds [static dependencies only]. Details - ImportResultOutputID=185c5e6dfdb30ced81f9c98de849c003 DependenciesID=145af51797a29c044877905230953e08 StaticDependenciesID=c21062f322820d86e06811b1bf9c9e42 
Importing 'GUID: 3b97222adbf21d9499e3a10f37861c71 - Path: Assets/Free Pack/HDRP/Materials/M_Candle_stand_04_HDRP.mat' with importer (NativeFormatImporter)
Imported 'GUID: 3b97222adbf21d9499e3a10f37861c71' -> (Import Result ID: '01cd90d199cf531032f79b3da8272d36') in 0.001 seconds [static dependencies only]. Details - ImportResultOutputID=a56de5762fef91eca2f5014fc64cac6e DependenciesID=f8b3cd803c61f00a486b4068aa02850d StaticDependenciesID=8e8c80c59a7fa7e5d787783d1ae1fe25 
Importing 'GUID: 9b49deea68bd2a0448db623083047c79 - Path: Assets/Free Pack/Built-In/Materials/M_BottleBulk_01.mat' with importer (NativeFormatImporter)
Imported 'GUID: 9b49deea68bd2a0448db623083047c79' -> (Import Result ID: '87fa65d3662dee34e7a572650e4a8a27') in 0.001 seconds [static dependencies only]. Details - ImportResultOutputID=79767ebf82686e6d841fd73370e4a778 DependenciesID=cac6f5a607434e435c23ea7a8dbe2cd5 StaticDependenciesID=bcfae6bbbc9569ac084ff7427e65c1b4 
Importing 'GUID: ab892562c8523874e8f0497863556789 - Path: Assets/Free Pack/URP/Materials/M_EggplantDish_URP.mat' with importer (NativeFormatImporter)
Imported 'GUID: ab892562c8523874e8f0497863556789' -> (Import Result ID: '01e4f2aa4748fc7d40a3ebfe8419076a') in 0.001 seconds [static dependencies only]. Details - ImportResultOutputID=c1afe057c73a0516ebb56b8dd8a5983d DependenciesID=87e14411aea796a9747e5d3ff9b2dd17 StaticDependenciesID=38a25f4b6b8d25819ce805e8d64fe744 
Importing 'GUID: bbb72ad45b72c234294a422057273976 - Path: Assets/Free Pack/Built-In/Materials/M_Apple_V4.mat' with importer (NativeFormatImporter)
Imported 'GUID: bbb72ad45b72c234294a422057273976' -> (Import Result ID: '2ec482a7f374b16e19f5ef950e79fe3b') in 0.001 seconds [static dependencies only]. Details - ImportResultOutputID=088e8408a33ca4d1fb0758af34ec047a DependenciesID=6ba8f99bc07bce7e90cc5980f0d1c4f0 StaticDependenciesID=7a579b7ff837c6a8200f9ffc3e88a737 
Importing 'GUID: eb0b13668e687b14db5fbf7f82f0b766 - Path: Assets/Free Pack/URP/Materials/M_SM_Spoon_05_URP.mat' with importer (NativeFormatImporter)
Imported 'GUID: eb0b13668e687b14db5fbf7f82f0b766' -> (Import Result ID: 'efaf9b67e52db7ef66a7e126ae61608f') in 0.001 seconds [static dependencies only]. Details - ImportResultOutputID=5d51a4175ae982d65055c0ff51d929af DependenciesID=2db6831824c68ec662acc0f80c829a5f StaticDependenciesID=fddee5ffc9d7593aa676d2035b8ff172 
Importing 'GUID: fb3e1f47973f83f42b5321d7adc1d33e - Path: Assets/Free Pack/Built-In/Materials/M_Lab_Wall.mat' with importer (NativeFormatImporter)
Imported 'GUID: fb3e1f47973f83f42b5321d7adc1d33e' -> (Import Result ID: '205d5c427f3976c671d115c6fb183853') in 0.001 seconds [static dependencies only]. Details - ImportResultOutputID=239aad42a5b5e379659b50ab703aabcf DependenciesID=2f036698fec52e2ff67aa5c1b100c7da StaticDependenciesID=81d2bb41e4c26650ffaf3585cbb43657 
Importing 'GUID: 1c77d7645cf462342805c49a62e8c42e - Path: Assets/Free Pack/HDRP/Materials/M_CS_Batch_01_HDRP.mat' with importer (NativeFormatImporter)
Imported 'GUID: 1c77d7645cf462342805c49a62e8c42e' -> (Import Result ID: '9ec339410340d4bacf0a937d8550dd73') in 0.001 seconds [static dependencies only]. Details - ImportResultOutputID=fbfa59a73d56c75599bd8ec204e7a315 DependenciesID=71434c2ed85d3cbcc5369b792ac23584 StaticDependenciesID=a12aa1c881ea454143c03a48ab633196 
Importing 'GUID: 7c62f0b4c4ae4014b9f9d7595fe05228 - Path: Assets/Free Pack/URP/Materials/M_Trim_WoodenWall_URP.mat' with importer (NativeFormatImporter)
Imported 'GUID: 7c62f0b4c4ae4014b9f9d7595fe05228' -> (Import Result ID: '2285bbf82f85c4bfeedb1cc2630fb78f') in 0.001 seconds [static dependencies only]. Details - ImportResultOutputID=2af1e85c4c150b1094f3edf0f38cfe9b DependenciesID=59bb93bd67a7a079285c046f47afc82b StaticDependenciesID=a7f00a906e32cb9931c326b8964b9a35 
Importing 'GUID: 7c1a4b42470e7704ba10e5ebe02c925a - Path: Assets/Free Pack/URP/Materials/M_Batch_Small_01_URP.mat' with importer (NativeFormatImporter)
Imported 'GUID: 7c1a4b42470e7704ba10e5ebe02c925a' -> (Import Result ID: 'aa0f03bca8b664ffda64d61679b5d812') in 0.001 seconds [static dependencies only]. Details - ImportResultOutputID=ae1d03a0cefe95708d39adfa3b7bf42d DependenciesID=0d44e22f6c9840e584eba3b13f90b8b3 StaticDependenciesID=58245c69e2783a945efcf466dc7d8b24 
Importing 'GUID: 8cc3c32e5327c06419ab58b76ec805c6 - Path: Assets/Free Pack/Built-In/Materials/M_HH_Basket_04.mat' with importer (NativeFormatImporter)
Imported 'GUID: 8cc3c32e5327c06419ab58b76ec805c6' -> (Import Result ID: '96214a51321d35d7aacb1f2918a62998') in 0.001 seconds [static dependencies only]. Details - ImportResultOutputID=a01fa13493ccaf2d42a981fc02390968 DependenciesID=3a077c4b8acddf3c22ba448c71d3a95e StaticDependenciesID=7d681ef4cbfd9ea8e84e8955d13c611e 
Importing 'GUID: 9ce299ecdeee53c4a89915fe7f9a575d - Path: Assets/Free Pack/URP/Materials/M_Cereal_Bowl_URP.mat' with importer (NativeFormatImporter)
Imported 'GUID: 9ce299ecdeee53c4a89915fe7f9a575d' -> (Import Result ID: 'f27d281a049059a358eb7dded9cd43e4') in 0.001 seconds [static dependencies only]. Details - ImportResultOutputID=a22ee66e4b5637a38d71275b493ab4bd DependenciesID=508640345032c6f4b3054c847bb79594 StaticDependenciesID=4076808465981e2f0b16d433f4c217ef 
Importing 'GUID: cc8f47e49da26dc45a809d8acad260ba - Path: Assets/Free Pack/HDRP/Materials/M_SM_Plate_HDRP.mat' with importer (NativeFormatImporter)
Imported 'GUID: cc8f47e49da26dc45a809d8acad260ba' -> (Import Result ID: 'b097fdac4c0a05fd1faf92daad1c677f') in 0.001 seconds [static dependencies only]. Details - ImportResultOutputID=3f1041d64524b818bdba97e4aa10d68c DependenciesID=a4453656faa87b330853cd2b80302a2e StaticDependenciesID=4c1954f20258377254cd19c529b51752 
Importing 'GUID: dc2adbca1dbd92b46a44491dd7edf394 - Path: Assets/Free Pack/Built-In/Materials/M_Bulk2.mat' with importer (NativeFormatImporter)
Imported 'GUID: dc2adbca1dbd92b46a44491dd7edf394' -> (Import Result ID: '7a06685e1c48f71a166c5519650d439a') in 0.001 seconds [static dependencies only]. Details - ImportResultOutputID=3fad14b1bd9f0b7f32d72445e0529149 DependenciesID=cebd08b793332dc9ccdb2cf24d9d1476 StaticDependenciesID=ac9dd20f6df620dfaec6144568d7926e 
Importing 'GUID: 4d6bf9c61ef2e644f979e8d38f36e1d8 - Path: Assets/Free Pack/Built-In/Materials/M_Dishes.mat' with importer (NativeFormatImporter)
Imported 'GUID: 4d6bf9c61ef2e644f979e8d38f36e1d8' -> (Import Result ID: '52badeb17579572337dd3ba1a8cbf630') in 0.001 seconds [static dependencies only]. Details - ImportResultOutputID=ef628c5ae907f75a92ba1a44c3bcac83 DependenciesID=e248b33a2dfaeb007e35cf6345aee6d7 StaticDependenciesID=ffe9e5ebcd204c759bf1882dd8b1579f 
Importing 'GUID: adff1c55abf178d45956d833de19a4c9 - Path: Assets/Free Pack/Built-In/Materials/M_CerealBox.mat' with importer (NativeFormatImporter)
Imported 'GUID: adff1c55abf178d45956d833de19a4c9' -> (Import Result ID: 'bfb6a41f38d3b777768292c520a7eb01') in 0.001 seconds [static dependencies only]. Details - ImportResultOutputID=97f15e4032cf2fdde7c61fbaad3170bb DependenciesID=1a735e51ed03d7888cb561fb882db58c StaticDependenciesID=2a23a2eb403521589ad59a7b7ccd077d 
Importing 'GUID: edebc0bed63c89747994674e2b841ad1 - Path: Assets/Free Pack/Built-In/Materials/M_Fridge.mat' with importer (NativeFormatImporter)
Imported 'GUID: edebc0bed63c89747994674e2b841ad1' -> (Import Result ID: 'bf0c6e7818b73543a49fdcfa2c6253ef') in 0.001 seconds [static dependencies only]. Details - ImportResultOutputID=daec8f419db487254c877bcb8eab7d7e DependenciesID=95e214271553196171a62f4bddf85ffb StaticDependenciesID=d5e489304cb0f7c4a23fea0fa7f4f4e2 
Importing 'GUID: ed7f2b1eff3dd7f4b94ef18881e6978a - Path: Assets/Free Pack/HDRP/Materials/M_Marble_Top_Dining_Table_HDRP.mat' with importer (NativeFormatImporter)
Imported 'GUID: ed7f2b1eff3dd7f4b94ef18881e6978a' -> (Import Result ID: '8a538ee30e8a9eaa31fdb7e424ab6d8b') in 0.001 seconds [static dependencies only]. Details - ImportResultOutputID=515f6aa76d8e2255eeafc3d86e1ac9e3 DependenciesID=52847cc2c6f1acc7be221c09e14d3aec StaticDependenciesID=2c9f74a12e8d20013438ae6f0cce6153 
Importing 'GUID: 3e701e7413aa7174db6286e61e0f5500 - Path: Assets/Free Pack/Built-In/Materials/M_CS_Batch_01.mat' with importer (NativeFormatImporter)
Imported 'GUID: 3e701e7413aa7174db6286e61e0f5500' -> (Import Result ID: 'ed3d39b6f53a8f99c95eccccb06b9256') in 0.001 seconds [static dependencies only]. Details - ImportResultOutputID=471cc03387d973ba7dabad0a86d78d32 DependenciesID=f510394899a6fd17fee105e66917c3b9 StaticDependenciesID=04b7beb58e3491f28ae39e97f4858684 
Importing 'GUID: 4e7b8851ab21af64cb615894de87fd5f - Path: Assets/Free Pack/URP/Materials/M_Batch_Small_02_URP.mat' with importer (NativeFormatImporter)
Imported 'GUID: 4e7b8851ab21af64cb615894de87fd5f' -> (Import Result ID: 'df247c4451914afde3f97e0202e26f2e') in 0.001 seconds [static dependencies only]. Details - ImportResultOutputID=d222e1aa9274faf8ed86774af7e184d3 DependenciesID=a0a7fabe5285ee98a61c67adc1937971 StaticDependenciesID=c784454f3b58a088c644fd1cb83f9adf 
Importing 'GUID: 5e7d9968f34efde4783e7944787e79b6 - Path: Assets/Free Pack/Built-In/Materials/M_Demo_Batch_01.mat' with importer (NativeFormatImporter)
Imported 'GUID: 5e7d9968f34efde4783e7944787e79b6' -> (Import Result ID: 'eb0ee6e3a2cc3a2250fc3955d9d2ab72') in 0.001 seconds [static dependencies only]. Details - ImportResultOutputID=200afcae03807e3c92fe049f49d33b19 DependenciesID=436e3c11721252548763fe993d4d094b StaticDependenciesID=8a85bf91ca79dfdde48ef31788571236 
Importing 'GUID: 9e98654d75b846c4a8444251b5bb4302 - Path: Assets/Free Pack/HDRP/Materials/M_Fridge_HDRP.mat' with importer (NativeFormatImporter)
Imported 'GUID: 9e98654d75b846c4a8444251b5bb4302' -> (Import Result ID: '1ef86b961bbe6b1c5c560e341ad9ce95') in 0.001 seconds [static dependencies only]. Details - ImportResultOutputID=4e913e4002959fcd296f72842a11ec79 DependenciesID=40879c1c52448914abaff1c48d72cb32 StaticDependenciesID=f37deca09520ea8a03f9231930e9a8ce 
Importing 'GUID: 9e99013874d7c8b48a85083cc1b34ffa - Path: Assets/Free Pack/HDRP/Materials/M_Apple_V4_HDRP.mat' with importer (NativeFormatImporter)
Imported 'GUID: 9e99013874d7c8b48a85083cc1b34ffa' -> (Import Result ID: 'd23737a2dfa206e52603031e02fda84b') in 0.001 seconds [static dependencies only]. Details - ImportResultOutputID=24a868e218aea82289c61cefd3dd5ffa DependenciesID=9352d6976e6e08c1d7eacbe45b3ebc66 StaticDependenciesID=6babdd214d4fc30106918892d707f77c 
Importing 'GUID: 0f1a58da19e0ba041a98bc0549851fce - Path: Assets/Free Pack/HDRP/Materials/M_Chair_V2_HDRP.mat' with importer (NativeFormatImporter)
Imported 'GUID: 0f1a58da19e0ba041a98bc0549851fce' -> (Import Result ID: '2c9d98ecabd0917140babd8c15c6c131') in 0.001 seconds [static dependencies only]. Details - ImportResultOutputID=832ab75bc9a4b4c7c7ecb4f9aa813e3c DependenciesID=9c326e27b4c3431b8a09806cf79a968d StaticDependenciesID=c73532dffd8e7736bc89aea835eff0fb 
Importing 'GUID: 2fd896c266ef372479e96fbbe43487b7 - Path: Assets/Free Pack/URP/Materials/M_Mug_02_URP.mat' with importer (NativeFormatImporter)
Imported 'GUID: 2fd896c266ef372479e96fbbe43487b7' -> (Import Result ID: 'b37286dabf1f686356ae5d8619dd03de') in 0.001 seconds [static dependencies only]. Details - ImportResultOutputID=ec8b1a2442f9e42c531333073cf31acd DependenciesID=930a823b8a67b17436ad2c00ad77cd53 StaticDependenciesID=22a6423512a657320a4c74696432e653 
Importing 'GUID: 4f1333b1450daaf42abda84fb491ba75 - Path: Assets/Free Pack/Built-In/Materials/M_Batch_Small_02.mat' with importer (NativeFormatImporter)
Imported 'GUID: 4f1333b1450daaf42abda84fb491ba75' -> (Import Result ID: 'be912849008ea906b2b7b9a14ee0a977') in 0.001 seconds [static dependencies only]. Details - ImportResultOutputID=2fa2d506290592189e86b8bcdf06f329 DependenciesID=fccfad3425e08c0b94df80b332f9cee1 StaticDependenciesID=3bf89ed7f88102a2d08310778e552fff 
Importing 'GUID: 4ff3eb2ff0fa61c4b93b31a4885f9cc1 - Path: Assets/Free Pack/URP/Materials/M_Dishes_URP.mat' with importer (NativeFormatImporter)
Imported 'GUID: 4ff3eb2ff0fa61c4b93b31a4885f9cc1' -> (Import Result ID: 'c2775f264e3f975a0450ad11dad608ac') in 0.001 seconds [static dependencies only]. Details - ImportResultOutputID=77f1b8f00ae7d9fadbdebca1de2ceb66 DependenciesID=d0288438c932c5e83550456d7095a52a StaticDependenciesID=ed1e9c393a423be6c397000d041fdf4d 
Importing 'GUID: 5fdb42b7076f2f542b165c1655fd69c2 - Path: Assets/Free Pack/Built-In/Materials/M_All_Banana.mat' with importer (NativeFormatImporter)
Imported 'GUID: 5fdb42b7076f2f542b165c1655fd69c2' -> (Import Result ID: '7bf83efecff73c96818a4a9c23c717b9') in 0.001 seconds [static dependencies only]. Details - ImportResultOutputID=28d5d6ac6dbca766e58af364746aeb44 DependenciesID=6af2b28e3754be5af1f5cbfe367aad7d StaticDependenciesID=165384fa741d50dec8ea3f9750003212 
Importing 'GUID: 9f5ef276e2141e84aa123bee4cfc5b18 - Path: Assets/Free Pack/Built-In/Materials/M_EggplantDish.mat' with importer (NativeFormatImporter)
Imported 'GUID: 9f5ef276e2141e84aa123bee4cfc5b18' -> (Import Result ID: 'e36fd0ab33a756b704cbe9ddfb2dbd44') in 0.001 seconds [static dependencies only]. Details - ImportResultOutputID=2d3241d286156804a9d5669a5e27f26b DependenciesID=4faecfda79a693237fcf0262097961b5 StaticDependenciesID=0013d7e447436d6e7193eb79c5b42e04 
Importing 'GUID: cff1c1b823cf63c43a30bfc1597ea7d9 - Path: Assets/Free Pack/HDRP/Materials/M_Candle_stand_05_HDRP.mat' with importer (NativeFormatImporter)
Imported 'GUID: cff1c1b823cf63c43a30bfc1597ea7d9' -> (Import Result ID: '595c37cce6f0abcc3e1c60dd2f1ed5ed') in 0.001 seconds [static dependencies only]. Details - ImportResultOutputID=1f6945c2b3e44e3b692feb91dd2e8166 DependenciesID=70ece7be56354e05b663df2b9ce16f1c StaticDependenciesID=0db35906317028a3d652bcc6269f78eb 
Importing 'GUID: 306594fd7978855428db9aac6cb62455 - Path: Assets/Free Pack/Meshes/SM_Cereal_Bowl.fbx' with importer (FBXImporter)
Identifier uniqueness violation: 'Name:SM_Cereal_Bowl, Type:Mesh'. Multiple Objects with the same name/type are generated by this Importer. There is no guarantee that subsequent imports of this asset will properly re-link to these targets.
Identifier uniqueness violation: 'Name:SM_Cereal_Bowl, Type:Mesh'. Multiple Objects with the same name/type are generated by this Importer. There is no guarantee that subsequent imports of this asset will properly re-link to these targets.
Imported 'GUID: 306594fd7978855428db9aac6cb62455' -> (Import Result ID: '4bf5d61f219191094ed3e8db63df0103') in 0.037 seconds [static dependencies only]. Details - ImportResultOutputID=eb8305c09329483313538f5a42119a9f DependenciesID=4c48765f6221095142554be62cc51c3a StaticDependenciesID=b713be09aaba4f8d5529dd3b700ac539 
Importing 'GUID: 307f10ffb3d76d540a873bda1ffac600 - Path: Assets/Free Pack/Meshes/SM_Spoon_05.fbx' with importer (FBXImporter)
Identifier uniqueness violation: 'Name:SM_Spoon_05, Type:Mesh'. Multiple Objects with the same name/type are generated by this Importer. There is no guarantee that subsequent imports of this asset will properly re-link to these targets.
Identifier uniqueness violation: 'Name:SM_Spoon_05, Type:Mesh'. Multiple Objects with the same name/type are generated by this Importer. There is no guarantee that subsequent imports of this asset will properly re-link to these targets.
Imported 'GUID: 307f10ffb3d76d540a873bda1ffac600' -> (Import Result ID: 'fd6d0c16968fba4ff030473f5e2dc06e') in 0.016 seconds [static dependencies only]. Details - ImportResultOutputID=bf7d73b9e52d1a7effc84669c6ab0582 DependenciesID=d749357207f233971b7135262c774142 StaticDependenciesID=32c02f6415e7c8e6494595a87f7be494 
Importing 'GUID: 80536393b2d023441854f5667fc1e629 - Path: Assets/Free Pack/Meshes/SM_Bottle_32.fbx' with importer (FBXImporter)
Identifier uniqueness violation: 'Name:SM_Bottle_32, Type:Mesh'. Multiple Objects with the same name/type are generated by this Importer. There is no guarantee that subsequent imports of this asset will properly re-link to these targets.
Identifier uniqueness violation: 'Name:SM_Bottle_32, Type:Mesh'. Multiple Objects with the same name/type are generated by this Importer. There is no guarantee that subsequent imports of this asset will properly re-link to these targets.
Imported 'GUID: 80536393b2d023441854f5667fc1e629' -> (Import Result ID: 'fc06d4ae6279a300968740b6a956cee9') in 0.013 seconds [static dependencies only]. Details - ImportResultOutputID=e17050bad6adb9ebfbd51d9452ea720f DependenciesID=4a1fa0f34c2fdf84fba478ede7105ff8 StaticDependenciesID=23d1557f2bdc376c1dcb1dc5949b9fc7 
Importing 'GUID: 90782c083a6c14042a527d74a9e75d9f - Path: Assets/Free Pack/Meshes/SM_HH_Basket_04.fbx' with importer (FBXImporter)
Identifier uniqueness violation: 'Name:SM_HH_Basket_04, Type:Mesh'. Multiple Objects with the same name/type are generated by this Importer. There is no guarantee that subsequent imports of this asset will properly re-link to these targets.
Identifier uniqueness violation: 'Name:SM_HH_Basket_04, Type:Mesh'. Multiple Objects with the same name/type are generated by this Importer. There is no guarantee that subsequent imports of this asset will properly re-link to these targets.
Imported 'GUID: 90782c083a6c14042a527d74a9e75d9f' -> (Import Result ID: '78c907d53f4729ee968146d7c7835b9a') in 0.036 seconds [static dependencies only]. Details - ImportResultOutputID=fb8672171e7da7a56dd7526b922e68ac DependenciesID=b98964be5cf52913389ef03d71df8346 StaticDependenciesID=e848a5fcf6f2f00612090fa69079d487 
Importing 'GUID: 01d1173a24dac214caea7bfa321936b3 - Path: Assets/Free Pack/Meshes/SM_Jar_07.fbx' with importer (FBXImporter)
Identifier uniqueness violation: 'Name:SM_Jar_07, Type:Mesh'. Multiple Objects with the same name/type are generated by this Importer. There is no guarantee that subsequent imports of this asset will properly re-link to these targets.
Identifier uniqueness violation: 'Name:SM_Jar_07, Type:Mesh'. Multiple Objects with the same name/type are generated by this Importer. There is no guarantee that subsequent imports of this asset will properly re-link to these targets.
Imported 'GUID: 01d1173a24dac214caea7bfa321936b3' -> (Import Result ID: '15cd84b88ad572abacf49d74eddd042d') in 0.023 seconds [static dependencies only]. Details - ImportResultOutputID=c1fd7900b67260ff13cbf4822ea851f9 DependenciesID=6dafca4997f198c998167079d81f1542 StaticDependenciesID=0e2f6564ef7febb71f9b1c306eaef663 
Importing 'GUID: 41ce9191f95452c489489235bfe823a7 - Path: Assets/Mini Chibi Free Demo/Models/mini chibi kid animations.fbx' with importer (FBXImporter)
Keyframe reduction: Ratio: 15.250000%;
Keyframe reduction: Ratio: 100.000000%;
Keyframe reduction: Ratio: 32.258774%;
Keyframe reduction: Ratio: 25.098684%;
Keyframe reduction: Ratio: 27.982458%;
Keyframe reduction: Ratio: 32.960526%;
Imported 'GUID: 41ce9191f95452c489489235bfe823a7' -> (Import Result ID: '4885389a11c69d95367290079491264f') in 0.070 seconds [static and dynamic dependencies]. Details - ImportResultOutputID=5fa6e45aa4c8a760e9959d53e7cdc391 DependenciesID=f3abe8e44803245d3439c0a11cd71709 StaticDependenciesID=ede54ea13bbbc070f7e8cdbaf27f3714 
Importing 'GUID: a152dd3f3bf972e4a9d103936509a5c2 - Path: Assets/Free Pack/Meshes/SM_EggplantDish.fbx' with importer (FBXImporter)
Identifier uniqueness violation: 'Name:SM_EggplantDish, Type:Mesh'. Multiple Objects with the same name/type are generated by this Importer. There is no guarantee that subsequent imports of this asset will properly re-link to these targets.
Identifier uniqueness violation: 'Name:SM_EggplantDish, Type:Mesh'. Multiple Objects with the same name/type are generated by this Importer. There is no guarantee that subsequent imports of this asset will properly re-link to these targets.
Imported 'GUID: a152dd3f3bf972e4a9d103936509a5c2' -> (Import Result ID: 'd9b198f581483bfa7cb0a6d63b1ee44f') in 0.016 seconds [static dependencies only]. Details - ImportResultOutputID=c2c7509686204f6eed2634aa8ae186dd DependenciesID=1cf9aaeac2830e23ba66615d0bb03aef StaticDependenciesID=2936cb606dd7315061a526eb6e67cdde 
Importing 'GUID: e27a8059f383f1b42a46a7f3f0317f10 - Path: Assets/Free Pack/Meshes/SM_Candle_stand_05.fbx' with importer (FBXImporter)
Identifier uniqueness violation: 'Name:SM_Candle_stand_05, Type:Mesh'. Multiple Objects with the same name/type are generated by this Importer. There is no guarantee that subsequent imports of this asset will properly re-link to these targets.
Identifier uniqueness violation: 'Name:SM_Candle_stand_05, Type:Mesh'. Multiple Objects with the same name/type are generated by this Importer. There is no guarantee that subsequent imports of this asset will properly re-link to these targets.
Imported 'GUID: e27a8059f383f1b42a46a7f3f0317f10' -> (Import Result ID: 'aa8aaba065d1397c9ea4727c041b276e') in 0.022 seconds [static dependencies only]. Details - ImportResultOutputID=c909c39169d2ea36568ef4a9e7d8fc9c DependenciesID=f16cbb7b11d5dfaa134e541e260237e3 StaticDependenciesID=1df754ed6c40c28304fdac1eedd6e555 
Importing 'GUID: e26cb75925dc30b4ca5c547d34a5267b - Path: Assets/Free Pack/Meshes/SM_Fridge.fbx' with importer (FBXImporter)
Identifier uniqueness violation: 'Name:SM_Fridge, Type:Mesh'. Multiple Objects with the same name/type are generated by this Importer. There is no guarantee that subsequent imports of this asset will properly re-link to these targets.
Identifier uniqueness violation: 'Name:SM_Fridge, Type:Mesh'. Multiple Objects with the same name/type are generated by this Importer. There is no guarantee that subsequent imports of this asset will properly re-link to these targets.
Imported 'GUID: e26cb75925dc30b4ca5c547d34a5267b' -> (Import Result ID: '467d1ddd22165427bc8bc961fba36202') in 0.028 seconds [static dependencies only]. Details - ImportResultOutputID=0da3b89d4013e0ab121eaa8ced47918b DependenciesID=73371d53972fd5680db438b994bb3a98 StaticDependenciesID=3e6fefe9056621f6790c726180747f85 
Importing 'GUID: 4302134578417614c9f80f4a48113345 - Path: Assets/Free Pack/Meshes/SM_Wall_02.fbx' with importer (FBXImporter)
Launched and connected shader compiler UnityShaderCompiler.exe after 0.01 seconds
Imported 'GUID: 4302134578417614c9f80f4a48113345' -> (Import Result ID: 'd6baa6ce9c7fd5214cd50754575cd1f1') in 0.102 seconds [static and dynamic dependencies]. Details - ImportResultOutputID=cb5f356f44e6ac03cf9eeec2f43cc754 DependenciesID=34d3ce2b4863300b538c6a0390663265 StaticDependenciesID=7f8a7a3196850dc05dfbc10788d5efbf 
Importing 'GUID: b3125c80cbb066e429752e79f5e98acd - Path: Assets/Free Pack/Meshes/SM_Cabinet_Doors_01.fbx' with importer (FBXImporter)
Identifier uniqueness violation: 'Name:SM_Cabinet_Doors_01, Type:Mesh'. Multiple Objects with the same name/type are generated by this Importer. There is no guarantee that subsequent imports of this asset will properly re-link to these targets.
Identifier uniqueness violation: 'Name:SM_Cabinet_Doors_01, Type:Mesh'. Multiple Objects with the same name/type are generated by this Importer. There is no guarantee that subsequent imports of this asset will properly re-link to these targets.
Imported 'GUID: b3125c80cbb066e429752e79f5e98acd' -> (Import Result ID: 'e41a4e694275714fd7f7ae637a671872') in 0.018 seconds [static dependencies only]. Details - ImportResultOutputID=810d080066f9db245c9d4709c7306f13 DependenciesID=149313a2e0b577d6d608017e02ffa175 StaticDependenciesID=8ca9a6b3182603bfcce1936c1b582d65 
Importing 'GUID: c3d37a44a84b7824da2b1546eb2984fd - Path: Assets/Free Pack/Meshes/SM_CS_Chair_01.fbx' with importer (FBXImporter)
Identifier uniqueness violation: 'Name:SM_CS_Chair_01, Type:Mesh'. Multiple Objects with the same name/type are generated by this Importer. There is no guarantee that subsequent imports of this asset will properly re-link to these targets.
Identifier uniqueness violation: 'Name:SM_CS_Chair_01, Type:Mesh'. Multiple Objects with the same name/type are generated by this Importer. There is no guarantee that subsequent imports of this asset will properly re-link to these targets.
Imported 'GUID: c3d37a44a84b7824da2b1546eb2984fd' -> (Import Result ID: '1e3ea4e6fa8d7eaa9178ab6c84f53ed8') in 0.022 seconds [static dependencies only]. Details - ImportResultOutputID=635fe82cf05041dd29b4e2a5aa79788e DependenciesID=24c66f77e856beaabbbace0a042a1433 StaticDependenciesID=c26e7d3fa1afae65c56b77700d779617 
Importing 'GUID: c3569be0c046d9449a76f710258f34d8 - Path: Assets/Free Pack/Meshes/SM_Chair_V2.fbx' with importer (FBXImporter)
Identifier uniqueness violation: 'Name:SM_Chair_V2, Type:Mesh'. Multiple Objects with the same name/type are generated by this Importer. There is no guarantee that subsequent imports of this asset will properly re-link to these targets.
Identifier uniqueness violation: 'Name:SM_Chair_V2, Type:Mesh'. Multiple Objects with the same name/type are generated by this Importer. There is no guarantee that subsequent imports of this asset will properly re-link to these targets.
Imported 'GUID: c3569be0c046d9449a76f710258f34d8' -> (Import Result ID: '1df5bfe58671a45a845c7c7482ace05e') in 0.016 seconds [static dependencies only]. Details - ImportResultOutputID=5682fdda152065e5ae08d12da6261ea8 DependenciesID=c54bdc82a1145a151c1441e7918f643d StaticDependenciesID=c70bcff2f7cd01a19dbd32b574cda550 
Importing 'GUID: 15e5ac5b5ffff654785be16cc9686423 - Path: Assets/Free Pack/Meshes/SM_Spoon_02.fbx' with importer (FBXImporter)
Identifier uniqueness violation: 'Name:SM_Spoon_02, Type:Mesh'. Multiple Objects with the same name/type are generated by this Importer. There is no guarantee that subsequent imports of this asset will properly re-link to these targets.
Identifier uniqueness violation: 'Name:SM_Spoon_02, Type:Mesh'. Multiple Objects with the same name/type are generated by this Importer. There is no guarantee that subsequent imports of this asset will properly re-link to these targets.
Imported 'GUID: 15e5ac5b5ffff654785be16cc9686423' -> (Import Result ID: '5c2d7041e954d1650add443f59c46eac') in 0.014 seconds [static dependencies only]. Details - ImportResultOutputID=1d70a969ba28dff59f889be79ea8211f DependenciesID=334d053465b2728d57c561f58d28da4a StaticDependenciesID=a866a2d3aca28bc7a8cafb62789515b2 
Importing 'GUID: 658f09911b2a51143b7e9f49704d92bb - Path: Assets/Free Pack/Meshes/SM_Packet_11.fbx' with importer (FBXImporter)
Identifier uniqueness violation: 'Name:SM_Packet_11, Type:Mesh'. Multiple Objects with the same name/type are generated by this Importer. There is no guarantee that subsequent imports of this asset will properly re-link to these targets.
Identifier uniqueness violation: 'Name:SM_Packet_11, Type:Mesh'. Multiple Objects with the same name/type are generated by this Importer. There is no guarantee that subsequent imports of this asset will properly re-link to these targets.
Imported 'GUID: 658f09911b2a51143b7e9f49704d92bb' -> (Import Result ID: '002670c20969e9b3103d16a2052a8994') in 0.013 seconds [static dependencies only]. Details - ImportResultOutputID=e4ae7c8fe9778ff51dc0d34bb3093188 DependenciesID=563fc21da98d233abe2ad1c0f96d375f StaticDependenciesID=8310deb1b628203ffeeb45c0761e643c 
Importing 'GUID: 266fe29b1c1ef94449cd8335f7c36504 - Path: Assets/Free Pack/Meshes/SM_Microwave_Oven.fbx' with importer (FBXImporter)
Identifier uniqueness violation: 'Name:SM_Microwave_Oven, Type:Mesh'. Multiple Objects with the same name/type are generated by this Importer. There is no guarantee that subsequent imports of this asset will properly re-link to these targets.
Identifier uniqueness violation: 'Name:SM_Microwave_Oven, Type:Mesh'. Multiple Objects with the same name/type are generated by this Importer. There is no guarantee that subsequent imports of this asset will properly re-link to these targets.
Imported 'GUID: 266fe29b1c1ef94449cd8335f7c36504' -> (Import Result ID: 'b4f29f6d19964576d273599c116ec4d1') in 0.036 seconds [static dependencies only]. Details - ImportResultOutputID=11d9e86d2ad9fb087500f17c20a26831 DependenciesID=26d19661cf964b6003052e95aa75376f StaticDependenciesID=661d81490994d740d729a316c4a84253 
Importing 'GUID: 473314c828cc99e439b2d01de2ec3476 - Path: Assets/Free Pack/Meshes/SM_Packet_16.fbx' with importer (FBXImporter)
Identifier uniqueness violation: 'Name:SM_Packet_16, Type:Mesh'. Multiple Objects with the same name/type are generated by this Importer. There is no guarantee that subsequent imports of this asset will properly re-link to these targets.
Identifier uniqueness violation: 'Name:SM_Packet_16, Type:Mesh'. Multiple Objects with the same name/type are generated by this Importer. There is no guarantee that subsequent imports of this asset will properly re-link to these targets.
Imported 'GUID: 473314c828cc99e439b2d01de2ec3476' -> (Import Result ID: '9a27ef08344fe3f05c08df3a218d860b') in 0.014 seconds [static dependencies only]. Details - ImportResultOutputID=073abcc559f843dea90e506440f66f7c DependenciesID=d2dfe99790013295aae365f4aa67f5ca StaticDependenciesID=19ba585929280e641dd525a047f31fdb 
Importing 'GUID: 67f858dd9fa2bc8458e983132f2a6d23 - Path: Assets/Free Pack/Meshes/SM_Candle_stand_04.fbx' with importer (FBXImporter)
Identifier uniqueness violation: 'Name:SM_Candle_stand_04, Type:Mesh'. Multiple Objects with the same name/type are generated by this Importer. There is no guarantee that subsequent imports of this asset will properly re-link to these targets.
Identifier uniqueness violation: 'Name:SM_Candle_stand_04, Type:Mesh'. Multiple Objects with the same name/type are generated by this Importer. There is no guarantee that subsequent imports of this asset will properly re-link to these targets.
Imported 'GUID: 67f858dd9fa2bc8458e983132f2a6d23' -> (Import Result ID: 'd9665d27a1d403bf168a0d5f9247f631') in 0.074 seconds [static dependencies only]. Details - ImportResultOutputID=9c6c6186dcaf9a778c3a3c2eca281764 DependenciesID=d17bf770d7038792eaa8208efe9b1360 StaticDependenciesID=0cf1e7af2d2f9c7537764df22b792e00 
Importing 'GUID: f7797cc4c79503d4eb1c7d756a009edb - Path: Assets/Free Pack/Meshes/SM_Mug_02.fbx' with importer (FBXImporter)
Identifier uniqueness violation: 'Name:SM_Mug_02, Type:Mesh'. Multiple Objects with the same name/type are generated by this Importer. There is no guarantee that subsequent imports of this asset will properly re-link to these targets.
Identifier uniqueness violation: 'Name:SM_Mug_02, Type:Mesh'. Multiple Objects with the same name/type are generated by this Importer. There is no guarantee that subsequent imports of this asset will properly re-link to these targets.
Imported 'GUID: f7797cc4c79503d4eb1c7d756a009edb' -> (Import Result ID: '156a5eba1746d9e0f5428bd4ae01a139') in 0.015 seconds [static dependencies only]. Details - ImportResultOutputID=361f4b19ee28a4852f34801d20a0b20b DependenciesID=86b4ea89f66d7f9c9bda9be1b826cadb StaticDependenciesID=7d71733f24e1715e7d028ae0c05ab02a 
Importing 'GUID: 18f10ff032087b447bab3ba08ae9314b - Path: Assets/Free Pack/Meshes/SM_Banana.fbx' with importer (FBXImporter)
Identifier uniqueness violation: 'Name:SM_Banana, Type:Mesh'. Multiple Objects with the same name/type are generated by this Importer. There is no guarantee that subsequent imports of this asset will properly re-link to these targets.
Identifier uniqueness violation: 'Name:SM_Banana, Type:Mesh'. Multiple Objects with the same name/type are generated by this Importer. There is no guarantee that subsequent imports of this asset will properly re-link to these targets.
Imported 'GUID: 18f10ff032087b447bab3ba08ae9314b' -> (Import Result ID: '04f314f84d110e8e4449fd71a72f3d42') in 0.028 seconds [static dependencies only]. Details - ImportResultOutputID=9e456c9eb3dbdd8dc8c164b3ea385750 DependenciesID=28703e6b1490cd2a7cbb6149ef9528b9 StaticDependenciesID=b12ecfb1e529d244577b672cb3d17297 
Importing 'GUID: a80929ca766e8004e80c4e2dae15a7d7 - Path: Assets/Free Pack/Meshes/SM_Carpet_02.fbx' with importer (FBXImporter)
Imported 'GUID: a80929ca766e8004e80c4e2dae15a7d7' -> (Import Result ID: '09aa2bc050eb659e19bc1bc2451db77f') in 0.013 seconds [static dependencies only]. Details - ImportResultOutputID=1b3c4b50fa67c7085586728300684a13 DependenciesID=d013f31e297af49d47b5f8138d984106 StaticDependenciesID=3ddaa199e5ff922295e8c3f055c06413 
Importing 'GUID: 69a0ffd1e1990274e88fff26181a8a06 - Path: Assets/Free Pack/Meshes/SM_Cereal_box.fbx' with importer (FBXImporter)
Identifier uniqueness violation: 'Name:SM_Cereal_box, Type:Mesh'. Multiple Objects with the same name/type are generated by this Importer. There is no guarantee that subsequent imports of this asset will properly re-link to these targets.
Identifier uniqueness violation: 'Name:SM_Cereal_box, Type:Mesh'. Multiple Objects with the same name/type are generated by this Importer. There is no guarantee that subsequent imports of this asset will properly re-link to these targets.
Imported 'GUID: 69a0ffd1e1990274e88fff26181a8a06' -> (Import Result ID: 'b99beee8939a0d6b60010a3c84f184b6') in 0.011 seconds [static dependencies only]. Details - ImportResultOutputID=319711ab1cf0bc19ee9ec8d46b248bcc DependenciesID=702e5a33b59f5f80973d478a49634595 StaticDependenciesID=94e4a8ad92275b63b2fe7e5260dfa2e6 
Importing 'GUID: 998ef6640570a704fb73d159be58819b - Path: Assets/Free Pack/Meshes/SM_Coffee_cup.fbx' with importer (FBXImporter)
Identifier uniqueness violation: 'Name:SM_Coffee_cup, Type:Mesh'. Multiple Objects with the same name/type are generated by this Importer. There is no guarantee that subsequent imports of this asset will properly re-link to these targets.
Identifier uniqueness violation: 'Name:SM_Coffee_cup, Type:Mesh'. Multiple Objects with the same name/type are generated by this Importer. There is no guarantee that subsequent imports of this asset will properly re-link to these targets.
Imported 'GUID: 998ef6640570a704fb73d159be58819b' -> (Import Result ID: '8fe954b1f850d39ceae9bf8fd342ed9c') in 0.012 seconds [static dependencies only]. Details - ImportResultOutputID=ce9ebc53678f688d066caeca6dcda64b DependenciesID=f455dfca39551870a4ba16bdf380b8df StaticDependenciesID=6e432ff8daca1b1999b726acecdc6e43 
Importing 'GUID: b9204a1569227d4489344ec5b3c208db - Path: Assets/Free Pack/Meshes/SM_Spoon_04.fbx' with importer (FBXImporter)
Identifier uniqueness violation: 'Name:SM_Spoon_04, Type:Mesh'. Multiple Objects with the same name/type are generated by this Importer. There is no guarantee that subsequent imports of this asset will properly re-link to these targets.
Identifier uniqueness violation: 'Name:SM_Spoon_04, Type:Mesh'. Multiple Objects with the same name/type are generated by this Importer. There is no guarantee that subsequent imports of this asset will properly re-link to these targets.
Imported 'GUID: b9204a1569227d4489344ec5b3c208db' -> (Import Result ID: '22cb8b9b1b7576e7b5777cf49d2b434e') in 0.017 seconds [static dependencies only]. Details - ImportResultOutputID=764483af16a5005f100760b5862f3017 DependenciesID=7ed93c205a479ff8e61834d1a2d70eb9 StaticDependenciesID=10e999a5267ff9033360d5f40fef89b5 
Importing 'GUID: c94744586c2adb24d8fa178a80692bb1 - Path: Assets/Free Pack/Meshes/SM_Spoon_15.fbx' with importer (FBXImporter)
Identifier uniqueness violation: 'Name:SM_Spoon_15, Type:Mesh'. Multiple Objects with the same name/type are generated by this Importer. There is no guarantee that subsequent imports of this asset will properly re-link to these targets.
Identifier uniqueness violation: 'Name:SM_Spoon_15, Type:Mesh'. Multiple Objects with the same name/type are generated by this Importer. There is no guarantee that subsequent imports of this asset will properly re-link to these targets.
Imported 'GUID: c94744586c2adb24d8fa178a80692bb1' -> (Import Result ID: '457c3dff1d7b7868fc62cba26df26adb') in 0.015 seconds [static dependencies only]. Details - ImportResultOutputID=5c4c0a55c1c26a2dae9cb6ab2e3555c0 DependenciesID=065d58bb43d18255c18f3c6e963896de StaticDependenciesID=e906e3db4b1766c281a71bef578e6bfa 
Importing 'GUID: ba9788de6bd886a438261eabe4a7c13f - Path: Assets/Free Pack/Meshes/SM_Bottle_22.fbx' with importer (FBXImporter)
Identifier uniqueness violation: 'Name:SM_Bottle_22, Type:Mesh'. Multiple Objects with the same name/type are generated by this Importer. There is no guarantee that subsequent imports of this asset will properly re-link to these targets.
Identifier uniqueness violation: 'Name:SM_Bottle_22, Type:Mesh'. Multiple Objects with the same name/type are generated by this Importer. There is no guarantee that subsequent imports of this asset will properly re-link to these targets.
Imported 'GUID: ba9788de6bd886a438261eabe4a7c13f' -> (Import Result ID: 'ac76f33aaba8459df3e9dede295c86a7') in 0.013 seconds [static dependencies only]. Details - ImportResultOutputID=a8623670047d27c411b7f67b28a34d1c DependenciesID=29a65c5a37746ffaa26c3d23382ecc45 StaticDependenciesID=5b9bcbf3e6257ccc39efc44aecb479ec 
Importing 'GUID: cab241df09e03574e831095392f0f50b - Path: Assets/Free Pack/Meshes/SM_Grapes_02.fbx' with importer (FBXImporter)
Identifier uniqueness violation: 'Name:SM_Grapes_02, Type:Mesh'. Multiple Objects with the same name/type are generated by this Importer. There is no guarantee that subsequent imports of this asset will properly re-link to these targets.
Identifier uniqueness violation: 'Name:SM_Grapes_02, Type:Mesh'. Multiple Objects with the same name/type are generated by this Importer. There is no guarantee that subsequent imports of this asset will properly re-link to these targets.
Imported 'GUID: cab241df09e03574e831095392f0f50b' -> (Import Result ID: 'e1d5a143951506967b67e50bcdb6a87a') in 0.040 seconds [static dependencies only]. Details - ImportResultOutputID=c5d147387083b0176b3f10c9932de024 DependenciesID=faefbb8640eb2958fb6db03019c85c36 StaticDependenciesID=2fb97f894119e00ce97ac85d5c86b857 
Importing 'GUID: eaf832853694adb40a1f2ad19876d1b5 - Path: Assets/Free Pack/Meshes/SM_Plate.fbx' with importer (FBXImporter)
Identifier uniqueness violation: 'Name:SM_Plate, Type:Mesh'. Multiple Objects with the same name/type are generated by this Importer. There is no guarantee that subsequent imports of this asset will properly re-link to these targets.
Identifier uniqueness violation: 'Name:SM_Plate, Type:Mesh'. Multiple Objects with the same name/type are generated by this Importer. There is no guarantee that subsequent imports of this asset will properly re-link to these targets.
Imported 'GUID: eaf832853694adb40a1f2ad19876d1b5' -> (Import Result ID: '9d9758d12dd5cadb842df1e00132ed1e') in 0.015 seconds [static dependencies only]. Details - ImportResultOutputID=6f3a19fe3736af91488ee5b1d74676b2 DependenciesID=a3314e59629ca3ba3bab20a5c024602e StaticDependenciesID=30b992cb42ce4dcb1b95a3be743d1af4 
Importing 'GUID: 3b587e77ae1b93f4e9c2a20d78edc71d - Path: Assets/Free Pack/Meshes/SM_Tube_Light.fbx' with importer (FBXImporter)
Identifier uniqueness violation: 'Name:SM_Tube_Light, Type:Mesh'. Multiple Objects with the same name/type are generated by this Importer. There is no guarantee that subsequent imports of this asset will properly re-link to these targets.
Identifier uniqueness violation: 'Name:SM_Tube_Light, Type:Mesh'. Multiple Objects with the same name/type are generated by this Importer. There is no guarantee that subsequent imports of this asset will properly re-link to these targets.
Imported 'GUID: 3b587e77ae1b93f4e9c2a20d78edc71d' -> (Import Result ID: '914ef7da8cdcbbf183901ece83dd6e71') in 0.012 seconds [static dependencies only]. Details - ImportResultOutputID=f9808f25e367ac111090426037765738 DependenciesID=f404b0f1ff1082a9fdaf7f3be3bef268 StaticDependenciesID=3ff88579cc2461d423e38889b75da74d 
Importing 'GUID: fcd36a88a278d594a8321a9a34b340ce - Path: Assets/Free Pack/Meshes/SM_CodFishDish.fbx' with importer (FBXImporter)
Identifier uniqueness violation: 'Name:SM_CodFishDish, Type:Mesh'. Multiple Objects with the same name/type are generated by this Importer. There is no guarantee that subsequent imports of this asset will properly re-link to these targets.
Identifier uniqueness violation: 'Name:SM_CodFishDish, Type:Mesh'. Multiple Objects with the same name/type are generated by this Importer. There is no guarantee that subsequent imports of this asset will properly re-link to these targets.
Imported 'GUID: fcd36a88a278d594a8321a9a34b340ce' -> (Import Result ID: 'c9fc831ff41d412ccd752b1dfb07adff') in 0.024 seconds [static dependencies only]. Details - ImportResultOutputID=cf06d60e972580f40f25a6f0eab4d94b DependenciesID=2f999a3eb19fb4153d1ea8a334a9b8f2 StaticDependenciesID=4e065d179cae0bb7ce0e9ac85673136a 
Importing 'GUID: fc9e0e0987547ed4484efc28e3864431 - Path: Assets/Free Pack/Meshes/SM_Marble_Top_Dining_Table.fbx' with importer (FBXImporter)
Identifier uniqueness violation: 'Name:SM_Marble_Top_Dining_Table, Type:Mesh'. Multiple Objects with the same name/type are generated by this Importer. There is no guarantee that subsequent imports of this asset will properly re-link to these targets.
Identifier uniqueness violation: 'Name:SM_Marble_Top_Dining_Table, Type:Mesh'. Multiple Objects with the same name/type are generated by this Importer. There is no guarantee that subsequent imports of this asset will properly re-link to these targets.
Imported 'GUID: fc9e0e0987547ed4484efc28e3864431' -> (Import Result ID: '0f3f16590ee3a8ff96095c942c076006') in 0.019 seconds [static dependencies only]. Details - ImportResultOutputID=decd1858514ed30860af23b3b9f0ed68 DependenciesID=207e75f8af7c2d5ff8bfff95efddfcb0 StaticDependenciesID=04ea60a0b6569c1d86cc10cbb88d64c6 
Importing 'GUID: 2d2f5a76692f8924eb746f39ce5beadd - Path: Assets/Free Pack/Meshes/SM_Table_V8.fbx' with importer (FBXImporter)
Identifier uniqueness violation: 'Name:SM_Table_V8, Type:Mesh'. Multiple Objects with the same name/type are generated by this Importer. There is no guarantee that subsequent imports of this asset will properly re-link to these targets.
Identifier uniqueness violation: 'Name:SM_Table_V8, Type:Mesh'. Multiple Objects with the same name/type are generated by this Importer. There is no guarantee that subsequent imports of this asset will properly re-link to these targets.
Imported 'GUID: 2d2f5a76692f8924eb746f39ce5beadd' -> (Import Result ID: '35f2af4d0d45b8889cfa93d2be2abf1e') in 0.017 seconds [static dependencies only]. Details - ImportResultOutputID=504d3d8b149181a5f9aa4131cb6579b8 DependenciesID=b0035b1e435586b4af6af015d0ab092d StaticDependenciesID=f60221be4e64861267ed3e20b0972aa2 
Importing 'GUID: 4d99847aac8da704f926f46658bce68b - Path: Assets/Free Pack/Meshes/SM_Apple.fbx' with importer (FBXImporter)
Identifier uniqueness violation: 'Name:SM_Apple, Type:Mesh'. Multiple Objects with the same name/type are generated by this Importer. There is no guarantee that subsequent imports of this asset will properly re-link to these targets.
Identifier uniqueness violation: 'Name:SM_Apple, Type:Mesh'. Multiple Objects with the same name/type are generated by this Importer. There is no guarantee that subsequent imports of this asset will properly re-link to these targets.
Imported 'GUID: 4d99847aac8da704f926f46658bce68b' -> (Import Result ID: '55ea9a3de81c9c0f5960fdba8357b330') in 0.017 seconds [static dependencies only]. Details - ImportResultOutputID=f03cd90a6f17695d52b664303e1ce8c6 DependenciesID=7061f6ce23659a36b20953884a4bea37 StaticDependenciesID=be05915106feb01db554237c7ca3674c 
Importing 'GUID: bf1e88a0111205643be0997ca59a3ddf - Path: Assets/Free Pack/Meshes/SM_Chickenfull.fbx' with importer (FBXImporter)
Identifier uniqueness violation: 'Name:SM_Chickenfull, Type:Mesh'. Multiple Objects with the same name/type are generated by this Importer. There is no guarantee that subsequent imports of this asset will properly re-link to these targets.
Identifier uniqueness violation: 'Name:SM_Chickenfull, Type:Mesh'. Multiple Objects with the same name/type are generated by this Importer. There is no guarantee that subsequent imports of this asset will properly re-link to these targets.
Imported 'GUID: bf1e88a0111205643be0997ca59a3ddf' -> (Import Result ID: '5a90e6682c3432b7e2410ed5cc63166c') in 0.027 seconds [static dependencies only]. Details - ImportResultOutputID=eafc3050252a741c91509d4c91e2b775 DependenciesID=782170e448210d4cd1e2c4c0740b3f8a StaticDependenciesID=6923e849432cf5aaab1cf91729d42d65 
Importing 'GUID: dfca98f72aaf7df4182615d571d3fd20 - Path: Assets/Free Pack/Meshes/SM_Wall_04.fbx' with importer (FBXImporter)
Imported 'GUID: dfca98f72aaf7df4182615d571d3fd20' -> (Import Result ID: '8a763d8f5e64d45f344662f767545680') in 0.012 seconds [static and dynamic dependencies]. Details - ImportResultOutputID=109bfb507648446e74a374c01e16bc58 DependenciesID=089e6c622d1e8a08aeb0aff2be104c50 StaticDependenciesID=06f6bdbaef315b80d4f889979dddab5f 
Importing 'GUID: 03a69a22d4c621046a8da469f775bc98 - Path: Assets/Mini Chibi Free Demo/Models/mini chibi animations/Mini Chibi Animator Controller.controller' with importer (NativeFormatImporter)
Imported 'GUID: 03a69a22d4c621046a8da469f775bc98' -> (Import Result ID: '9758bd52168a4869b0020ff4000ab509') in 0.006 seconds [static dependencies only]. Details - ImportResultOutputID=0359dbcff868cc3e345298746d285fef DependenciesID=341939fd3948d134bd4484cdec7fd82f StaticDependenciesID=f0e678ea13b94cbe701ab8c90d4d24ea 
Importing 'GUID: e0cfa863159472b4bac71ee880576818 - Path: Assets/Mini Chibi Free Demo/Readme.asset' with importer (NativeFormatImporter)
Imported 'GUID: e0cfa863159472b4bac71ee880576818' -> (Import Result ID: '3c50f597b1fff8d3f7280ae0e51b362b') in 0.002 seconds [static dependencies only]. Details - ImportResultOutputID=4a11c01d82a6f12df89d06c918e7f31f DependenciesID=08f3a9a230636390ab9f74c0d52f217a StaticDependenciesID=06aa20476aff671cff874203a2160c11 
Importing 'GUID: 30b312a167534621b316172253b08723 - Path: Packages/com.unity.modules.subsystems/package.json' with importer (PackageManifestImporter)
Imported 'GUID: 30b312a167534621b316172253b08723' -> (Import Result ID: '8de3c95a973b224317dacce37e7702be') in 0.002 seconds [static dependencies only]. Details - ImportResultOutputID=5d4e1d411c6d1280fee0fd81da9b9a41 DependenciesID=9bafb435c48c4c7755bdc5bb1d9e1cec StaticDependenciesID=034ab05de2525bb2e7313dffcd919fd1 
Importing 'GUID: 40bf3cec17fa0b49fe04443c8332d638 - Path: Packages/com.unity.modules.jsonserialize/package.json' with importer (PackageManifestImporter)
Imported 'GUID: 40bf3cec17fa0b49fe04443c8332d638' -> (Import Result ID: 'dc74478dc2f485010c09954444c98194') in 0.002 seconds [static dependencies only]. Details - ImportResultOutputID=891918617c984cf929da287de3b28243 DependenciesID=524dced8f9c0c46e1d588e7a9474a18d StaticDependenciesID=b59c7ab5c87288ceda6dd56f34a61b18 
Importing 'GUID: 70554f6c9e4114e1084bb38f9ea400ce - Path: Packages/com.unity.multiplayer.center/LICENSE.md' with importer (TextScriptImporter)
Imported 'GUID: 70554f6c9e4114e1084bb38f9ea400ce' -> (Import Result ID: '10bd375a7844e7dadd9cf8a547dae205') in 0.002 seconds [static dependencies only]. Details - ImportResultOutputID=59e94a21cec5c01f76c5311c0f7ed1b4 DependenciesID=52cf924b4fac4d92587d47eca86cbc60 StaticDependenciesID=0eebd23acd98e5d505e559c4fa8d84cb 
Importing 'GUID: 80beef77cb19e713c7c2d481b65ed485 - Path: Packages/com.unity.modules.screencapture/package.json' with importer (PackageManifestImporter)
Imported 'GUID: 80beef77cb19e713c7c2d481b65ed485' -> (Import Result ID: '40284b2f6ac03e3c1f0319ad2de0d592') in 0.002 seconds [static dependencies only]. Details - ImportResultOutputID=983250a2dc621a762e73ead2ce94efd8 DependenciesID=8e2e5e210ea5303aae0d9c94826b11c6 StaticDependenciesID=c244387a612b232878d621294bb55c24 
Importing 'GUID: 906c12bc9cd95d3963c6d58f62522c78 - Path: Packages/com.unity.modules.cloth/package.json' with importer (PackageManifestImporter)
Imported 'GUID: 906c12bc9cd95d3963c6d58f62522c78' -> (Import Result ID: 'bb313a688d1cb078f04f5a3f1cfe37a9') in 0.002 seconds [static dependencies only]. Details - ImportResultOutputID=516616d488b80658f1bc6d39e6323fe4 DependenciesID=4aa163d41a31346f5b98e50998b13713 StaticDependenciesID=87400f95dbec46a5627999cf50b5fd5f 
Importing 'GUID: d0e3ad91972c66f5238f5b9b7d5ae58a - Path: Packages/com.unity.modules.unitywebrequesttexture/package.json' with importer (PackageManifestImporter)
Imported 'GUID: d0e3ad91972c66f5238f5b9b7d5ae58a' -> (Import Result ID: 'b621ba6139909d8442e35d1d7718c9a5') in 0.002 seconds [static dependencies only]. Details - ImportResultOutputID=50532d8986b57e8cf0f67d010ae5faa9 DependenciesID=32b938d165224a703beb063403f94944 StaticDependenciesID=9da613ee2b9ef1bce0abd958a1dc87ec 
Importing 'GUID: f0f13f2ab3d6d13cfc6e4656824bfca8 - Path: Packages/com.unity.modules.ai/package.json' with importer (PackageManifestImporter)
Imported 'GUID: f0f13f2ab3d6d13cfc6e4656824bfca8' -> (Import Result ID: '1d7d3cf8766bab9a6f8885e67c93d81a') in 0.002 seconds [static dependencies only]. Details - ImportResultOutputID=084f1efaf4086fe15fda68049aa031a1 DependenciesID=807cb0af003aef104ad4845fd8ad70c0 StaticDependenciesID=26374c5b47a646e5ccb80182d31db66c 
Importing 'GUID: e1ef8466c8fd01a549f10baa4d51fa17 - Path: Packages/com.unity.modules.assetbundle/package.json' with importer (PackageManifestImporter)
Imported 'GUID: e1ef8466c8fd01a549f10baa4d51fa17' -> (Import Result ID: 'ec6fee1f0c2d381b39ff1115c6f942ec') in 0.002 seconds [static dependencies only]. Details - ImportResultOutputID=c14d0c80429a1b2e07a8aa59da3e090e DependenciesID=a3792c15aed70d7464df409c1c0bb21a StaticDependenciesID=696289b7988734643a818e8f6583aa0a 
Importing 'GUID: 42fe78c8fe682715a2cb531422e6ccb3 - Path: Packages/com.unity.modules.imgui/package.json' with importer (PackageManifestImporter)
Imported 'GUID: 42fe78c8fe682715a2cb531422e6ccb3' -> (Import Result ID: '4aa81f0764ac01e969684679d10380c9') in 0.003 seconds [static dependencies only]. Details - ImportResultOutputID=f3517442a7b9f2e47ee8fa5d575508d6 DependenciesID=71f2082766b933690e9c4a0289669571 StaticDependenciesID=4d880b72f9a8cee82e3213d6b75f80e2 
Importing 'GUID: 92a378669877c05c6071d0fed687bb95 - Path: Packages/com.unity.modules.tilemap/package.json' with importer (PackageManifestImporter)
Imported 'GUID: 92a378669877c05c6071d0fed687bb95' -> (Import Result ID: '6f57079b20ac940598b62875ba6a4cca') in 0.002 seconds [static dependencies only]. Details - ImportResultOutputID=f33f95d07119304837f09eeace9783ca DependenciesID=53601d3633b1f4b128b6e771bd4ad48e StaticDependenciesID=1325c35e683f5e2d4ec3bb3937b224d1 
Importing 'GUID: 43674d438e19b89d7fe6af07234f3252 - Path: Packages/com.unity.modules.accessibility/package.json' with importer (PackageManifestImporter)
Imported 'GUID: 43674d438e19b89d7fe6af07234f3252' -> (Import Result ID: '7aee9f9f21b73695bf69f4595cfc7bb0') in 0.002 seconds [static dependencies only]. Details - ImportResultOutputID=e23a5c5d7d61ce365f1d19ca6a223a88 DependenciesID=16ea41b7b36261eba6fd2ea33f0c1ced StaticDependenciesID=5b661ecc631dbb4d3aacaa8e8e509cc4 
Importing 'GUID: c359bcaf4a0bc4040aac650bf14ec619 - Path: Packages/com.unity.multiplayer.center/README.md' with importer (TextScriptImporter)
Imported 'GUID: c359bcaf4a0bc4040aac650bf14ec619' -> (Import Result ID: 'a068d1eeccb1ed5414553dfb1dc01073') in 0.002 seconds [static dependencies only]. Details - ImportResultOutputID=82d3a5be604caff878ff7e228f1601f7 DependenciesID=821e63a612675be9a6433da75b545e01 StaticDependenciesID=7d6e449d0c53affb3cf967fb003feb81 
Importing 'GUID: d3cbe921f7b3d9a3257e7c61a5761796 - Path: Packages/com.unity.modules.terrainphysics/package.json' with importer (PackageManifestImporter)
Imported 'GUID: d3cbe921f7b3d9a3257e7c61a5761796' -> (Import Result ID: '72b2ef1c311a08ccb583b008a195ca52') in 0.002 seconds [static dependencies only]. Details - ImportResultOutputID=4293423a982649a317eebc9f11bbd1b8 DependenciesID=66a7e029c097bdb78f32c10c185151fb StaticDependenciesID=8c632b87a98afca082e3521c3fa70ba3 
Importing 'GUID: 05f7f519769978b79b31d063a7fc6fa1 - Path: Packages/com.unity.modules.unitywebrequestassetbundle/package.json' with importer (PackageManifestImporter)
Imported 'GUID: 05f7f519769978b79b31d063a7fc6fa1' -> (Import Result ID: 'a2428138bb98233944a2aafe3d6068e3') in 0.002 seconds [static dependencies only]. Details - ImportResultOutputID=a676fdc87741fdb3d4562c9b189a12fc DependenciesID=aabd8b0ccbf47161a492481a46662859 StaticDependenciesID=5c7167364987969ddac6803c68b62994 
Importing 'GUID: 953fab16d15d5885b3600fcd6388b2ad - Path: Packages/com.unity.modules.imageconversion/package.json' with importer (PackageManifestImporter)
Imported 'GUID: 953fab16d15d5885b3600fcd6388b2ad' -> (Import Result ID: 'eab50940bd9f5b093e9eda2bf36c835a') in 0.002 seconds [static dependencies only]. Details - ImportResultOutputID=21af7c3c6098e54697c36eeb0f93f731 DependenciesID=8ced61bcf47a53b3c5905f4090a8f299 StaticDependenciesID=4d043332e4c17c1d228b0d8179869c0b 
Importing 'GUID: b5930dbc378b45d406aeb881f06b6dfa - Path: Packages/com.unity.modules.physicscore2d/package.json' with importer (PackageManifestImporter)
Imported 'GUID: b5930dbc378b45d406aeb881f06b6dfa' -> (Import Result ID: 'b51bbb9c5b98ded89b72d33ee557b0fc') in 0.002 seconds [static dependencies only]. Details - ImportResultOutputID=17eebdd45c9292f6cb08e3796d0e3496 DependenciesID=5b1bc71c32d10ce6947fcfc3045f7e27 StaticDependenciesID=664b17d6e972722642f9984854123fd2 
Importing 'GUID: 26a4f29db434fd79025c91f6126382cc - Path: Packages/com.unity.modules.unityanalytics/package.json' with importer (PackageManifestImporter)
Imported 'GUID: 26a4f29db434fd79025c91f6126382cc' -> (Import Result ID: 'ed39bdd269e08d8121c9c2236915bb5d') in 0.002 seconds [static dependencies only]. Details - ImportResultOutputID=64cd0125ffa27280e42f5bc3480004c0 DependenciesID=23697ad1e7f6846e5150a87e93a90ba2 StaticDependenciesID=6855b55737049f0c1ae5d9130125163a 
Importing 'GUID: 8637e8b8d01bbd64f9c08697caae4f92 - Path: Assets/Free Pack/Intro/Thankyou.txt' with importer (TextScriptImporter)
Imported 'GUID: 8637e8b8d01bbd64f9c08697caae4f92' -> (Import Result ID: '3256a8898256d3da6ad01139b9769cd0') in 0.002 seconds [static dependencies only]. Details - ImportResultOutputID=dfadb12b1572c5c3ad2a0725bdff02a4 DependenciesID=927989ad3780ee14953e3c9fc46aa399 StaticDependenciesID=aeabadaf300cb3d19170e30c133f7cd4 
Importing 'GUID: 96d14b71b907bb52333b2886e665aba6 - Path: Packages/com.unity.modules.video/package.json' with importer (PackageManifestImporter)
Imported 'GUID: 96d14b71b907bb52333b2886e665aba6' -> (Import Result ID: '1c92b7bcd5476f86035b28a57a9985c9') in 0.002 seconds [static dependencies only]. Details - ImportResultOutputID=97331c0a394344b81f304a267aa0ee32 DependenciesID=125111c6b1feee1f879efe833d44ed95 StaticDependenciesID=aa1c2b44ae1e74931e0ca7df3ec20c71 
Importing 'GUID: 87d720faa37005c08600090e04d8c739 - Path: Packages/com.unity.modules.particlesystem/package.json' with importer (PackageManifestImporter)
Imported 'GUID: 87d720faa37005c08600090e04d8c739' -> (Import Result ID: '2e9f4521bca9c1865042742c5b1e4cc9') in 0.004 seconds [static dependencies only]. Details - ImportResultOutputID=ab3ee686cd4ed15f5f20d2c8a27562c1 DependenciesID=8502a938c7a4810364469d926ee09ae4 StaticDependenciesID=2fb71a650dacf458b8746320c54d56d4 
Importing 'GUID: f7a8357347c80dc69c08d0b1a05e2122 - Path: Packages/com.unity.modules.physics2d/package.json' with importer (PackageManifestImporter)
Imported 'GUID: f7a8357347c80dc69c08d0b1a05e2122' -> (Import Result ID: 'bafead4f8ec7c5f239150d6e9c0c9dce') in 0.002 seconds [static dependencies only]. Details - ImportResultOutputID=919e2a11128050effa789097769a2a78 DependenciesID=630c9fc2548870db888e618fccce2fec StaticDependenciesID=da48bb7bff659db2a18109d0117e6b3e 
Importing 'GUID: 78e5667e52329c3ceef41288763404ae - Path: Packages/com.unity.modules.vectorgraphics/package.json' with importer (PackageManifestImporter)
Imported 'GUID: 78e5667e52329c3ceef41288763404ae' -> (Import Result ID: 'c31ea1bfb1fdafc0988bb5d7d35d1f26') in 0.002 seconds [static dependencies only]. Details - ImportResultOutputID=4ecdabad2dfa4bdbd05a32eab7720e4f DependenciesID=ad0a6f33ec05f6b7f4750529ac2248ad StaticDependenciesID=4ab57d3dafe36498c41bd929910abde5 
Importing 'GUID: b83f06ac0c0696e9563230865ca72b81 - Path: Packages/com.unity.modules.wind/package.json' with importer (PackageManifestImporter)
Imported 'GUID: b83f06ac0c0696e9563230865ca72b81' -> (Import Result ID: 'f36c8f4f417f1773147c655ffce47cc5') in 0.002 seconds [static dependencies only]. Details - ImportResultOutputID=48a5258515ca15f6f7f90d7b79f1d94b DependenciesID=f614ea98cbba1e6b2be7c357a79ecc27 StaticDependenciesID=214e53020ac2c522a920f4b27fdae6a9 
Importing 'GUID: c8f6fa942856442b8bd72594d3ce7363 - Path: Packages/com.unity.multiplayer.center/Third Party Notices.md' with importer (TextScriptImporter)
Imported 'GUID: c8f6fa942856442b8bd72594d3ce7363' -> (Import Result ID: '2a75a020629435c95987a91372a945a3') in 0.002 seconds [static dependencies only]. Details - ImportResultOutputID=03ddb98ad266806dbd104aeb58230d0c DependenciesID=cd546e5367619eb19c3e277641312771 StaticDependenciesID=a44274cdb0450f2d306674c20bf8fcb4 
Importing 'GUID: d85e5eeaf8f135aeaaebdc8aa3cff6c3 - Path: Packages/com.unity.modules.umbra/package.json' with importer (PackageManifestImporter)
Imported 'GUID: d85e5eeaf8f135aeaaebdc8aa3cff6c3' -> (Import Result ID: '4ae1fdeb05ae8a397aa888415dfd9196') in 0.002 seconds [static dependencies only]. Details - ImportResultOutputID=4d25716d6c3e24bf1a7a8cbf11399c74 DependenciesID=290a701eddc7932857d1c24c573f9cd9 StaticDependenciesID=fc61e42e835b01adaab38e5f28a07fab 
Importing 'GUID: e9df95f53f1c1d0c9199e235d6c42b50 - Path: Packages/com.unity.modules.audio/package.json' with importer (PackageManifestImporter)
Imported 'GUID: e9df95f53f1c1d0c9199e235d6c42b50' -> (Import Result ID: '2d2e957f4839dae1509d5bfe16a67dc5') in 0.002 seconds [static dependencies only]. Details - ImportResultOutputID=7bff69c037aa519a654c229c1b6809dd DependenciesID=bbbe179b0f7a387cc5e06d23de59dc61 StaticDependenciesID=e44769c2a101a8e3bc38974302a225f8 
Importing 'GUID: 1a4266815e998967becf686f9c71f0a6 - Path: Packages/com.unity.modules.physics/package.json' with importer (PackageManifestImporter)
Imported 'GUID: 1a4266815e998967becf686f9c71f0a6' -> (Import Result ID: '055d3a4f59480e2a32caad607ffa27d5') in 0.002 seconds [static dependencies only]. Details - ImportResultOutputID=2c72742771a2c41ecd040e5a25968787 DependenciesID=bdc8602b909bd97540f8182571ab9f31 StaticDependenciesID=b125306088622e4408f44addb4a60213 
Importing 'GUID: 6afb166a156df2d20433d981f4bb2832 - Path: Packages/com.unity.modules.vehicles/package.json' with importer (PackageManifestImporter)
Imported 'GUID: 6afb166a156df2d20433d981f4bb2832' -> (Import Result ID: 'f67407be6d460176782b81d28c7f9e14') in 0.002 seconds [static dependencies only]. Details - ImportResultOutputID=b9584b21688236880549537b502bc979 DependenciesID=d8f7d57ff02978897a86041376ffd6ce StaticDependenciesID=efd00ecf72e15a5677804836c34a7f26 
Importing 'GUID: fa27413e9edb06a6058d6c894eca0338 - Path: Packages/com.unity.modules.unitywebrequestwww/package.json' with importer (PackageManifestImporter)
Imported 'GUID: fa27413e9edb06a6058d6c894eca0338' -> (Import Result ID: '8aff4d3bde27cada86a76f1f99f1448a') in 0.002 seconds [static dependencies only]. Details - ImportResultOutputID=ef4111052f639e700ab30e1188cae7f8 DependenciesID=64abdf9a39b495239060d15622b19f6c StaticDependenciesID=97a6dd1d7e0e608aee09209f7f2b4d99 
Importing 'GUID: 3bbd27b3dd7be4a74aeab8da6b0af5cc - Path: Packages/com.unity.multiplayer.center/CHANGELOG.md' with importer (TextScriptImporter)
Imported 'GUID: 3bbd27b3dd7be4a74aeab8da6b0af5cc' -> (Import Result ID: 'f84ee636f1ad1e1dede43e68431302f2') in 0.002 seconds [static dependencies only]. Details - ImportResultOutputID=b417cc241394cfbb33a1752f594fb22c DependenciesID=57e141f7ac1220f60fcef84a843ab200 StaticDependenciesID=1e8083b47d5dcfb78adfb23af9934c6b 
Importing 'GUID: 4b518b37798c97b0f860962cbf615533 - Path: Packages/com.unity.modules.unitywebrequestaudio/package.json' with importer (PackageManifestImporter)
Imported 'GUID: 4b518b37798c97b0f860962cbf615533' -> (Import Result ID: '6a3bdfbd56c9e6c8fe0479025913647e') in 0.002 seconds [static dependencies only]. Details - ImportResultOutputID=91f22434b9ab55a5c83f3c60940e8474 DependenciesID=73df2ace5f4f3360912ea6171610c121 StaticDependenciesID=53c953cd0acf9b05670731dce566b073 
Importing 'GUID: 9b1a5759726ef9d39a0ab82047b615f1 - Path: Packages/com.unity.modules.hierarchycore/package.json' with importer (PackageManifestImporter)
Imported 'GUID: 9b1a5759726ef9d39a0ab82047b615f1' -> (Import Result ID: 'fa148ed711bd3e080a8e835b177c5c6f') in 0.002 seconds [static dependencies only]. Details - ImportResultOutputID=1299c778185973c2d3f2bb276cd8d0e7 DependenciesID=6b51779d84b5eaf6d804da9781a2705a StaticDependenciesID=47355a3424173941f09b40fa4a0e4c37 
Importing 'GUID: 2c814623cb42764d304be0c5ddd03ceb - Path: Packages/com.unity.modules.xr/package.json' with importer (PackageManifestImporter)
Imported 'GUID: 2c814623cb42764d304be0c5ddd03ceb' -> (Import Result ID: '0d9175bc1dd47336e71d01ac77371dc2') in 0.002 seconds [static dependencies only]. Details - ImportResultOutputID=7f441ac2d6a687e067f2d83f9a07d6bb DependenciesID=73f5c45432c5cd4dc3bd9d0666d8c84e StaticDependenciesID=77e9d30246e389396b4a6173a4f6663f 
Importing 'GUID: 4c413a81cadcce7038e446e56570117e - Path: Packages/com.unity.modules.adaptiveperformance/package.json' with importer (PackageManifestImporter)
Imported 'GUID: 4c413a81cadcce7038e446e56570117e' -> (Import Result ID: '2bcec5b001621b555a89008556fd889c') in 0.002 seconds [static dependencies only]. Details - ImportResultOutputID=e58e4e674ae30d7b75f4a6d1a5cb9032 DependenciesID=dee357e1aa1e2f89a9ed5ae6449b58ff StaticDependenciesID=3a4d31e25901b63c9d9135b3327d42f9 
Importing 'GUID: ec02776fe29df900b897106d61977735 - Path: Packages/com.unity.modules.director/package.json' with importer (PackageManifestImporter)
Imported 'GUID: ec02776fe29df900b897106d61977735' -> (Import Result ID: 'c105d0537bd11edb8fdfd5649d0e00da') in 0.002 seconds [static dependencies only]. Details - ImportResultOutputID=d3cc052d8f895db30a66424de2b1783d DependenciesID=7d93a6263b7f32b08c02e969a68769cd StaticDependenciesID=995e7b4ac97d7d0755f57739f9902f1e 
Importing 'GUID: 6d56244f8c39a851975d3c0bd432c66f - Path: Packages/com.unity.modules.terrain/package.json' with importer (PackageManifestImporter)
Imported 'GUID: 6d56244f8c39a851975d3c0bd432c66f' -> (Import Result ID: '9c308acd54b9e02830a7a9aa11332cfb') in 0.002 seconds [static dependencies only]. Details - ImportResultOutputID=0147ed4a7bf27ee69660cd49b175a05f DependenciesID=116335bb763fdfa9c848adf761e1c399 StaticDependenciesID=b9ad004fd01d96093b309d2e4ec21b71 
Importing 'GUID: bd1af0a6633ee94ae21c7d1d702cdc12 - Path: Packages/com.unity.modules.androidjni/package.json' with importer (PackageManifestImporter)
Imported 'GUID: bd1af0a6633ee94ae21c7d1d702cdc12' -> (Import Result ID: '81447ae4672061c388ba02df11c36b55') in 0.002 seconds [static dependencies only]. Details - ImportResultOutputID=58196444acd2f5a146944d8272e88433 DependenciesID=4e4f8d1653ad2b7303c0ceae0d881629 StaticDependenciesID=b79f2d1e0586b05487c288837e9abba3 
Importing 'GUID: 7ef8348b8ea834d7e1bc214b07f7fb87 - Path: Packages/com.unity.modules.animation/package.json' with importer (PackageManifestImporter)
Imported 'GUID: 7ef8348b8ea834d7e1bc214b07f7fb87' -> (Import Result ID: 'aa73f4f9a81bb9f1a72e79a3cd4911c5') in 0.002 seconds [static dependencies only]. Details - ImportResultOutputID=71365924848c115c14d4e8a430945e5d DependenciesID=7ef63017efdd83a1108a0552f5da04f6 StaticDependenciesID=01f29a190f6e79cbc51d5448fb8d4436 
Importing 'GUID: 3fdd83b151eb8d25c5e2f82fc39dcb04 - Path: Packages/com.unity.modules.unitywebrequest/package.json' with importer (PackageManifestImporter)
Imported 'GUID: 3fdd83b151eb8d25c5e2f82fc39dcb04' -> (Import Result ID: 'e59db8c48f1c6fc224861371ef84ee98') in 0.002 seconds [static dependencies only]. Details - ImportResultOutputID=609e642c4d5fd6e0b6d325d2f170eb1c DependenciesID=8d95c7e221f42c1b21093d8de29a9f14 StaticDependenciesID=464feb2dc08708dd25b5d93d953930bd 
Importing 'GUID: 4f0f9b9f3ed97ad2b9ba8f1a8e4666c2 - Path: Packages/com.unity.modules.uielements/package.json' with importer (PackageManifestImporter)
Imported 'GUID: 4f0f9b9f3ed97ad2b9ba8f1a8e4666c2' -> (Import Result ID: '5e5f6fd610a7e9756e33a1fa20f77ff8') in 0.002 seconds [static dependencies only]. Details - ImportResultOutputID=14c0f2b1b250cec076c4d9c62abdd5a9 DependenciesID=8d79c327733e196cccd7d98169c6611b StaticDependenciesID=59ff60bd856a86cad536fba24ca015fb 
Importing 'GUID: bfd567a3d1631a761bca9e99fa53d86d - Path: Packages/com.unity.modules.ui/package.json' with importer (PackageManifestImporter)
Imported 'GUID: bfd567a3d1631a761bca9e99fa53d86d' -> (Import Result ID: '2a7f4eb07cbf4c89cfee9f1bf250e630') in 0.002 seconds [static dependencies only]. Details - ImportResultOutputID=7bb9b76f93faf76244e454a1fca49870 DependenciesID=1ceefbeb770380c5e76c8628d359d577 StaticDependenciesID=ec1ea40555be2d91f84419406494df6b 
Importing 'GUID: df0857f6a11054383be91b1f8e1b5800 - Path: Packages/com.unity.multiplayer.center/package.json' with importer (PackageManifestImporter)
Imported 'GUID: df0857f6a11054383be91b1f8e1b5800' -> (Import Result ID: 'b4058e1fbbab7e25e123cd778f772519') in 0.002 seconds [static dependencies only]. Details - ImportResultOutputID=56cb21bd62786f0bf6019a6ac763d7f4 DependenciesID=946e89713d6895eb9874952671d5bcb6 StaticDependenciesID=3322c79b966396e27c3e8477c8a822ef 
Importing 'GUID: 403bc12e463eab646bcba4e8cdcff85c - Path: Assets/Free Pack/Built-In/Prefabs/SM_Fridge.prefab' with importer (PrefabImporter)
Imported 'GUID: 403bc12e463eab646bcba4e8cdcff85c' -> (Import Result ID: '03682941e0c6bee1e7b28d34e814e009') in 0.112 seconds [static dependencies only]. Details - ImportResultOutputID=bfc394899af2084f120b21b28c934dff DependenciesID=c7f423cc4b267e747c29d155769b4fdf StaticDependenciesID=878d9d5420aabc2e6ceb998de373ee7c 
Importing 'GUID: 7028b362d7e9c0d4a9775aa5a44fca3a - Path: Assets/Free Pack/Built-In/Prefabs/SM_Wall_04.prefab' with importer (PrefabImporter)
Imported 'GUID: 7028b362d7e9c0d4a9775aa5a44fca3a' -> (Import Result ID: 'dc13503234698bad813e6c7c8aaeb027') in 0.003 seconds [static dependencies only]. Details - ImportResultOutputID=80b1db71030aaf539abbf40a699fe2ac DependenciesID=e430bfb48025b363e62dd222538ca842 StaticDependenciesID=144f92bad41805aaca6e906e543af898 
Importing 'GUID: 80f693e10452c9441a036dfc97892419 - Path: Assets/Free Pack/URP/Prefabs/SM_Jar_07_URP.prefab' with importer (PrefabImporter)
Imported 'GUID: 80f693e10452c9441a036dfc97892419' -> (Import Result ID: 'ee8fac54418982f2382097e89bae45ff') in 0.003 seconds [static dependencies only]. Details - ImportResultOutputID=d7686c8d81cd5456d2f324da9c5dccd4 DependenciesID=1d655b24062d609ae33227da63e78914 StaticDependenciesID=dcc7a4566eb5d05ef9e2948fb19326d7 
Importing 'GUID: c070fa36abae1db4b964bc2f0020e1a8 - Path: Assets/Free Pack/HDRP/Prefabs/SM_Spoon_05_HDRP.prefab' with importer (PrefabImporter)
Imported 'GUID: c070fa36abae1db4b964bc2f0020e1a8' -> (Import Result ID: 'e26481d2aba6299b7b04de9769f721d2') in 0.003 seconds [static dependencies only]. Details - ImportResultOutputID=223329a9d1f4a638b6212ade01d48997 DependenciesID=ed758b6b76bf8f47b7c74963e48381d8 StaticDependenciesID=66edb51f64224268c0f72b4c8e9a7c72 
Importing 'GUID: c07763dd97a6f4440b80d9589d05fc00 - Path: Assets/Free Pack/HDRP/Prefabs/SM_Cereal_box_HDRP.prefab' with importer (PrefabImporter)
Imported 'GUID: c07763dd97a6f4440b80d9589d05fc00' -> (Import Result ID: '025282a2d03858d51e3c207ba83e0d4d') in 0.003 seconds [static dependencies only]. Details - ImportResultOutputID=e2ba7d16c366a055639678c777fe7d82 DependenciesID=935fcebfd45e9a43722ee8af1ae39797 StaticDependenciesID=d7b8734f7aaa91f10a16bc51052def69 
Importing 'GUID: d0ec0d0eeb3f3e24cb26d1b4515a162f - Path: Assets/wall4 (5).prefab' with importer (PrefabImporter)
Imported 'GUID: d0ec0d0eeb3f3e24cb26d1b4515a162f' -> (Import Result ID: '529cc05b97780ac5dcca65374b2569ad') in 0.002 seconds [static dependencies only]. Details - ImportResultOutputID=8fce5fee72b7c93225b0873ba85fd1db DependenciesID=67e819db75a7e01bb491255a39cbf964 StaticDependenciesID=c86a959ee5f57a7efb38262f5f20a9e8 
Importing 'GUID: d00e4641b2c04d14b861e8acd9d90ee9 - Path: Assets/Free Pack/URP/Prefabs/SM_Chickenfull_URP.prefab' with importer (PrefabImporter)
Imported 'GUID: d00e4641b2c04d14b861e8acd9d90ee9' -> (Import Result ID: '77e9699453f50a8532f3dd4e3e6e91ff') in 0.003 seconds [static dependencies only]. Details - ImportResultOutputID=d848868ae242430959c7cf5377ecd61d DependenciesID=cf6dda8fbca8ba49c91ce526356441b8 StaticDependenciesID=77fe3cea2d2b0b073fedca7e828dd78f 
Importing 'GUID: e05396dd43b843c4fbffd292171fe122 - Path: Assets/Free Pack/URP/Prefabs/SM_Spoon_05_URP.prefab' with importer (PrefabImporter)
Imported 'GUID: e05396dd43b843c4fbffd292171fe122' -> (Import Result ID: '455bf912937a336b54d8990cc61a304c') in 0.003 seconds [static dependencies only]. Details - ImportResultOutputID=cc79525e0a0fa7552f6ac7294c6ba30b DependenciesID=f9fc38fbeefb256558e796a6b5dc8187 StaticDependenciesID=b7c965546e3e4f83879d0fbf5add65ee 
Importing 'GUID: 01de0f54ba701c247ac922684b7ad83f - Path: Assets/Free Pack/HDRP/Prefabs/SM_Apple_HDRP.prefab' with importer (PrefabImporter)
Imported 'GUID: 01de0f54ba701c247ac922684b7ad83f' -> (Import Result ID: 'e5258de84256bfeed6b6b6b1f0d5a6d7') in 0.003 seconds [static dependencies only]. Details - ImportResultOutputID=22b524ab876c7828d4532f4b71733556 DependenciesID=249e8c7c5e04ee06b67ff9b1696231ff StaticDependenciesID=b6d27133f3f4be6f3985bb7a8d3262dc 
Importing 'GUID: 31e852c6c7032744b88943a0b390fd7b - Path: Assets/Free Pack/Built-In/Prefabs/SM_CodFishDish.prefab' with importer (PrefabImporter)
Imported 'GUID: 31e852c6c7032744b88943a0b390fd7b' -> (Import Result ID: '5cbae700b81da9dd2dbb411b0db63f40') in 0.004 seconds [static dependencies only]. Details - ImportResultOutputID=e600edcd4d8ef630164ecfc116c77025 DependenciesID=090b7415d42bb63d954731b2e7909a0a StaticDependenciesID=4944424c14097d31bc0de2a1d12f8199 
Importing 'GUID: 71bb12409e9ba144db9e99348df0fdf6 - Path: Assets/Free Pack/URP/Prefabs/SM_Bottle_32_URP.prefab' with importer (PrefabImporter)
Imported 'GUID: 71bb12409e9ba144db9e99348df0fdf6' -> (Import Result ID: '6283c3bbcc91d2f2a153da3bccafaea7') in 0.003 seconds [static dependencies only]. Details - ImportResultOutputID=720be2deeb72bda4727ffc60f11dcf82 DependenciesID=98f9f3a80ee7b868eb82e6471220ea31 StaticDependenciesID=623fcaa89f71b47780a271fccaff715f 
Importing 'GUID: 812f60d5ee37b8b41bf9e6c3ec4d5cc0 - Path: Assets/Free Pack/URP/Prefabs/SM_Cabinet_Doors_01_URP.prefab' with importer (PrefabImporter)
Imported 'GUID: 812f60d5ee37b8b41bf9e6c3ec4d5cc0' -> (Import Result ID: '567b532045c7228c046c6e853f3ca433') in 0.004 seconds [static dependencies only]. Details - ImportResultOutputID=ec59333333e048cb680a356a384af5fe DependenciesID=f8f019a4be9be2fac88378b4ba7721f2 StaticDependenciesID=3f5e586a8d71dd2fe8a0b46989aeadb6 
Importing 'GUID: b1ab9cc015d27e54ba0ab2908505fb2b - Path: Assets/Free Pack/HDRP/Prefabs/SM_Chickenfull_HDRP.prefab' with importer (PrefabImporter)
Imported 'GUID: b1ab9cc015d27e54ba0ab2908505fb2b' -> (Import Result ID: 'c1e91d82674bde160f4d722e9a7a0cfb') in 0.003 seconds [static dependencies only]. Details - ImportResultOutputID=9649cdb7d5452ba9930aae373aea73ae DependenciesID=9b4bb68d94259af9f4bcd2b1bcb0f668 StaticDependenciesID=8d889739e0c822cc8fc3f8c3e2fe2923 
Importing 'GUID: d10aad0c115520a4bbf59a048fa1ff3f - Path: Assets/Free Pack/Built-In/Prefabs/SM_Tube_Light.prefab' with importer (PrefabImporter)
Imported 'GUID: d10aad0c115520a4bbf59a048fa1ff3f' -> (Import Result ID: 'ab590486e9fa95df8c149af5f5cbda4e') in 0.003 seconds [static dependencies only]. Details - ImportResultOutputID=30ecbfb6eb786924fd0c303ad39566ab DependenciesID=61feb51400cc327372896052bb6839d2 StaticDependenciesID=2e763c2d884b49ba0bef3ed554aefa1c 
Importing 'GUID: f1c989da24bd6544b93f4ffd2cd12262 - Path: Assets/Free Pack/Built-In/Prefabs/SM_Grapes_02.prefab' with importer (PrefabImporter)
Imported 'GUID: f1c989da24bd6544b93f4ffd2cd12262' -> (Import Result ID: '9451d680da33c97e3c37ce2087f86330') in 0.003 seconds [static dependencies only]. Details - ImportResultOutputID=2192b566c7be9a108dd159ca95bdb609 DependenciesID=4034ab891ea0773b0078c86c8c73209d StaticDependenciesID=161df4b11cb0d6e808939d28988e5933 
Importing 'GUID: 32ae1c6b6ea3e1340b7186bfad4230f8 - Path: Assets/Free Pack/Built-In/Prefabs/SM_Banana.prefab' with importer (PrefabImporter)
Imported 'GUID: 32ae1c6b6ea3e1340b7186bfad4230f8' -> (Import Result ID: '3b43a997827d2c7e3f13f9ba5566a937') in 0.003 seconds [static dependencies only]. Details - ImportResultOutputID=073e5309977767665f21a79a82a47320 DependenciesID=35f9963420da9ce225f65467c85e36b5 StaticDependenciesID=55318c78f82d37b5f954df5499c387bc 
Importing 'GUID: 4295545f69b299c4cb9e942e7d0c1793 - Path: Assets/Free Pack/Built-In/Prefabs/SM_Mug_02.prefab' with importer (PrefabImporter)
Imported 'GUID: 4295545f69b299c4cb9e942e7d0c1793' -> (Import Result ID: '130dad1e347a37bf5016ffafa56576e4') in 0.004 seconds [static dependencies only]. Details - ImportResultOutputID=fc31d59aeafa31152c7ec7e1e087ad2b DependenciesID=fa8fd30ed5fc285a4b1d78b95ecd1ca0 StaticDependenciesID=1d6f15c01735e036476cb8f946b15d2b 
Importing 'GUID: 5278a3b728faf774fb159ce2b4f9d52e - Path: Assets/Free Pack/HDRP/Prefabs/SM_Banana_HDRP.prefab' with importer (PrefabImporter)
Imported 'GUID: 5278a3b728faf774fb159ce2b4f9d52e' -> (Import Result ID: '080f6a8da96b6c70dc7fc9f3357a698f') in 0.003 seconds [static dependencies only]. Details - ImportResultOutputID=64e3256896cab59ac9bb9d181e7d1c8e DependenciesID=523aef6b93ca90b68526df4564c3f22c StaticDependenciesID=281c0ee133a494b9c23193d73788a8af 
Importing 'GUID: a27612287e172514690d62a8eca6be17 - Path: Assets/Free Pack/Built-In/Prefabs/SM_Spoon_04.prefab' with importer (PrefabImporter)
Imported 'GUID: a27612287e172514690d62a8eca6be17' -> (Import Result ID: '1e290eb4a459784a302d5ebe95af949c') in 0.003 seconds [static dependencies only]. Details - ImportResultOutputID=45f4c1db50b5b3c3cba46b5c4ea1efa2 DependenciesID=450e4050bfb08e7f281fbaf358975149 StaticDependenciesID=752562abb39908f018124810f5b43ed1 
Importing 'GUID: 03079335b7835c746a9087e890f49c8b - Path: Assets/Free Pack/Built-In/Prefabs/SM_Coffee_cup.prefab' with importer (PrefabImporter)
Imported 'GUID: 03079335b7835c746a9087e890f49c8b' -> (Import Result ID: '6530d6889bc73bbc16ff412855497f57') in 0.003 seconds [static dependencies only]. Details - ImportResultOutputID=2a89bc9b8829570dcb9eead7d71dbefe DependenciesID=7dd8904bb50bb86601f14e41ef376d37 StaticDependenciesID=ff6ae83d6a59dc61fa9080596903ebb4 
Importing 'GUID: 33b535f9574a3074ca0fd699ba463ad7 - Path: Assets/Free Pack/URP/Prefabs/SM_Cereal_box_URP.prefab' with importer (PrefabImporter)
Imported 'GUID: 33b535f9574a3074ca0fd699ba463ad7' -> (Import Result ID: 'af6057cc244b6d5be80a8831594cf3df') in 0.003 seconds [static dependencies only]. Details - ImportResultOutputID=e86e3477a297006b618cd653e73adc41 DependenciesID=d46d827b5a09154881e76baa397b5650 StaticDependenciesID=0a1ec3aadd01277701cbdf3e49e891cf 
Importing 'GUID: 93720045080c28a488fd81301407c122 - Path: Assets/wall4 (4).prefab' with importer (PrefabImporter)
Imported 'GUID: 93720045080c28a488fd81301407c122' -> (Import Result ID: '25e5a7c3ee574df9045c894d044dd240') in 0.002 seconds [static dependencies only]. Details - ImportResultOutputID=ef90e9f0f394380ec9d21436100eaf7b DependenciesID=16cfa4e5f1fbc6cd17f26426209abcec StaticDependenciesID=e14a741b67153240014a7564c16f9c9e 
Importing 'GUID: a31bc76a174afc14cb4cccadbc866c7c - Path: Assets/Free Pack/Built-In/Prefabs/SM_Marble_Top_Dining_Table.prefab' with importer (PrefabImporter)
Imported 'GUID: a31bc76a174afc14cb4cccadbc866c7c' -> (Import Result ID: 'eefe4f16f9047bf244391b93d4dab2a8') in 0.004 seconds [static dependencies only]. Details - ImportResultOutputID=e9c20f9990f9ef5c9fbf3da3b2d27595 DependenciesID=df1f74c88c687b725b60f3e4be87179e StaticDependenciesID=8ebf91f22436627b32e46868c2b3cb80 
Importing 'GUID: 047b935f87cbc5941b059b2b05dee3ad - Path: Assets/Free Pack/HDRP/Prefabs/SM_HH_Basket_04_HDRP.prefab' with importer (PrefabImporter)
Imported 'GUID: 047b935f87cbc5941b059b2b05dee3ad' -> (Import Result ID: '36e09553b3dfaad0c1943ae68c12e576') in 0.003 seconds [static dependencies only]. Details - ImportResultOutputID=097035374e66316d9d43aa43c8bcdcc8 DependenciesID=17d7d33a0ff2ac2d6b8943e587e80b62 StaticDependenciesID=5263a3f52ee7015f3bbfa945eb285faf 
Importing 'GUID: 449c56fab7747d04c979c325ac03d5e0 - Path: Assets/Free Pack/Built-In/Prefabs/SM_Table_V8.prefab' with importer (PrefabImporter)
Imported 'GUID: 449c56fab7747d04c979c325ac03d5e0' -> (Import Result ID: '75a9c48920cfd3918db4a6718e372ac2') in 0.003 seconds [static dependencies only]. Details - ImportResultOutputID=add8276da754bca3b06e01ae06bd948c DependenciesID=934880aae510d4a8eb5181ec611b2e8c StaticDependenciesID=928372cd770e74a67ae3c13adb3399e7 
Importing 'GUID: 64c665c8108bce044a9b62536e1cab6d - Path: Assets/Free Pack/Built-In/Prefabs/SM_Candle_stand_05.prefab' with importer (PrefabImporter)
Imported 'GUID: 64c665c8108bce044a9b62536e1cab6d' -> (Import Result ID: '052f14ee6aa9ff122326b417bd3c8331') in 0.003 seconds [static dependencies only]. Details - ImportResultOutputID=d8cf0a1539f94197c5627c77188c0f49 DependenciesID=71b00e496e35d18f9d9fa7782ab8c9a7 StaticDependenciesID=35b89148c9abe11e443e44f224b5945a 
Importing 'GUID: 84f2de4beb6e9db4bb4a358bead0f318 - Path: Assets/Free Pack/Built-In/Prefabs/SM_Chair_V2.prefab' with importer (PrefabImporter)
Imported 'GUID: 84f2de4beb6e9db4bb4a358bead0f318' -> (Import Result ID: '44a88b51cd4be67e6ed63c36b32fe085') in 0.003 seconds [static dependencies only]. Details - ImportResultOutputID=ad8462faa6532ab58e906b12a79ceb96 DependenciesID=9312bced65cfc808c3e10e155b07f806 StaticDependenciesID=cf4a515fe69477a569097a10beb3bad7 
Importing 'GUID: c4708b1a8b746fe4783add05c6d03282 - Path: Assets/Free Pack/HDRP/Prefabs/SM_CodFishDish_HDRP.prefab' with importer (PrefabImporter)
Imported 'GUID: c4708b1a8b746fe4783add05c6d03282' -> (Import Result ID: '12086b4891eef0c6bf12332c063423df') in 0.003 seconds [static dependencies only]. Details - ImportResultOutputID=7031e23723b202958181b562cde33071 DependenciesID=0ae6ba09ca8e68ac1c24844bc8252875 StaticDependenciesID=ae0ec746e90e095f7184b2b0119d7331 
Importing 'GUID: e48df5a57c52b3443a50ed65e77c73d1 - Path: Assets/Free Pack/URP/Prefabs/SM_Carpet_02_URP.prefab' with importer (PrefabImporter)
Imported 'GUID: e48df5a57c52b3443a50ed65e77c73d1' -> (Import Result ID: 'c300f350d6a7db6e33fbf81cd23581f7') in 0.003 seconds [static dependencies only]. Details - ImportResultOutputID=f0b10ee3da0ec25b009cf47f5e7a0aca DependenciesID=a06a5373b3fad67119e13ef970d47976 StaticDependenciesID=978b9c73ae844bff36d890940361e189 
Importing 'GUID: e49d7c44b4e4b5345a495ef62830c4d0 - Path: Assets/Free Pack/URP/Prefabs/SM_Microwave_Oven_URP.prefab' with importer (PrefabImporter)
Imported 'GUID: e49d7c44b4e4b5345a495ef62830c4d0' -> (Import Result ID: 'f6aa7d5f07b8e43767da54c75e4034a7') in 0.003 seconds [static dependencies only]. Details - ImportResultOutputID=346b83708e46be9b4ad70aaa81329ada DependenciesID=5c4786cbe0cc7173e32f50a5392c03bf StaticDependenciesID=839050ba4f825b020147f68d5ab67d4f 
Importing 'GUID: 257da3180da452540a28441dafe69304 - Path: Assets/Free Pack/HDRP/Prefabs/SM_Table_V8_HDRP.prefab' with importer (PrefabImporter)
Imported 'GUID: 257da3180da452540a28441dafe69304' -> (Import Result ID: 'e3cdee0bc6568398e6a33ff23045105f') in 0.003 seconds [static dependencies only]. Details - ImportResultOutputID=930b34c4d79558fff6722e4d476d3b01 DependenciesID=6f99cfa7ed503e91cb2c82766a4c0dfe StaticDependenciesID=352a341e1a380613a1e817bdbe300d09 
Importing 'GUID: 3503a9c3d076d2f4ab6582060d695371 - Path: Assets/Free Pack/Built-In/Prefabs/SM_HH_Basket_04.prefab' with importer (PrefabImporter)
Imported 'GUID: 3503a9c3d076d2f4ab6582060d695371' -> (Import Result ID: 'd773b9aff6bbd3f8110173602b72bab4') in 0.003 seconds [static dependencies only]. Details - ImportResultOutputID=207a6dfa9eee18db736978c0f3f5cb32 DependenciesID=3bc9417534f314b572203d2478e310c9 StaticDependenciesID=27d34baa9d150184fbdd66fdf6580765 
Importing 'GUID: 45b6f6cd40468e040ac41c87ecfb0aa6 - Path: Assets/Free Pack/URP/Prefabs/SM_CodFishDish_URP.prefab' with importer (PrefabImporter)
Imported 'GUID: 45b6f6cd40468e040ac41c87ecfb0aa6' -> (Import Result ID: '490bbd0a01217362e2426c26e3e42ea0') in 0.003 seconds [static dependencies only]. Details - ImportResultOutputID=41464f80aeb24bf3c88db7745be76088 DependenciesID=a6ca326dd0b4680eb7080741492e947e StaticDependenciesID=acb29246c3b66ca971b24b68e16cfb6f 
Importing 'GUID: 555d57471d7a34f4282dc7f3cb77ed10 - Path: Assets/Free Pack/URP/Prefabs/SM_Grapes_02_URP.prefab' with importer (PrefabImporter)
Imported 'GUID: 555d57471d7a34f4282dc7f3cb77ed10' -> (Import Result ID: '5f0ec3233dda6f1839846a1b6d9bca62') in 0.003 seconds [static dependencies only]. Details - ImportResultOutputID=4624315267a6d3fc92f8e8797a42c52c DependenciesID=a4b9ae1bdeb8fd2fda7b64ce04eec0b8 StaticDependenciesID=9936de5f2ffdddd2be18233d043cb44a 
Importing 'GUID: 95d04b02a9d7c434aa04141a28665aba - Path: Assets/wall7 (8).prefab' with importer (PrefabImporter)
Imported 'GUID: 95d04b02a9d7c434aa04141a28665aba' -> (Import Result ID: '52ed017b211345b4d932d1467ad21cb9') in 0.003 seconds [static dependencies only]. Details - ImportResultOutputID=788dbdb8ad5253e2d4a4fbe4ba9e27ea DependenciesID=3ba4bea8bc1832e4ec03828fe04e8e06 StaticDependenciesID=9e1bd785b265a8e0cfed4e61a7995b97 
Importing 'GUID: a5614e0abab77a540a37e785535efef1 - Path: Assets/Free Pack/HDRP/Prefabs/SM_Packet_11_HDRP.prefab' with importer (PrefabImporter)
Imported 'GUID: a5614e0abab77a540a37e785535efef1' -> (Import Result ID: '1de44d3cdec6e3f9d7a6a936f1782e2f') in 0.004 seconds [static dependencies only]. Details - ImportResultOutputID=3b9b3bb487d1fe17aa90ca9e40cb751d DependenciesID=8b6b6dd9e93fd0ccafae8275d27d6698 StaticDependenciesID=da52fbeb2900b761f5724c7223d289c9 
Importing 'GUID: a55cf07cebaec724dad75544c4344340 - Path: Assets/wall7 (7).prefab' with importer (PrefabImporter)
Imported 'GUID: a55cf07cebaec724dad75544c4344340' -> (Import Result ID: '12fb94170fd0d6f3d1afede6edf81acf') in 0.003 seconds [static dependencies only]. Details - ImportResultOutputID=cf0e960e38a1c68ed32726194173480b DependenciesID=ed5cec3ed721be0b2c02c8e71c387710 StaticDependenciesID=6dd76930dd5ce0d8283b99eb779f1eda 
Importing 'GUID: f57f419506144ff47bd9bbcff16eb02d - Path: Assets/Free Pack/Built-In/Prefabs/SM_Packet_11.prefab' with importer (PrefabImporter)
Imported 'GUID: f57f419506144ff47bd9bbcff16eb02d' -> (Import Result ID: '69a12b9afcacf8adccda25c8de1bae36') in 0.004 seconds [static dependencies only]. Details - ImportResultOutputID=895e46e172a3fce7fe801ac100d9c876 DependenciesID=a911b9be21ea572ea8668c855e9c91d1 StaticDependenciesID=6f8e6cb7501e019abe6a955f87da203a 
Importing 'GUID: 167dd616af714b044ad5b948bf5908e3 - Path: Assets/Free Pack/HDRP/Prefabs/SM_Spoon_04_HDRP.prefab' with importer (PrefabImporter)
Imported 'GUID: 167dd616af714b044ad5b948bf5908e3' -> (Import Result ID: '71b61b5c1f7a92ed3a76925eff86a918') in 0.003 seconds [static dependencies only]. Details - ImportResultOutputID=850cebcca44b41f9dafc9d461c97c375 DependenciesID=c6d0a9835ab6c9885043e953c0c80187 StaticDependenciesID=4622c0a46609fc7571a859537a3080bc 
Importing 'GUID: 36a36dab243dec64a9f1349969bad9fd - Path: Assets/Free Pack/Built-In/Prefabs/SM_EggplantDish.prefab' with importer (PrefabImporter)
Imported 'GUID: 36a36dab243dec64a9f1349969bad9fd' -> (Import Result ID: '4826a03cc43884746c55bc45cace9942') in 0.003 seconds [static dependencies only]. Details - ImportResultOutputID=f4533f6ceec790f4467aa96ce004d94e DependenciesID=256cbadf263130eef2731218e841ff54 StaticDependenciesID=4e9d405f0e6bb952ad740062f14038b7 
Importing 'GUID: 5679754dea7b12f42b72b2cdf179a88c - Path: Assets/Free Pack/HDRP/Prefabs/SM_Wall_02_HDRP.prefab' with importer (PrefabImporter)
Imported 'GUID: 5679754dea7b12f42b72b2cdf179a88c' -> (Import Result ID: '2de4b14086977ad698fc42d9e47e06d4') in 0.003 seconds [static dependencies only]. Details - ImportResultOutputID=00db129cf71614e1572cc2e05e3d013a DependenciesID=a0d5ecdbacac8bebce4102ae5166f34b StaticDependenciesID=e8ca5af98fbe65e5a03dc6af2e34b327 
Importing 'GUID: 86a907830ce0f0243b5ce4f285fe6094 - Path: Assets/Free Pack/HDRP/Prefabs/SM_Candle_stand_05_HDRP.prefab' with importer (PrefabImporter)
Imported 'GUID: 86a907830ce0f0243b5ce4f285fe6094' -> (Import Result ID: '676a86d468ead818ee4409696a16e3c6') in 0.003 seconds [static dependencies only]. Details - ImportResultOutputID=eda6180744039af895175c1d577802e9 DependenciesID=962938f822c53e81d262b7beada37f9f StaticDependenciesID=c51554fed594c708473a20e766b0f4e8 
Importing 'GUID: 960166bf91515fd4c8cedbd3b61f3807 - Path: Assets/Free Pack/URP/Prefabs/SM_Spoon_02_URP.prefab' with importer (PrefabImporter)
Imported 'GUID: 960166bf91515fd4c8cedbd3b61f3807' -> (Import Result ID: 'cce46e5a1bd6f1f230746a176b9dc467') in 0.004 seconds [static dependencies only]. Details - ImportResultOutputID=fd89db62cfcb406a6bc16b18bb022129 DependenciesID=7be5ac6506aeb6442496671ad3029fc7 StaticDependenciesID=db586ba7d8d686fc66ccbe0db5a7d5af 
Importing 'GUID: d6332a7de8d9d704fbe8e902e783325e - Path: Assets/Free Pack/HDRP/Prefabs/SM_Microwave_Oven_HDRP.prefab' with importer (PrefabImporter)
Imported 'GUID: d6332a7de8d9d704fbe8e902e783325e' -> (Import Result ID: 'dba1d669d0a660649f447187cb5aee72') in 0.003 seconds [static dependencies only]. Details - ImportResultOutputID=9a9e78d78e7206ef9951a080597bb7f6 DependenciesID=cd5e6c1d75b39962b067ec2751e7b102 StaticDependenciesID=61b0b52f10c6fb8ca81591b9e554b272 
Importing 'GUID: e636e309eeafc2a45a28b7313ea9044b - Path: Assets/Free Pack/Built-In/Prefabs/SM_Spoon_05.prefab' with importer (PrefabImporter)
Imported 'GUID: e636e309eeafc2a45a28b7313ea9044b' -> (Import Result ID: '4890061aad81d99b8070f69f145da4a4') in 0.003 seconds [static dependencies only]. Details - ImportResultOutputID=0ab3c46fc0b82df53a6d81e134bdb35a DependenciesID=7dfeba3603e316c660d1ec2537a349e1 StaticDependenciesID=c1edcaabbcd392001932c92c03ca6fb8 
Importing 'GUID: 172ba3cb56ad6a348b721217d76768fd - Path: Assets/Free Pack/Built-In/Prefabs/SM_Cereal_Bowl.prefab' with importer (PrefabImporter)
Imported 'GUID: 172ba3cb56ad6a348b721217d76768fd' -> (Import Result ID: '1137a69f7902716e60d8830d4f7df0d4') in 0.003 seconds [static dependencies only]. Details - ImportResultOutputID=d3f918d7ef0eba2a216502d95f6374f9 DependenciesID=6b5435091d68275694e270d2d907fa70 StaticDependenciesID=4876070343ac0c74b3fc5de0729e4d3e 
Importing 'GUID: 3744eacf03394334696235cf024bdb07 - Path: Assets/Free Pack/HDRP/Prefabs/SM_Wall_04_HDRP.prefab' with importer (PrefabImporter)
Imported 'GUID: 3744eacf03394334696235cf024bdb07' -> (Import Result ID: '1ca248b79e2539c805ca642410da503b') in 0.003 seconds [static dependencies only]. Details - ImportResultOutputID=842a51384d083061c37fc4c6113b5617 DependenciesID=cc7dbbb52ad8f288506c6aae929428fb StaticDependenciesID=92d664cdf200012544d7ef39ac53eda7 
Importing 'GUID: 3747ad5e97529a0459f4bfead31d522d - Path: Assets/Free Pack/URP/Prefabs/SM_Wall_02_URP.prefab' with importer (PrefabImporter)
Imported 'GUID: 3747ad5e97529a0459f4bfead31d522d' -> (Import Result ID: 'ad5e69565539a78efad698b265b86c9f') in 0.005 seconds [static dependencies only]. Details - ImportResultOutputID=61f601ff26dd2a40cae4a66b1060c1f7 DependenciesID=12711bf8ca6705ae3d912b0ae57ead36 StaticDependenciesID=a4aff8c998a466edaf315d1fb2be789e 
Importing 'GUID: 67045e9e111243f449e586f547d16541 - Path: Assets/Free Pack/URP/Prefabs/SM_Wall_04_URP.prefab' with importer (PrefabImporter)
Imported 'GUID: 67045e9e111243f449e586f547d16541' -> (Import Result ID: '7c087e5b0bc29bab41e3b80f176befaf') in 0.003 seconds [static dependencies only]. Details - ImportResultOutputID=64873329a0cc6fde3b43fe8cff00f338 DependenciesID=0e5e11a6922b4cddda269e2a66a94c06 StaticDependenciesID=e3d4a104765ca40ec749a22074333c98 
Importing 'GUID: 67547139f0b1dc743b54d018908d9091 - Path: Assets/wall7 (10).prefab' with importer (PrefabImporter)
Imported 'GUID: 67547139f0b1dc743b54d018908d9091' -> (Import Result ID: '3d046784ba13766cd5189703cacd045e') in 0.003 seconds [static dependencies only]. Details - ImportResultOutputID=b830efe0d9db6096d6b6b03c783b6039 DependenciesID=3c7f90a6c7ae6e45b1d0b686e6655f6c StaticDependenciesID=e47b2b25452afe3f9b146a6b583eb535 
Importing 'GUID: a7fbc1260dbddf54cabe8b5acac5ad16 - Path: Assets/Free Pack/URP/Prefabs/SM_Cereal_Bowl_URP.prefab' with importer (PrefabImporter)
Imported 'GUID: a7fbc1260dbddf54cabe8b5acac5ad16' -> (Import Result ID: '57efe291ba2ffc3dd8f2cde78b2c6210') in 0.003 seconds [static dependencies only]. Details - ImportResultOutputID=ea9df03318368d943b47b5c48ae8699c DependenciesID=61d40799d9068bb5d32ceec19badb960 StaticDependenciesID=989a559675e2d789ba30e898774db10f 
Importing 'GUID: d7ddf97fa965c7d44bc2996a3d39d6c5 - Path: Assets/Free Pack/URP/Prefabs/SM_Tube_Light_URP.prefab' with importer (PrefabImporter)
Imported 'GUID: d7ddf97fa965c7d44bc2996a3d39d6c5' -> (Import Result ID: '1a945cadb70205f3899cf82b9e4e7fbb') in 0.002 seconds [static dependencies only]. Details - ImportResultOutputID=13645ef5539015731bfc1e9f38b3fa76 DependenciesID=7646518691c5b8edc5bff5262cdef246 StaticDependenciesID=ccd378b01a3c922a4900ddad5b857547 
Importing 'GUID: e731e5803a60ac446af7940fc0904da9 - Path: Assets/Free Pack/Built-In/Prefabs/SM_Microwave_Oven.prefab' with importer (PrefabImporter)
Imported 'GUID: e731e5803a60ac446af7940fc0904da9' -> (Import Result ID: '9a8fba3fd7554c3f18996efbad6db087') in 0.003 seconds [static dependencies only]. Details - ImportResultOutputID=5dbeb7663a715648cb5c3ff00e46e5eb DependenciesID=3153442bcd8bb2130fab81e792f37fa4 StaticDependenciesID=256989f4ee69a92d3fed1d3379491eb8 
Importing 'GUID: f79b211b2fe1ea44bab26a5929c6b8f9 - Path: Assets/Free Pack/Built-In/Prefabs/SM_HH_Bowl_01.prefab' with importer (PrefabImporter)
Imported 'GUID: f79b211b2fe1ea44bab26a5929c6b8f9' -> (Import Result ID: '5787284478fab507d498d148b2dda5ed') in 0.002 seconds [static dependencies only]. Details - ImportResultOutputID=5b59c0892ec506b103f94a76420ffdda DependenciesID=05aab69c7454e118515bd5b57da4a9ff StaticDependenciesID=b2b419c4061db7dd2a061cadd991d228 
Importing 'GUID: 086a2a1f70b87984386752630519ba6a - Path: Assets/Free Pack/Built-In/Prefabs/SM_Candle_stand_04.prefab' with importer (PrefabImporter)
Imported 'GUID: 086a2a1f70b87984386752630519ba6a' -> (Import Result ID: '4941bddb7fd5fd927d5ce928d45425b8') in 0.004 seconds [static dependencies only]. Details - ImportResultOutputID=e21b1a5556e978ea9169103a7a916f3b DependenciesID=f38be3c132a49c6d53b80a35becb7e47 StaticDependenciesID=18a3381e1a42cdca2a3f338d45358244 
Importing 'GUID: 48c61e6593888844d8a3a6a17b1d350f - Path: Assets/Free Pack/URP/Prefabs/SM_Fridge_URP.prefab' with importer (PrefabImporter)
Imported 'GUID: 48c61e6593888844d8a3a6a17b1d350f' -> (Import Result ID: '00b7e9a3ae9f211262c51a55ba796c99') in 0.002 seconds [static dependencies only]. Details - ImportResultOutputID=715b289362746474e275c862fc31c344 DependenciesID=799fb167f6c844bcc05eeefd93147901 StaticDependenciesID=a3e7f4a91ffe0b1b778b33c754e1899f 
Importing 'GUID: 58563acfb165e2142aa4bfac78e21fdd - Path: Assets/Free Pack/URP/Prefabs/SM_Plate_URP.prefab' with importer (PrefabImporter)
Imported 'GUID: 58563acfb165e2142aa4bfac78e21fdd' -> (Import Result ID: '928244fb6dbe1febf96525ab000fd659') in 0.004 seconds [static dependencies only]. Details - ImportResultOutputID=338a2767334806f7e0911a8fdc29a477 DependenciesID=d53bb4683b9e57d8d0f2235175796a82 StaticDependenciesID=8db483c16deae2b96f5e37fad6d9ee1e 
Importing 'GUID: 6825a766f1ef43541a7292aac2702955 - Path: Assets/Free Pack/HDRP/Prefabs/SM_Grapes_02_HDRP.prefab' with importer (PrefabImporter)
Imported 'GUID: 6825a766f1ef43541a7292aac2702955' -> (Import Result ID: 'c140e3317939291c5ac06a5232cec379') in 0.003 seconds [static dependencies only]. Details - ImportResultOutputID=5175093b338da8182e0d353b91104561 DependenciesID=68bace8fb2f14d7b64ab652a03839c80 StaticDependenciesID=8a3d1076329a49578ced0cbead678066 
Importing 'GUID: 78ee1b83cfc5b614dbca6c71b48d3a15 - Path: Assets/Free Pack/URP/Prefabs/SM_Spoon_04_URP.prefab' with importer (PrefabImporter)
Imported 'GUID: 78ee1b83cfc5b614dbca6c71b48d3a15' -> (Import Result ID: '7ca6d037b9540d0654e95cf486e45e6b') in 0.003 seconds [static dependencies only]. Details - ImportResultOutputID=b20b1e591f863cbfb67f532bce06bcf1 DependenciesID=c8718a6d1663561e1e61523e3281b26b StaticDependenciesID=bc55281be073dc00f5d5f5fe59e9905b 
Importing 'GUID: a850de88239309c4bbb8ca6d473951ab - Path: Assets/Free Pack/Built-In/Prefabs/SM_Cereal_box.prefab' with importer (PrefabImporter)
Imported 'GUID: a850de88239309c4bbb8ca6d473951ab' -> (Import Result ID: '64b621395bd0b8ade6f7420896aaa33a') in 0.003 seconds [static dependencies only]. Details - ImportResultOutputID=ff7a9d1970f711634671abecab39b355 DependenciesID=3b1a10461375b33540459aedd88274c7 StaticDependenciesID=e9e68b213d8125092bff14b6d8fadf44 
Importing 'GUID: c8ad0aa5d401cd6478d97c42002b2c83 - Path: Assets/Free Pack/HDRP/Prefabs/SM_Plate_HDRP.prefab' with importer (PrefabImporter)
Imported 'GUID: c8ad0aa5d401cd6478d97c42002b2c83' -> (Import Result ID: 'c515165fb4028b372c9d2f0a48c488d5') in 0.002 seconds [static dependencies only]. Details - ImportResultOutputID=907a721f5ac39dd11d05e4bcce9c1b28 DependenciesID=9751b5bdd2e44b9856ec6886f87c5fd1 StaticDependenciesID=58f0ec6efca5315f4916ebb38f88f91b 
Importing 'GUID: 091d9a313728bde4fb9fc5cc3007d5b7 - Path: Assets/Free Pack/HDRP/Prefabs/SM_Jar_07_HDRP.prefab' with importer (PrefabImporter)
Imported 'GUID: 091d9a313728bde4fb9fc5cc3007d5b7' -> (Import Result ID: 'd665afffc4b6797becc306bd3b9a1735') in 0.002 seconds [static dependencies only]. Details - ImportResultOutputID=de1d57ce3cfe362ca3d8893236ec2e6d DependenciesID=75910d371681b26b68d4faa8e82518e9 StaticDependenciesID=54d81e6b598f963e2d612e5429bcc2bb 
Importing 'GUID: 19e4a732f3c02344087dabeef546f591 - Path: Assets/Free Pack/HDRP/Prefabs/SM_Bottle_32_HDRP.prefab' with importer (PrefabImporter)
Imported 'GUID: 19e4a732f3c02344087dabeef546f591' -> (Import Result ID: '5186a8fcefe9265ce5c60ceddaa247a0') in 0.004 seconds [static dependencies only]. Details - ImportResultOutputID=b74f23fca51db3101549bbb23f8eb882 DependenciesID=f7481d976cf4acdcbd614ad384a80b08 StaticDependenciesID=8f96ba5cca277f99a75518be4597e2be 
Importing 'GUID: 294cb8d40a535424dad7044779b6e085 - Path: Assets/Free Pack/URP/Prefabs/SM_Spoon_15_URP.prefab' with importer (PrefabImporter)
Imported 'GUID: 294cb8d40a535424dad7044779b6e085' -> (Import Result ID: '6d97bc42e361249391a5b0b3e6c51076') in 0.003 seconds [static dependencies only]. Details - ImportResultOutputID=8f022741c4ce88d8adb0fcad01112126 DependenciesID=31845d87faf436746c5cd29824571b47 StaticDependenciesID=3b8e7ac98d45ca070d31d4c9d84d4582 
Importing 'GUID: 39664eab405c320499b1838d510dd521 - Path: Assets/Free Pack/URP/Prefabs/SM_Apple_URP.prefab' with importer (PrefabImporter)
Imported 'GUID: 39664eab405c320499b1838d510dd521' -> (Import Result ID: 'b6a436eb7bc473fad0a39281dfce42f0') in 0.003 seconds [static dependencies only]. Details - ImportResultOutputID=08bc20b4b27c9db76d8875ca601051b2 DependenciesID=8daf0aba61d5e153f72921f05ae58a38 StaticDependenciesID=eb098b06f7cb8ba01f8c2441812e7216 
Importing 'GUID: 39a7131134f4ab2458f24185d2e7607c - Path: Assets/Free Pack/HDRP/Prefabs/SM_EggplantDish_HDRP.prefab' with importer (PrefabImporter)
Imported 'GUID: 39a7131134f4ab2458f24185d2e7607c' -> (Import Result ID: 'a3ee95642ad795823501564085e97261') in 0.002 seconds [static dependencies only]. Details - ImportResultOutputID=2a7f69314a6390ac995a445abbfcfdd4 DependenciesID=a36e335748ce49f7a48d057a686c0e91 StaticDependenciesID=a1bbea7e6406899f716819bf87c82483 
Importing 'GUID: 49d8c74dc79eacb4a8232cab0acc6a76 - Path: Assets/Free Pack/HDRP/Prefabs/SM_CS_Chair_01_HDRP.prefab' with importer (PrefabImporter)
Imported 'GUID: 49d8c74dc79eacb4a8232cab0acc6a76' -> (Import Result ID: 'af17b2c98943f7e6bb8654fc5e49a55e') in 0.003 seconds [static dependencies only]. Details - ImportResultOutputID=1fc32c190fabf90c8cedc190f7aa6eca DependenciesID=8d0d141e2c249d56daee16d65c0793e4 StaticDependenciesID=dcaa0df5397cf82c5e469849feafda1e 
Importing 'GUID: 69f275b60ae106245bfac50fb39bf0d7 - Path: Assets/Free Pack/HDRP/Prefabs/SM_Mug_02_HDRP.prefab' with importer (PrefabImporter)
Imported 'GUID: 69f275b60ae106245bfac50fb39bf0d7' -> (Import Result ID: 'beb2bf9600666f032d5e10afaff92f74') in 0.004 seconds [static dependencies only]. Details - ImportResultOutputID=1214e8198ad5972bf8813904aaedce15 DependenciesID=bacfffb3046ed423c6d1a2ecb22826aa StaticDependenciesID=7476541a85fe426f73606341359226a7 
Importing 'GUID: 995c40044916ceb4294aaa912e5767e2 - Path: Assets/Free Pack/URP/Prefabs/SM_Candle_stand_05_URP.prefab' with importer (PrefabImporter)
Imported 'GUID: 995c40044916ceb4294aaa912e5767e2' -> (Import Result ID: '2bf2a4c31cdb26100a0baf4c9fe8f9f4') in 0.003 seconds [static dependencies only]. Details - ImportResultOutputID=7da57d66f4a119559e0bd49da14a34ed DependenciesID=a8ea76e92b7e9f407016065fdaad4114 StaticDependenciesID=a81c9242af7d5d265a1fff48fcd93e4b 
Importing 'GUID: c9d544683bb244447b2d3a995368c708 - Path: Assets/Free Pack/HDRP/Prefabs/SM_Carpet_02_HDRP.prefab' with importer (PrefabImporter)
Imported 'GUID: c9d544683bb244447b2d3a995368c708' -> (Import Result ID: '27fe9a7e062b7648a1b3f3b6d8800711') in 0.002 seconds [static dependencies only]. Details - ImportResultOutputID=eabfb8e1908a076805cc21220dbcf4d6 DependenciesID=52333d43682974eb01553fcdc7baf43f StaticDependenciesID=a54d6f057e9aeecd2e64c02736f4142b 
Importing 'GUID: c91ea5082fca24446925728287eb3361 - Path: Assets/Free Pack/HDRP/Prefabs/SM_Spoon_02_HDRP.prefab' with importer (PrefabImporter)
Imported 'GUID: c91ea5082fca24446925728287eb3361' -> (Import Result ID: 'aa675494a730f642a0ff5f6dc9cc4fbc') in 0.003 seconds [static dependencies only]. Details - ImportResultOutputID=4db0e212af60ffd7041cddae1d8ae117 DependenciesID=51a735ce312e85eb871e5d9d2e3a194c StaticDependenciesID=30e41eef9ff3cee238bf11dd4c91cf39 
Importing 'GUID: f96fa66bbbea8b44db6b256de0fb016e - Path: Assets/Free Pack/Built-In/Prefabs/SM_Carpet_02.prefab' with importer (PrefabImporter)
Imported 'GUID: f96fa66bbbea8b44db6b256de0fb016e' -> (Import Result ID: '113c36cba4f70af5715b42b3cd5ef114') in 0.004 seconds [static dependencies only]. Details - ImportResultOutputID=750a3fb77ec5214b9f769360442d89b4 DependenciesID=7141b3dd6e1a6f8bf4dce8d68b8c1169 StaticDependenciesID=4e6f7233b8766f8f183efd31fb14208d 
Importing 'GUID: 6a0a5a10cdbd1ea46bd0ca4df5c89b71 - Path: Assets/Free Pack/HDRP/Prefabs/SM_Coffee_cup_HDRP.prefab' with importer (PrefabImporter)
Imported 'GUID: 6a0a5a10cdbd1ea46bd0ca4df5c89b71' -> (Import Result ID: '2306397c48b2711a33561883bfbf3244') in 0.004 seconds [static dependencies only]. Details - ImportResultOutputID=cbf3e3092b5c620c9e514dfd0777ebe6 DependenciesID=586ed3b965fc75f78ccc9fa7e0267a07 StaticDependenciesID=8b48c67ce54cb9072cacfa276ff5d258 
Importing 'GUID: 8a3b3359d0b611b4e95c05e83288e5cd - Path: Assets/Free Pack/URP/Prefabs/SM_Table_V8_URP.prefab' with importer (PrefabImporter)
Imported 'GUID: 8a3b3359d0b611b4e95c05e83288e5cd' -> (Import Result ID: 'd63e4c79e5790e034fe912f4e34e9c59') in 0.003 seconds [static dependencies only]. Details - ImportResultOutputID=921db92148866179308fcc5c809da64d DependenciesID=10cf2676093dcb54afdcc0905a05a417 StaticDependenciesID=d543f76546019f915cbc50d5229f9002 
Importing 'GUID: aa8f63c98d57c7745be275f15b90d7c3 - Path: Assets/Free Pack/Built-In/Prefabs/SM_Plate.prefab' with importer (PrefabImporter)
Imported 'GUID: aa8f63c98d57c7745be275f15b90d7c3' -> (Import Result ID: '2ba53ce57724fe3e1597e2630afef204') in 0.003 seconds [static dependencies only]. Details - ImportResultOutputID=a5754972155ea898c782950e3e51eb6c DependenciesID=fbc51011116b8dd16b762d537e1252f1 StaticDependenciesID=a299f00cc031c60b60696c7dd8ac99bc 
Importing 'GUID: ea63a91df1601324c83463eb8b71b5d8 - Path: Assets/Free Pack/URP/Prefabs/SM_Coffee_cup_URP.prefab' with importer (PrefabImporter)
Imported 'GUID: ea63a91df1601324c83463eb8b71b5d8' -> (Import Result ID: '77c6fcd0feee5b925b99fb240266adae') in 0.003 seconds [static dependencies only]. Details - ImportResultOutputID=ab171eb5a67f6ddbb22f438804dbbd23 DependenciesID=839b40258528ea14f6ca9a43ee91598b StaticDependenciesID=d597d6d1693b0370dae161e35ce64154 
Importing 'GUID: ea634f3b8c126ce41ba09c8d12b1bf3c - Path: Assets/Free Pack/URP/Prefabs/SM_Candle_stand_04_URP.prefab' with importer (PrefabImporter)
Imported 'GUID: ea634f3b8c126ce41ba09c8d12b1bf3c' -> (Import Result ID: 'a90bc2773d36379e73a39e40c8230da7') in 0.004 seconds [static dependencies only]. Details - ImportResultOutputID=fcb5c4b779268f6f9c957c02642ecdd8 DependenciesID=c6d4b42b2e65cd84ce9df592b22741f1 StaticDependenciesID=5144602f992c0b082749d64a5c4ba9e0 
Importing 'GUID: fa3b0b025374662428b209d08efc0108 - Path: Assets/Free Pack/HDRP/Prefabs/SM_Packet_16_HDRP.prefab' with importer (PrefabImporter)
Imported 'GUID: fa3b0b025374662428b209d08efc0108' -> (Import Result ID: '16b3c469e530f2ac95e463d0751db797') in 0.003 seconds [static dependencies only]. Details - ImportResultOutputID=ce1520d3bbaf4b5f187465b51e20735b DependenciesID=af4ffa801e7b78dd94439c2c4e76b1ce StaticDependenciesID=7a0c9818a7df51c3a7e23c9e4feedc09 
Importing 'GUID: 0b97c90d5c3351a49b18b06e36c4b927 - Path: Assets/Free Pack/HDRP/Prefabs/SM_Cereal_Bowl_HDRP.prefab' with importer (PrefabImporter)
Imported 'GUID: 0b97c90d5c3351a49b18b06e36c4b927' -> (Import Result ID: '750d439082d07fcea0c4cc99ff5237c6') in 0.003 seconds [static dependencies only]. Details - ImportResultOutputID=0f8c99d2698352c791a68be9c42f3507 DependenciesID=1210f8f04301dbebcb2a3e110007cf0d StaticDependenciesID=22d7d23372a773ac67842802e09b058d 
Importing 'GUID: 7b51ee9f50a99af4dba0bf764e0dafa5 - Path: Assets/Free Pack/Built-In/Prefabs/SM_Spoon_15.prefab' with importer (PrefabImporter)
Imported 'GUID: 7b51ee9f50a99af4dba0bf764e0dafa5' -> (Import Result ID: '11d1e5b32439e34f13e19f1fc3090f85') in 0.003 seconds [static dependencies only]. Details - ImportResultOutputID=e750d2770b74d3ed92bbdf958be9de99 DependenciesID=df4a8869225a9fc97d0ac8372961f15c StaticDependenciesID=e0d8a0f8cca211a216d53d96c9ea3ddf 
Importing 'GUID: 7bda43bfa0777434db972694e1ac0eff - Path: Assets/Free Pack/HDRP/Prefabs/SM_Candle_stand_04_HDRP.prefab' with importer (PrefabImporter)
Imported 'GUID: 7bda43bfa0777434db972694e1ac0eff' -> (Import Result ID: '343802009eea05ba017e89536e896ba1') in 0.003 seconds [static dependencies only]. Details - ImportResultOutputID=8a9791a4832048edd2f69871128b146b DependenciesID=972d315575b9b3d2c8c0ec4f052d4773 StaticDependenciesID=8e1e4e39c4aa58cd02974f64757615e7 
Importing 'GUID: ebbad5ab0280f70489de03b94c57e382 - Path: Assets/Free Pack/URP/Prefabs/SM_Chair_V2_URP.prefab' with importer (PrefabImporter)
Imported 'GUID: ebbad5ab0280f70489de03b94c57e382' -> (Import Result ID: '99df5fd47f8ff52714f5b99e5ab49e93') in 0.003 seconds [static dependencies only]. Details - ImportResultOutputID=2fd08cc5d18b9f2a2efff6e579eb9b2c DependenciesID=1e17fbc286097fc45d16c24e536bee58 StaticDependenciesID=576d9546f7df5c58800769f12683795d 
Importing 'GUID: 0c2818cae0d659e43908df355a30f8eb - Path: Assets/Free Pack/HDRP/Prefabs/SM_Tube_Light_HDRP.prefab' with importer (PrefabImporter)
Imported 'GUID: 0c2818cae0d659e43908df355a30f8eb' -> (Import Result ID: '047fef81549b5fb72be834690cd7047b') in 0.003 seconds [static dependencies only]. Details - ImportResultOutputID=c19ed6b06e0e5050d687bfc44cfedbeb DependenciesID=ef5c10016a2240bd7571ac5a9a9340c7 StaticDependenciesID=8d15f4b43adcb75d4233b104a7eeb132 
Importing 'GUID: 1c4c19bf4f88bf145982b412f4b1f22b - Path: Assets/Free Pack/Built-In/Prefabs/SM_Wall_02.prefab' with importer (PrefabImporter)
Imported 'GUID: 1c4c19bf4f88bf145982b412f4b1f22b' -> (Import Result ID: '0fdbd25e8014ceac2876845f73b7c7c5') in 0.002 seconds [static dependencies only]. Details - ImportResultOutputID=a3215b13965fa074ee9fa6af37ff109d DependenciesID=9508291994ebf010d953d1c16ee02e61 StaticDependenciesID=adf68d3c549b1b76da3d27842a48d6de 
Importing 'GUID: 3cca53778fd56914d9baf85c80009fd0 - Path: Assets/Free Pack/Built-In/Prefabs/SM_Cabinet_Doors_01.prefab' with importer (PrefabImporter)
Imported 'GUID: 3cca53778fd56914d9baf85c80009fd0' -> (Import Result ID: 'ba2b588f17f82bf8967d952814eb2efd') in 0.004 seconds [static dependencies only]. Details - ImportResultOutputID=7287843b7401c68a69582a2c3c1ed10b DependenciesID=96bcf3b831bd79fec7e96b0089140a74 StaticDependenciesID=0978e8861f0b56f63b94f87a254f8cb4 
Importing 'GUID: 8c1a4bd9a1cb842459f7e1ec9eb4da70 - Path: Assets/wall4 (6).prefab' with importer (PrefabImporter)
Imported 'GUID: 8c1a4bd9a1cb842459f7e1ec9eb4da70' -> (Import Result ID: '9b477e262b3807075519ae6220a08e06') in 0.002 seconds [static dependencies only]. Details - ImportResultOutputID=100d1c650bc99b15f6bf6bb424de654a DependenciesID=02580f162f8bbe6041641829f673d9af StaticDependenciesID=979784fed5d6ba206db7b1b448b6a0ac 
Importing 'GUID: 8c5a70adea5f1044d81a5920cb5da141 - Path: Assets/Free Pack/URP/Prefabs/SM_CS_Chair_01_URP.prefab' with importer (PrefabImporter)
Imported 'GUID: 8c5a70adea5f1044d81a5920cb5da141' -> (Import Result ID: '752a5032790c843e1d8b62c7844f7823') in 0.002 seconds [static dependencies only]. Details - ImportResultOutputID=cf6c1ded1ef778366d72932da068f98e DependenciesID=77df72a2119c1e912e9dda76ee6f9fcd StaticDependenciesID=8901d0c137900d804f69f968795a76c3 
Importing 'GUID: ec672a3a3ba9a6b4d894adb043cc5e56 - Path: Assets/Free Pack/HDRP/Prefabs/SM_Cabinet_Doors_01_HDRP.prefab' with importer (PrefabImporter)
Imported 'GUID: ec672a3a3ba9a6b4d894adb043cc5e56' -> (Import Result ID: 'b8b918c62c4d651a152f951f74c7cd86') in 0.003 seconds [static dependencies only]. Details - ImportResultOutputID=12e8bab720d439df924fd3d7e68b419d DependenciesID=ca435015d5c5b2b57644771213ea9a26 StaticDependenciesID=af4fd782cd5cd125f45203489eedbb8b 
Importing 'GUID: 1d7f98561a93ede41b076c4b40af3ad9 - Path: Assets/Free Pack/HDRP/Prefabs/SM_Bottle_22_HDRP.prefab' with importer (PrefabImporter)
Imported 'GUID: 1d7f98561a93ede41b076c4b40af3ad9' -> (Import Result ID: '8ee3eb41f0e6a45ec345bf31c76b76e2') in 0.003 seconds [static dependencies only]. Details - ImportResultOutputID=98fd029cc7d1d4008c0b268e395a4e3c DependenciesID=85f991df1c006810f097c1126b6e900a StaticDependenciesID=2ca541830c8dada57682ee21d68cb2c2 
Importing 'GUID: 2dc8fe343fe00774485fd38e2a5c4847 - Path: Assets/Free Pack/Built-In/Prefabs/SM_Apple.prefab' with importer (PrefabImporter)
Imported 'GUID: 2dc8fe343fe00774485fd38e2a5c4847' -> (Import Result ID: '7d57bddcf612bca831b093d1aef5f83c') in 0.003 seconds [static dependencies only]. Details - ImportResultOutputID=5f08668962389861d1c94c278b5a131b DependenciesID=4e06d47b731cec28875a2378508fb0dd StaticDependenciesID=12103479e8e51182df895554b9a2b71f 
Importing 'GUID: 5d2ebd7da37f535499adc9b57dd2eaa4 - Path: Assets/wall4 (3).prefab' with importer (PrefabImporter)
Imported 'GUID: 5d2ebd7da37f535499adc9b57dd2eaa4' -> (Import Result ID: 'c81e5555c681b2e10c92bb0c240e6ff3') in 0.002 seconds [static dependencies only]. Details - ImportResultOutputID=43e8d556278f968494e61197a6cc63ab DependenciesID=09f90074cda4ee22f00381db0509fe73 StaticDependenciesID=71ce189bc94a8f5b4968b80625a65edc 
Importing 'GUID: 8d328164188199f4c84d7290cb8a6d76 - Path: Assets/Free Pack/URP/Prefabs/SM_Packet_16_URP.prefab' with importer (PrefabImporter)
Imported 'GUID: 8d328164188199f4c84d7290cb8a6d76' -> (Import Result ID: 'b0611e0f9a00662c8ff5b37963f8db81') in 0.002 seconds [static dependencies only]. Details - ImportResultOutputID=f8b5a66cfd9e92dcbddcfaf198a92869 DependenciesID=27e431f8a6ff93e43f376f36ca1f2f03 StaticDependenciesID=ebc383e68384541fb6e7d8fb304401f7 
Importing 'GUID: 8dd31f1293603f544850371d59b1d330 - Path: Assets/Free Pack/URP/Prefabs/SM_Mug_02_URP.prefab' with importer (PrefabImporter)
Imported 'GUID: 8dd31f1293603f544850371d59b1d330' -> (Import Result ID: '77f27b4c7d37560fe717cedb9421ef08') in 0.003 seconds [static dependencies only]. Details - ImportResultOutputID=ed574b1f77ae7bae8792a82d35948cd3 DependenciesID=779b871d9fa0079d2ac89c07948a8139 StaticDependenciesID=dc78755f21207d9cf6688536f17b6e21 
Importing 'GUID: 9d80136e17b8d8f40a5e4d370f516977 - Path: Assets/Free Pack/Built-In/Prefabs/SM_Bottle_32.prefab' with importer (PrefabImporter)
Imported 'GUID: 9d80136e17b8d8f40a5e4d370f516977' -> (Import Result ID: '682c3b289872290f07b0f844fdc6f4e3') in 0.004 seconds [static dependencies only]. Details - ImportResultOutputID=335c42ef4aefe51f0d00237e660042c8 DependenciesID=b18ebd27f6db27a1953b581e2cd3f3bf StaticDependenciesID=245c758e4c0187a1031e0251992fcd4a 
Importing 'GUID: ad9c9349a906d2f41a75e97b6cecc984 - Path: Assets/Free Pack/HDRP/Prefabs/SM_Fridge_HDRP.prefab' with importer (PrefabImporter)
Imported 'GUID: ad9c9349a906d2f41a75e97b6cecc984' -> (Import Result ID: 'ef981b3d1e27224f1b497d2af88d1dfa') in 0.003 seconds [static dependencies only]. Details - ImportResultOutputID=a54159fbf8e44018b3fe4b3106bce57d DependenciesID=8752dd910c9664cfdad58a277a7c00d0 StaticDependenciesID=29de703fc2dde9ebc4f79feb22c01b1f 
Importing 'GUID: 5e83a7fe10e9d2746b3ab707bc5c9637 - Path: Assets/Free Pack/URP/Prefabs/SM_Bottle_22_URP.prefab' with importer (PrefabImporter)
Imported 'GUID: 5e83a7fe10e9d2746b3ab707bc5c9637' -> (Import Result ID: '6edca768e56959006c909253f64130c0') in 0.003 seconds [static dependencies only]. Details - ImportResultOutputID=1cbfee0faa5b9e61d49905ef832f26d3 DependenciesID=b93c97a18ce13c654ceab539efcd8091 StaticDependenciesID=a5bcb9da5d8b9c14d4c7b6b4a7a20caa 
Importing 'GUID: 5ed6e70c9030f114489b4adf645862af - Path: Assets/Free Pack/Built-In/Prefabs/SM_Bottle_22.prefab' with importer (PrefabImporter)
Imported 'GUID: 5ed6e70c9030f114489b4adf645862af' -> (Import Result ID: '7a912ca872e04495e67246c1e3456143') in 0.002 seconds [static dependencies only]. Details - ImportResultOutputID=d1a4d9b5ddc8492dea840aa7d077ce41 DependenciesID=942476fede3dda33a01317ad011d7b59 StaticDependenciesID=4a6172949a37d917c525ebfa2ca378b8 
Importing 'GUID: 7efbada4ba3a83241924163202d28803 - Path: Assets/Free Pack/Built-In/Prefabs/SM_Chickenfull.prefab' with importer (PrefabImporter)
Imported 'GUID: 7efbada4ba3a83241924163202d28803' -> (Import Result ID: 'eed8ff3e54ce519c226d9abc659c11fa') in 0.003 seconds [static dependencies only]. Details - ImportResultOutputID=3440660787b18d8386b684e262ff0ac3 DependenciesID=67680bb7d64c7ddcd3ad209f488b3468 StaticDependenciesID=113a4d5c150a42d1717a3349ff596fd4 
Importing 'GUID: fe8ffe2ca55161d4bbc910d49ed10b83 - Path: Assets/Free Pack/URP/Prefabs/SM_Banana_URP.prefab' with importer (PrefabImporter)
Imported 'GUID: fe8ffe2ca55161d4bbc910d49ed10b83' -> (Import Result ID: '664db14a85351080c4ee83487055eb0d') in 0.002 seconds [static dependencies only]. Details - ImportResultOutputID=8846513853610e68d17a067d99c5e383 DependenciesID=3e8107f0488f9ef9c82ac1b4c8dae556 StaticDependenciesID=39ec31ff05a3d248e50e1b3538bd8068 
Importing 'GUID: 1fa977038f0e0dd4ab3755aafffe2198 - Path: Assets/Free Pack/URP/Prefabs/SM_EggplantDish_URP.prefab' with importer (PrefabImporter)
Imported 'GUID: 1fa977038f0e0dd4ab3755aafffe2198' -> (Import Result ID: '809e0efe5b592fb6a062a5b02eaafd55') in 0.003 seconds [static dependencies only]. Details - ImportResultOutputID=54fb19fc26e2e9b0b13cf4b7d7fb565d DependenciesID=05fe8bc8127884a704daa924222cb65d StaticDependenciesID=6fe27e54de347a1ef6e70a3c709cc51d 
Importing 'GUID: 6f0714179a6cd334eb3f99d8125f1b43 - Path: Assets/Free Pack/URP/Prefabs/SM_HH_Basket_04_URP.prefab' with importer (PrefabImporter)
Imported 'GUID: 6f0714179a6cd334eb3f99d8125f1b43' -> (Import Result ID: '4495cc149fdc68b3ab39990bc6febf65') in 0.002 seconds [static dependencies only]. Details - ImportResultOutputID=2c697b2ef6c705cbc880b3bfa74d9790 DependenciesID=3b37b0de8589a89127bfb7d2ff339c75 StaticDependenciesID=cbac93f0238ad3c8677e142d9ccb36d7 
Importing 'GUID: 7fabb36316fe1ea489dab987fe7f484a - Path: Assets/Free Pack/HDRP/Prefabs/SM_Chair_V2_HDRP.prefab' with importer (PrefabImporter)
Imported 'GUID: 7fabb36316fe1ea489dab987fe7f484a' -> (Import Result ID: 'e759ad1f2f4860212aba5a33d1734957') in 0.003 seconds [static dependencies only]. Details - ImportResultOutputID=b0f88f8c4ad1bc031ce8786a6bd450da DependenciesID=f4ff4723c2725f9ce3762d7ee1dc5e1e StaticDependenciesID=365611f12c44a8ec14f11eb1c09db30d 
Importing 'GUID: 8ffe964568b2c734d9ed7396a308c941 - Path: Assets/Free Pack/URP/Prefabs/SM_Packet_11_URP.prefab' with importer (PrefabImporter)
Imported 'GUID: 8ffe964568b2c734d9ed7396a308c941' -> (Import Result ID: '8df3f13078b114d4e224e2de08b1f806') in 0.002 seconds [static dependencies only]. Details - ImportResultOutputID=24886d596171154e168db22182565eb1 DependenciesID=76daacb537e3ef3b5bf07dae608ee23b StaticDependenciesID=fa087b9ca4fa83ee41911bfdc6deffa9 
Importing 'GUID: 8f8fe185573f96846b05cf6ea6e1370f - Path: Assets/Free Pack/HDRP/Prefabs/SM_Marble_Top_Dining_Table_HDRP.prefab' with importer (PrefabImporter)
Imported 'GUID: 8f8fe185573f96846b05cf6ea6e1370f' -> (Import Result ID: 'd9b2b09741b355e7afc24292d4424f75') in 0.004 seconds [static dependencies only]. Details - ImportResultOutputID=a970f3543f618bc26b7a01a75c3b1c26 DependenciesID=3c7ca1e6b4b790ab1824b769c043de4a StaticDependenciesID=7acfac24b6748b0a9ef58cee4fd312a2 
Importing 'GUID: 9fb9341b87aa9484b90f49e87ea1286b - Path: Assets/Free Pack/URP/Prefabs/SM_Marble_Top_Dining_Table_URP.prefab' with importer (PrefabImporter)
Imported 'GUID: 9fb9341b87aa9484b90f49e87ea1286b' -> (Import Result ID: 'e1573d9a9858498eab7330abb4bb2a8e') in 0.003 seconds [static dependencies only]. Details - ImportResultOutputID=af45c58a95b6c9ff7490826278fb21d6 DependenciesID=4fa59e49ceafcd7baa7f85fb3d4e748e StaticDependenciesID=fc099cc7b22e57bb663581b0df8b333b 
Importing 'GUID: 9f0b5713b7412ab4eb37110128bbc164 - Path: Assets/Mini Chibi Free Demo/Prefabs/mini chibi kid animations.prefab' with importer (PrefabImporter)
Imported 'GUID: 9f0b5713b7412ab4eb37110128bbc164' -> (Import Result ID: '094254703561f7b94f7865b23350f9d0') in 0.004 seconds [static dependencies only]. Details - ImportResultOutputID=40a0c0434b53b8da00e564746ee9d9ea DependenciesID=36a636cf3e7f2898e2dcd3298ae4f426 StaticDependenciesID=3fc7f0b7382a0c33e57c3875d1e78b23 
Importing 'GUID: afd3e8f2da1a6b74aab973cb36c2c69e - Path: Assets/Free Pack/Built-In/Prefabs/SM_Jar_07.prefab' with importer (PrefabImporter)
Imported 'GUID: afd3e8f2da1a6b74aab973cb36c2c69e' -> (Import Result ID: 'e3b79f719fb6c48cd23fc8bca214adcf') in 0.003 seconds [static dependencies only]. Details - ImportResultOutputID=53355d58d76ffc7a01c2c79a5f848154 DependenciesID=73d7353a87914fc5fff7408176ab3b7e StaticDependenciesID=422e6e78cc19f68c53ca22168ac0e97c 
Importing 'GUID: afb4efc7fd296f84d88111a4d88d217b - Path: Assets/Free Pack/Built-In/Prefabs/SM_Packet_16.prefab' with importer (PrefabImporter)
Imported 'GUID: afb4efc7fd296f84d88111a4d88d217b' -> (Import Result ID: '9261984addd9f6b8b40425a05c0f1219') in 0.003 seconds [static dependencies only]. Details - ImportResultOutputID=25db375c2e77f84ae8638f8d3a820ea0 DependenciesID=cde9a1ab03bc44c90e443f5299222677 StaticDependenciesID=25cf7020f5d02e761021c4e531150259 
Importing 'GUID: afb60eca1ff89424ea376c66e9d45f97 - Path: Assets/Free Pack/Built-In/Prefabs/SM_CS_Chair_01.prefab' with importer (PrefabImporter)
Imported 'GUID: afb60eca1ff89424ea376c66e9d45f97' -> (Import Result ID: 'cae8a8eff3b7bbd6dbde95fb7a14a187') in 0.003 seconds [static dependencies only]. Details - ImportResultOutputID=6c363ae4c9634d39ea759c3e0fe23a17 DependenciesID=0dd22d3869a03a5de340eac84e9d2633 StaticDependenciesID=22559fc8e97a045b3a9baabdf65d8795 
Importing 'GUID: af5e7ea85ab6a7d4bbc26fb35f5e30c4 - Path: Assets/Free Pack/HDRP/Prefabs/SM_Spoon_15_HDRP.prefab' with importer (PrefabImporter)
Imported 'GUID: af5e7ea85ab6a7d4bbc26fb35f5e30c4' -> (Import Result ID: '7be06b7d9c762b8cb1257224e00ee2d3') in 0.003 seconds [static dependencies only]. Details - ImportResultOutputID=e22b4454c76a58f7d75fb13315feae14 DependenciesID=40e399850d8f03a967147ff6d93eea7b StaticDependenciesID=6059f3a9d7e437e469d022cedd0eae19 
Importing 'GUID: df2e19664b7f08944810243b5ada1521 - Path: Assets/Free Pack/Built-In/Prefabs/SM_Spoon_02.prefab' with importer (PrefabImporter)
Imported 'GUID: df2e19664b7f08944810243b5ada1521' -> (Import Result ID: '12fa34f853090a4c250c746fc6516add') in 0.002 seconds [static dependencies only]. Details - ImportResultOutputID=5c6d76540b8bdb42ef5da3e2a588bf97 DependenciesID=2df55173a87b415579f9fa4cefbc5cd6 StaticDependenciesID=5b6bb671840951683e6fe3189789f55e 
Importing 'GUID: f1ac2efb1bcd4dfd95dc196ed3c11367 - Path: Packages/com.unity.multiplayer.center/Editor/MultiplayerCenterWindow/UI/light.uss' with importer (ScriptedImporter : UnityEditor.CoreModule:UnityEditor.UIElements.StyleSheets:StyleSheetImporter)
Imported 'GUID: f1ac2efb1bcd4dfd95dc196ed3c11367' -> (Import Result ID: 'e79785092352525d498e2acd00f66fe6') in 0.044 seconds [static and dynamic dependencies]. Details - ImportResultOutputID=d933b28d171599f50d13b516109e7212 DependenciesID=eefa893d506261f438d5fa50aaa5e9f7 StaticDependenciesID=c0be29e7e0ff4bfa095da4fc1dc5bca1 
Importing 'GUID: 1984cd07fe96417f9e88f5771f6b4b32 - Path: Packages/com.unity.multiplayer.center/Editor/MultiplayerCenterWindow/UI/dark.uss' with importer (ScriptedImporter : UnityEditor.CoreModule:UnityEditor.UIElements.StyleSheets:StyleSheetImporter)
Imported 'GUID: 1984cd07fe96417f9e88f5771f6b4b32' -> (Import Result ID: 'f9cb7c837dad292f56634fe3f382065b') in 0.006 seconds [static and dynamic dependencies]. Details - ImportResultOutputID=8be4503d52b62d7392027baec0ba5f8a DependenciesID=02f17d16df9076fcda5410bf208c566e StaticDependenciesID=1bc9381b81c7badb9cb10e990eaf2cd8 
Importing 'GUID: bac00d6e07f0b4305bb395363c89d92b - Path: Packages/com.unity.multiplayer.center/Editor/MultiplayerCenterWindow/UI/MultiplayerCenterWindow.uss' with importer (ScriptedImporter : UnityEditor.CoreModule:UnityEditor.UIElements.StyleSheets:StyleSheetImporter)
Imported 'GUID: bac00d6e07f0b4305bb395363c89d92b' -> (Import Result ID: '69a6bf572b5a9b9809594125b5558102') in 0.025 seconds [static and dynamic dependencies]. Details - ImportResultOutputID=d6dfc469da9a8ffbb556776434abd32e DependenciesID=5acd57e08886106d7c4e0f49eb84da79 StaticDependenciesID=8d43e3a97bb0bfa224eb5b90fbf1805d 
Starting new worker id: 0 with log in C:/Users/cgardner4864/Documents/GitHub/Holy-Guac/Holy guac map/Logs/AssetImportWorkerHW0.log
Loading style catalogs (6)
	StyleSheets/Extensions/base/common.uss
	UIPackageResources/StyleSheets/Default/Variables/Public/common.uss
	StyleSheets/Northstar/common.uss
	StyleSheets/Extensions/fonts/inter.uss
	StyleSheets/Extensions/base/dark.uss
	UIPackageResources/StyleSheets/Default/Northstar/Palette/dark.uss

Asset Pipeline Refresh (id=14002d1a1e20e8745a901da9148bbb7d): Total: 44.373 seconds - Initiated by InitialRefreshV2(ForceSynchronousImport)
	(Values over 0.05ms)
	Summary:
		Imports: total=604 (actual=604, local cache=0, cache server=0)
		Asset DB Process Time: managed=44 ms, native=39048 ms
		Asset DB Callback time: managed=127 ms, native=1247 ms
		Scripting: domain reloads=1, domain reload time=325 ms, compile time=3574 ms, other=5 ms
		Project Asset Count: scripts=136, non-scripts=468
		Asset File Changes: new=666, changed=666, moved=0, deleted=0
		Scan Filter Count: 0
	InvokePackagesCallback: 926.059ms
	ApplyChangesToAssetFolders: 0.390ms
	Scan: 373.654ms
	Collect global state as custom dependencies: 10.766ms
	OnSourceAssetsModified: 1.473ms
	CategorizeScriptCompilationAssets: 0.325ms
	ProcessAssetsWithTransientArtifactChanges: 0.782ms
	CategorizeAssets: 2.995ms
	CompileScripts: 3574.445ms
	ImportOutOfDateAssets: 38645.370ms (359.390ms without children)
		ImportManagerImport: 38274.533ms (124.357ms without children)
			UpdateCategorizedAssets: 0.940ms
		UnloadImportedAssets: 0.102ms
		ReloadImportedAssets: 0.115ms
		EnsureUptoDateAssetsAreRegisteredWithGuidPM: 0.072ms
		ImportSchedulerStart: 11.267ms
	PostProcessAllAssets: 456.463ms
		VersionControlSettings.HiddenFilePostprocess 7.989ms
		AssemblyValidation.PostprocessAllAssets 2.039ms
		ShaderAssetModifiedCallback 0.701ms
		PostProcessCallbackCreateDeferredMaterials 0.602ms
		RaytracingShaderImportPostprocess 0.481ms
		ComputeShaderImportPostprocess 0.427ms
		LocalizationDatabase.AssetDatabasePostprocessCallback 0.395ms
		SpeedTreeImporter.PostprocessAllAssets 0.334ms
		BlockShaderImporter.PostprocessAllAssets 0.184ms
		MonoPostProcessAllAssets: 126.702ms
			StyleCatalogPostProcessor.OnPostprocessAllAssets 66.790ms
			AssetPostprocessor.OnPostprocessAllAssets 27.041ms
			AssetChangedListener.OnPostprocessAllAssets 6.027ms
			WindowAssetPostprocessingWatcher.OnPostprocessAllAssets 5.924ms
			BuilderAssetPostprocessor.OnPostprocessAllAssets 3.726ms
			TextAssetPostProcessor.OnPostprocessAllAssets 2.752ms
			SyncVS.PostprocessSyncProject 2.471ms
			RetainedModeAssetPostprocessor.OnPostprocessAllAssets 1.153ms
			SpeedTree9Postprocessor.OnPostprocessAllAssets 1.085ms
			EditModeScopePostprocessor.OnPostprocessAllAssets 0.701ms
			ArtifactBrowserPostProcessor.OnPostprocessAllAssets 0.371ms
			ReferencedClipsPostProcessor.OnPostprocessAllAssets 0.233ms
			AudioMixerPostprocessor.OnPostprocessAllAssets 0.186ms
			AssetEvents.OnPostprocessAllAssets 0.178ms
			TerrainToolbarOverlayPostProcessor.OnPostprocessAllAssets 0.156ms
			SpeedTreePostProcessor.OnPostprocessAllAssets 0.121ms
			AssetDatabaseCallbacks.OnPostprocessAllAssets 0.117ms
			ScenarioDriftAssetsTracker.OnPostprocessAllAssets 0.088ms
			ConfigAssetsTracker.OnPostprocessAllAssets 0.085ms
			RenderPipelineGlobalSettingsPostprocessor.OnPostprocessAllAssets 0.069ms
			AudioContainerPostProcessor.OnPostprocessAllAssets 0.050ms
	PostAssetChangesProfiler: 0.928ms
	UnloadStreamsBegin: 1.429ms
	PersistCurrentRevisions: 1.387ms
	UnloadStreamsEnd: 0.101ms
	GenerateScriptTypeHashes: 0.083ms
	GenerateScriptTypeSerializationHashes: 0.191ms
	Untracked: 368.816ms

Application.AssetDatabase Initial Refresh End
Scanning for USB devices : 3.607ms
Initializing Unity extensions:
[MODES] ModeService[none].Initialize
[MODES] ModeService[none].LoadModes
[MODES] Loading mode Default (0) for mode-current-id-Holy guac map
Unloading 4 Unused Serialized files (Serialized files now loaded: 0)
Unloading 112 unused Assets / (0.6 MB). Loaded Objects now: 740.
Memory consumption went from 227.4 MB to 226.8 MB.
Total: 4.436200 ms (FindLiveObjects: 0.130700 ms CreateObjectMapping: 0.015800 ms MarkObjects: 3.950300 ms  DeleteObjects: 0.203500 ms)

[LAYOUT] About to load C:/Users/cgardner4864/AppData/Roaming/Unity/Editor-5.x/Preferences\Layouts\current\default-6000.dwlt, keepMainWindow=False
Worker ready: AssetImportWorkerHW0 0
[LAYOUT] About to save layout C:\Users\cgardner4864\Documents\GitHub\Holy-Guac\Holy guac map\UserSettings\Layouts\default-6000.dwlt
[LAYOUT] About to save layout C:/Users/cgardner4864/AppData/Roaming/Unity/Editor-5.x/Preferences\Layouts\current\default-6000.dwlt
[MODES] ModeService[default].InitializeCurrentMode
[MODES] ModeService[default].RaiseModeChanged(default, default)
This project uses Input Manager, which is marked for deprecation. To manage input in your project, use the <a href="https://docs.unity3d.com/Packages/com.unity.inputsystem@latest">Input System package</a> instead.
<RI> Initializing input.
XInput1_3.dll not found. Trying XInput9_1_0.dll instead...
<RI> Input initialized.
[Project] Loading completed in 59.115 seconds
	Project init time: 				57.944 seconds
		Template init time: 		0.000 seconds
		Package Manager init time: 		1.851 seconds
		Asset Database init time: 		10.494 seconds
		Global illumination init time: 	0.007 seconds
		Assemblies load time: 			0.810 seconds
		Unity extensions init time: 	0.000 seconds
		Asset Database refresh time: 	44.373 seconds
	Scene opening time: 			1.044 seconds
##utp:{"type":"ProjectInfo","version":2,"phase":"Immediate","time":1791467485583,"processId":21828,"projectLoad":59.115317,"projectInit":57.9442841,"templateInit":0.0,"packageManagerInit":1.8506558,"assetDatabaseInit":10.4938597,"globalIlluminationInit":0.0069848,"assembliesLoad":0.8097121,"unityExtensionsInit":0.0004161,"assetDatabaseRefresh":44.3734069,"sceneOpening":1.043769}
##utp:{"type":"EditorInfo","version":2,"phase":"Immediate","time":1791467485583,"processId":21828,"editorVersion":"6000.5.7f1 (017862109af0)","branch":"6000.5/staging","buildType":"Release","platform":"Windows"}
Asset Pipeline Refresh (id=87d70966f6b25fc49bee04cd31095852): Total: 0.013 seconds - Initiated by RefreshV2(AllowForceSynchronousImport)
[MODES] ModeService[default].LoadModes
Starting new worker id: 1 with log in C:/Users/cgardner4864/Documents/GitHub/Holy-Guac/Holy guac map/Logs/AssetImportWorkerHW1.log
Starting new worker id: 2 with log in C:/Users/cgardner4864/Documents/GitHub/Holy-Guac/Holy guac map/Logs/AssetImportWorkerHW2.log
[Worker0] Imported GUID: 5d2ebd7da37f535499adc9b57dd2eaa4 - Path: Assets/wall4 (3).prefab - Importer: PreviewImporter -> (ImportResultId: '3cc2f847cadc66e2b6ede22d37a06ce2') in 0.0318658 seconds
[Worker0] Imported GUID: d0ec0d0eeb3f3e24cb26d1b4515a162f - Path: Assets/wall4 (5).prefab - Importer: PreviewImporter -> (ImportResultId: '7c4f6a8b8072ae762509f47a783676d2') in 0.0009049 seconds
[Worker0] Imported GUID: a55cf07cebaec724dad75544c4344340 - Path: Assets/wall7 (7).prefab - Importer: PreviewImporter -> (ImportResultId: '311690ee09bb8fbba391a875ef8b5115') in 0.0007022 seconds
[Worker0] Imported GUID: 93720045080c28a488fd81301407c122 - Path: Assets/wall4 (4).prefab - Importer: PreviewImporter -> (ImportResultId: '5c323047c3ab5c991c0b5bc10c6c1d35') in 0.0006068 seconds
[Worker0] Imported GUID: 95d04b02a9d7c434aa04141a28665aba - Path: Assets/wall7 (8).prefab - Importer: PreviewImporter -> (ImportResultId: 'd1780a1d6095efad5accda9d01f44175') in 0.000653 seconds
[Worker0] Imported GUID: 8c1a4bd9a1cb842459f7e1ec9eb4da70 - Path: Assets/wall4 (6).prefab - Importer: PreviewImporter -> (ImportResultId: '6299667629c8fee5d20ca938774753d6') in 0.0006402 seconds
[Worker0] Imported GUID: 67547139f0b1dc743b54d018908d9091 - Path: Assets/wall7 (10).prefab - Importer: PreviewImporter -> (ImportResultId: 'ff3f86280e7cbe3c7171db135f925229') in 0.0006657 seconds
Dynamic Batching is deprecated and will be removed in a future release. Use GPU Instancing instead. Disable Dynamic Batching in Project Settings > Player > Other Settings to remove this warning.
UnityEngine.Debug:ExtractStackTraceNoAlloc (byte*,int,string)
UnityEngine.StackTraceUtility:ExtractStackTrace ()
UnityEngine.DebugLogHandler:Internal_Log (UnityEngine.LogType,UnityEngine.LogOption,string,UnityEngine.Object)
UnityEngine.DebugLogHandler:LogFormat (UnityEngine.LogType,UnityEngine.Object,string,object[])
UnityEngine.Logger:Log (UnityEngine.LogType,object)
UnityEngine.Debug:LogWarning (object)
UnityEditor.PlayerSettingsBatchingWarning:WarnIfDynamicBatchingEnabled ()
UnityEditor.EditorApplication:Internal_CallUpdateFunctions ()

Start Indexing on Editor startup
[Indexing] Starting Initial Indexing for Assets
Created GICache directory at C:/Users/cgardner4864/AppData/LocalLow/Unity/Caches/GiCache. Took: 0.010s, timestamps: [59.671 - 59.681]
[Licensing::Client] Successfully resolved entitlement details
[Licensing::Client] Successfully resolved entitlement details
[Worker0] Imported GUID: d2a69d63cf3e858419644a2091720f17 - Path: Assets/Free Pack/scenes/HDRP_Demo.unity - Importer: ScriptedImporter/UnityEditor.QuickSearchModule:UnityEditor.Search:ASIAI0B -> (ImportResultId: '37bd60d7357bee70c5b73071cbfed54b') in 0.0589442 seconds
[Licensing::Client] Successfully resolved entitlement details
[Licensing::Client] Successfully updated the access token
[Licensing::Module] Successfully updated access token: "K81Bdk7B"... (expires: 2026-10-08T15:21:04Z)
[Worker0] Imported GUID: ac19a7cba80b6234c8ae9d26dbbcd50a - Path: Assets/Free Pack/Textures/T_Batch_Small_01_MetallicSmoothness.png - Importer: ScriptedImporter/UnityEditor.QuickSearchModule:UnityEditor.Search:ASIAI0B -> (ImportResultId: '157e9986b483d367f70280ada8b15571') in 0.0486887 seconds
[Worker0] Imported GUID: 473314c828cc99e439b2d01de2ec3476 - Path: Assets/Free Pack/Meshes/SM_Packet_16.fbx - Importer: ScriptedImporter/UnityEditor.QuickSearchModule:UnityEditor.Search:ASIAI0B -> (ImportResultId: '7a5484c893504e6492f921d3f742e221') in 0.0239397 seconds
[Worker0] Imported GUID: 2ea976573cca94646b0a7bd3936324b0 - Path: Assets/Free Pack/scenes/Demo.unity - Importer: ScriptedImporter/UnityEditor.QuickSearchModule:UnityEditor.Search:ASIAI0B -> (ImportResultId: '46de9ae62ebc92dc195cbcf5f03d15d9') in 0.0052264 seconds
[Worker0] Imported GUID: e591867826f3ff14da56d8bee455a71a - Path: Assets/Free Pack/scenes/URP_Overview.unity - Importer: ScriptedImporter/UnityEditor.QuickSearchModule:UnityEditor.Search:ASIAI0B -> (ImportResultId: '811ec5df93f1ddc0808a763498ac09f9') in 0.0042835 seconds
[Worker0] Imported GUID: 307f10ffb3d76d540a873bda1ffac600 - Path: Assets/Free Pack/Meshes/SM_Spoon_05.fbx - Importer: ScriptedImporter/UnityEditor.QuickSearchModule:UnityEditor.Search:ASIAI0B -> (ImportResultId: 'c340d8b4488866b22ac6a17cecc81428') in 0.0068746 seconds
[Worker0] Imported GUID: 49b32191294d21a4bb56fb59d239ef32 - Path: Assets/Free Pack/Textures/T_Batch_Small_02_BaseOp.png - Importer: ScriptedImporter/UnityEditor.QuickSearchModule:UnityEditor.Search:ASIAI0B -> (ImportResultId: '71a804a36363cb35d945d93381b498d7') in 0.007159 seconds
[Worker0] Imported GUID: cab241df09e03574e831095392f0f50b - Path: Assets/Free Pack/Meshes/SM_Grapes_02.fbx - Importer: ScriptedImporter/UnityEditor.QuickSearchModule:UnityEditor.Search:ASIAI0B -> (ImportResultId: 'f058e6b7e24194c14a81a8fc54d9818b') in 0.0085546 seconds
[Worker0] Imported GUID: de5d0cff30cd91e45aefa4e02d8e5aca - Path: Assets/Free Pack/Textures/T_Batch_Small_01_AO.png - Importer: ScriptedImporter/UnityEditor.QuickSearchModule:UnityEditor.Search:ASIAI0B -> (ImportResultId: '42d9f828407d72799b80fb96ece6749c') in 0.0084377 seconds
[Worker0] Imported GUID: 306594fd7978855428db9aac6cb62455 - Path: Assets/Free Pack/Meshes/SM_Cereal_Bowl.fbx - Importer: ScriptedImporter/UnityEditor.QuickSearchModule:UnityEditor.Search:ASIAI0B -> (ImportResultId: 'a1d176a89064d0080b9aea9daa7de7e8') in 0.009943 seconds
[Worker0] Imported GUID: a152dd3f3bf972e4a9d103936509a5c2 - Path: Assets/Free Pack/Meshes/SM_EggplantDish.fbx - Importer: ScriptedImporter/UnityEditor.QuickSearchModule:UnityEditor.Search:ASIAI0B -> (ImportResultId: 'ec2078881e1e10346d58abcddf191ce6') in 0.0078431 seconds
[Worker0] Imported GUID: 658f09911b2a51143b7e9f49704d92bb - Path: Assets/Free Pack/Meshes/SM_Packet_11.fbx - Importer: ScriptedImporter/UnityEditor.QuickSearchModule:UnityEditor.Search:ASIAI0B -> (ImportResultId: 'f4dbc88a2f65a85614019b8472afdd21') in 0.0087271 seconds
[Worker0] Imported GUID: eaf832853694adb40a1f2ad19876d1b5 - Path: Assets/Free Pack/Meshes/SM_Plate.fbx - Importer: ScriptedImporter/UnityEditor.QuickSearchModule:UnityEditor.Search:ASIAI0B -> (ImportResultId: 'b002ecc131bc4cd95ee86d62961fbea8') in 0.0068683 seconds
[Worker0] Imported GUID: 8637e8b8d01bbd64f9c08697caae4f92 - Path: Assets/Free Pack/Intro/Thankyou.txt - Importer: ScriptedImporter/UnityEditor.QuickSearchModule:UnityEditor.Search:ASIAI0B -> (ImportResultId: 'a0bd296f61e9754b4a396bc5bc6a0423') in 0.0042747 seconds
[Worker0] Imported GUID: 5d2ebd7da37f535499adc9b57dd2eaa4 - Path: Assets/wall4 (3).prefab - Importer: ScriptedImporter/UnityEditor.QuickSearchModule:UnityEditor.Search:ASIAI0B -> (ImportResultId: 'ae73d6b6e7ac9ce4ac0a7db746492ffb') in 0.0114527 seconds
[Worker0] Imported GUID: 0de22df6cdf5ea34c8010e2910352b1c - Path: Assets/Free Pack/Textures/T_Batch_Small_02_AO.png - Importer: ScriptedImporter/UnityEditor.QuickSearchModule:UnityEditor.Search:ASIAI0B -> (ImportResultId: 'b174a04db7602fee00f42515fe788138') in 0.0093243 seconds
[Worker0] Imported GUID: 4d99847aac8da704f926f46658bce68b - Path: Assets/Free Pack/Meshes/SM_Apple.fbx - Importer: ScriptedImporter/UnityEditor.QuickSearchModule:UnityEditor.Search:ASIAI0B -> (ImportResultId: '85007baa4d64d481c062ade61810bd9d') in 0.0096964 seconds
[Worker0] Imported GUID: 67f858dd9fa2bc8458e983132f2a6d23 - Path: Assets/Free Pack/Meshes/SM_Candle_stand_04.fbx - Importer: ScriptedImporter/UnityEditor.QuickSearchModule:UnityEditor.Search:ASIAI0B -> (ImportResultId: 'b4d06d7dc8521423c798f10c1daf6569') in 0.0091306 seconds
[Worker0] Imported GUID: a80929ca766e8004e80c4e2dae15a7d7 - Path: Assets/Free Pack/Meshes/SM_Carpet_02.fbx - Importer: ScriptedImporter/UnityEditor.QuickSearchModule:UnityEditor.Search:ASIAI0B -> (ImportResultId: '0be9a903f3df11b9fd18d21d629f378b') in 0.0086371 seconds
[Worker0] Imported GUID: 343520c80c38fde448564717b4ef886b - Path: Assets/Free Pack/Textures/T_All_Banana_MetallicSmoothness.png - Importer: ScriptedImporter/UnityEditor.QuickSearchModule:UnityEditor.Search:ASIAI0B -> (ImportResultId: 'a21fb274d4f4b9bd1634de1cc3eee1c6') in 0.0098254 seconds
[Worker0] Imported GUID: 6a7d5c2007348f345a93f6eea75bfec5 - Path: Assets/Free Pack/Textures/T_Apple_V4_BaseOp.png - Importer: ScriptedImporter/UnityEditor.QuickSearchModule:UnityEditor.Search:ASIAI0B -> (ImportResultId: 'c8df44005c1722f7cbe90a460110ef30') in 0.0099751 seconds
[Worker0] Imported GUID: 266fe29b1c1ef94449cd8335f7c36504 - Path: Assets/Free Pack/Meshes/SM_Microwave_Oven.fbx - Importer: ScriptedImporter/UnityEditor.QuickSearchModule:UnityEditor.Search:ASIAI0B -> (ImportResultId: 'd8e60ba9c7db41f3b5e067cc9f5ac19f') in 0.0112162 seconds
[Worker0] Imported GUID: d0ec0d0eeb3f3e24cb26d1b4515a162f - Path: Assets/wall4 (5).prefab - Importer: ScriptedImporter/UnityEditor.QuickSearchModule:UnityEditor.Search:ASIAI0B -> (ImportResultId: 'dd38afbceffcfff65f31d359b2009a7f') in 0.007192 seconds
[Worker0] Imported GUID: 93720045080c28a488fd81301407c122 - Path: Assets/wall4 (4).prefab - Importer: ScriptedImporter/UnityEditor.QuickSearchModule:UnityEditor.Search:ASIAI0B -> (ImportResultId: '62aad736d28f75fcd70c9a624dc1fc02') in 0.0055111 seconds
[Worker0] Imported GUID: 2d2f5a76692f8924eb746f39ce5beadd - Path: Assets/Free Pack/Meshes/SM_Table_V8.fbx - Importer: ScriptedImporter/UnityEditor.QuickSearchModule:UnityEditor.Search:ASIAI0B -> (ImportResultId: 'c46724daf65054971712c6f2aa38fb13') in 0.0076502 seconds
[Licensing::Client] Successfully resolved entitlement details
[Worker0] Imported GUID: 95d04b02a9d7c434aa04141a28665aba - Path: Assets/wall7 (8).prefab - Importer: ScriptedImporter/UnityEditor.QuickSearchModule:UnityEditor.Search:ASIAI0B -> (ImportResultId: '3db2c33a756f6201e2b286657a491a3f') in 0.0061906 seconds
[Worker0] Imported GUID: 3b587e77ae1b93f4e9c2a20d78edc71d - Path: Assets/Free Pack/Meshes/SM_Tube_Light.fbx - Importer: ScriptedImporter/UnityEditor.QuickSearchModule:UnityEditor.Search:ASIAI0B -> (ImportResultId: '3091ac63b5098fee0caec6cef835efb2') in 0.0083783 seconds
[Worker0] Imported GUID: a97c00a5f54a41b4e9dfd9ecd91b8545 - Path: Assets/Free Pack/Textures/T_Batch_Small_01_Normal.png - Importer: ScriptedImporter/UnityEditor.QuickSearchModule:UnityEditor.Search:ASIAI0B -> (ImportResultId: '19cb9980717a450e61b9387d5b784560') in 0.0094198 seconds
[Worker0] Imported GUID: 2dd55d893787ce74a821c49112c77943 - Path: Assets/Free Pack/Textures/T_Batch_Small_01_Emissive.png - Importer: ScriptedImporter/UnityEditor.QuickSearchModule:UnityEditor.Search:ASIAI0B -> (ImportResultId: 'ad29172edc0ea9233df1a192f726227c') in 0.0074765 seconds
[Worker0] Imported GUID: b627f8389b42371489513b959e80cd42 - Path: Assets/Free Pack/Textures/T_All_Banana_Normal.png - Importer: ScriptedImporter/UnityEditor.QuickSearchModule:UnityEditor.Search:ASIAI0B -> (ImportResultId: '316db8eb0464f2a9dd66e41f69b84eca') in 0.0100929 seconds
[Worker0] Imported GUID: f7797cc4c79503d4eb1c7d756a009edb - Path: Assets/Free Pack/Meshes/SM_Mug_02.fbx - Importer: ScriptedImporter/UnityEditor.QuickSearchModule:UnityEditor.Search:ASIAI0B -> (ImportResultId: '62f7d5fb7e34a65eb3ce4f94130ff85b') in 0.0101077 seconds
[Worker0] Imported GUID: e0cfa863159472b4bac71ee880576818 - Path: Assets/Mini Chibi Free Demo/Readme.asset - Importer: ScriptedImporter/UnityEditor.QuickSearchModule:UnityEditor.Search:ASIAI0B -> (ImportResultId: 'ce5bafd5c5924e492c35ee85fdf9c601') in 0.004107 seconds
[Worker0] Imported GUID: c3d37a44a84b7824da2b1546eb2984fd - Path: Assets/Free Pack/Meshes/SM_CS_Chair_01.fbx - Importer: ScriptedImporter/UnityEditor.QuickSearchModule:UnityEditor.Search:ASIAI0B -> (ImportResultId: '5577c44ea2e3c012717574d0f79ef987') in 0.0081594 seconds
[Worker0] Imported GUID: 67547139f0b1dc743b54d018908d9091 - Path: Assets/wall7 (10).prefab - Importer: ScriptedImporter/UnityEditor.QuickSearchModule:UnityEditor.Search:ASIAI0B -> (ImportResultId: 'a1b9adcf34d9ba4a7d09857706c7e312') in 0.0061943 seconds
[Worker0] Imported GUID: 01d1173a24dac214caea7bfa321936b3 - Path: Assets/Free Pack/Meshes/SM_Jar_07.fbx - Importer: ScriptedImporter/UnityEditor.QuickSearchModule:UnityEditor.Search:ASIAI0B -> (ImportResultId: '174b7d4b5a90dd76b8f960c92062ff7a') in 0.0083662 seconds
[Worker0] Imported GUID: bf1e88a0111205643be0997ca59a3ddf - Path: Assets/Free Pack/Meshes/SM_Chickenfull.fbx - Importer: ScriptedImporter/UnityEditor.QuickSearchModule:UnityEditor.Search:ASIAI0B -> (ImportResultId: 'c34143ac337a650e896517f8a63ef47f') in 0.008236 seconds
[Worker0] Imported GUID: 69a0ffd1e1990274e88fff26181a8a06 - Path: Assets/Free Pack/Meshes/SM_Cereal_box.fbx - Importer: ScriptedImporter/UnityEditor.QuickSearchModule:UnityEditor.Search:ASIAI0B -> (ImportResultId: 'c562f3c8eb469bdd6066a14446615cd7') in 0.0082926 seconds
[Worker0] Imported GUID: 90782c083a6c14042a527d74a9e75d9f - Path: Assets/Free Pack/Meshes/SM_HH_Basket_04.fbx - Importer: ScriptedImporter/UnityEditor.QuickSearchModule:UnityEditor.Search:ASIAI0B -> (ImportResultId: 'c2c8a2270f8d41a65cf2b133bcafedea') in 0.0092013 seconds
[Worker0] Imported GUID: 2cee1f238035c6648bc8e22215f4b9e7 - Path: Assets/Free Pack/scenes/URP_Demo.unity - Importer: ScriptedImporter/UnityEditor.QuickSearchModule:UnityEditor.Search:ASIAI0B -> (ImportResultId: '09b372967f7be30ef81296610ba613dc') in 0.005061 seconds
[Worker0] Imported GUID: 9edcfb4e243116f458c2696baed0761d - Path: Assets/Free Pack/Textures/T_Apple_V4_Normal.png - Importer: ScriptedImporter/UnityEditor.QuickSearchModule:UnityEditor.Search:ASIAI0B -> (ImportResultId: 'ebef32b5d2cf77a1a3aa67aae7cb10f2') in 0.0103966 seconds
[Worker0] Imported GUID: 8c1a4bd9a1cb842459f7e1ec9eb4da70 - Path: Assets/wall4 (6).prefab - Importer: ScriptedImporter/UnityEditor.QuickSearchModule:UnityEditor.Search:ASIAI0B -> (ImportResultId: 'b39ada22feedd26c282b747e9027b547') in 0.0070274 seconds
[Worker0] Imported GUID: 80536393b2d023441854f5667fc1e629 - Path: Assets/Free Pack/Meshes/SM_Bottle_32.fbx - Importer: ScriptedImporter/UnityEditor.QuickSearchModule:UnityEditor.Search:ASIAI0B -> (ImportResultId: '46df7f033516b3ca5f3a61efd0cd070a') in 0.0084098 seconds
[Worker0] Imported GUID: b3125c80cbb066e429752e79f5e98acd - Path: Assets/Free Pack/Meshes/SM_Cabinet_Doors_01.fbx - Importer: ScriptedImporter/UnityEditor.QuickSearchModule:UnityEditor.Search:ASIAI0B -> (ImportResultId: '4217bad9499d21c1838717a6ffb258c1') in 0.0108963 seconds
[Worker0] Imported GUID: 998ef6640570a704fb73d159be58819b - Path: Assets/Free Pack/Meshes/SM_Coffee_cup.fbx - Importer: ScriptedImporter/UnityEditor.QuickSearchModule:UnityEditor.Search:ASIAI0B -> (ImportResultId: '2c660a060e77bbda214f9089619917cb') in 0.010283 seconds
[Worker0] Imported GUID: 86ff0dd3bcb7f5844ad6527a0000e3aa - Path: Assets/Free Pack/Textures/T_Apple_V4_AO.png - Importer: ScriptedImporter/UnityEditor.QuickSearchModule:UnityEditor.Search:ASIAI0B -> (ImportResultId: '3b3b40f2abedb41f2f9bc55142e6cfa8') in 0.0081644 seconds
[Worker0] Imported GUID: c3569be0c046d9449a76f710258f34d8 - Path: Assets/Free Pack/Meshes/SM_Chair_V2.fbx - Importer: ScriptedImporter/UnityEditor.QuickSearchModule:UnityEditor.Search:ASIAI0B -> (ImportResultId: 'e2a8be20d1fd54b8c54738459aa7d5f3') in 0.0081206 seconds
[Worker0] Imported GUID: 15e5ac5b5ffff654785be16cc9686423 - Path: Assets/Free Pack/Meshes/SM_Spoon_02.fbx - Importer: ScriptedImporter/UnityEditor.QuickSearchModule:UnityEditor.Search:ASIAI0B -> (ImportResultId: 'fcc6f33fac8f09be088b7da15a1f8406') in 0.0086645 seconds
[Worker0] Imported GUID: ba9788de6bd886a438261eabe4a7c13f - Path: Assets/Free Pack/Meshes/SM_Bottle_22.fbx - Importer: ScriptedImporter/UnityEditor.QuickSearchModule:UnityEditor.Search:ASIAI0B -> (ImportResultId: '09af7d6c88e264ac861e5873b1ed1616') in 0.0116992 seconds
[Worker0] Imported GUID: dfca98f72aaf7df4182615d571d3fd20 - Path: Assets/Free Pack/Meshes/SM_Wall_04.fbx - Importer: ScriptedImporter/UnityEditor.QuickSearchModule:UnityEditor.Search:ASIAI0B -> (ImportResultId: '55ec93dada9a56d61bbac2a77afe8257') in 0.0431667 seconds
[Worker0] Imported GUID: 4302134578417614c9f80f4a48113345 - Path: Assets/Free Pack/Meshes/SM_Wall_02.fbx - Importer: ScriptedImporter/UnityEditor.QuickSearchModule:UnityEditor.Search:ASIAI0B -> (ImportResultId: '2bc8d6972f455ac87fb8ab35c9aa6a01') in 0.0104039 seconds
[Worker0] Imported GUID: 0d5ad0248b27d014aba8fc5931ae74f6 - Path: Assets/Free Pack/Textures/T_All_Banana_BaseOp.png - Importer: ScriptedImporter/UnityEditor.QuickSearchModule:UnityEditor.Search:ASIAI0B -> (ImportResultId: 'b1111682a6ee41efa1aabbf4070ce506') in 0.0077619 seconds
[Worker0] Imported GUID: 15251d7cecfe2b44baf1c122357b5cea - Path: Assets/Free Pack/Textures/T_Batch_Small_01_BaseOp.png - Importer: ScriptedImporter/UnityEditor.QuickSearchModule:UnityEditor.Search:ASIAI0B -> (ImportResultId: '499c8c1e9ea529a9b775bbb0f87f5cc2') in 0.0087122 seconds
[Worker0] Imported GUID: d11dbf2fc76b7df4f81b437651b5f5b6 - Path: Assets/Free Pack/Textures/T_Apple_V4_MetallicSmoothness.png - Importer: ScriptedImporter/UnityEditor.QuickSearchModule:UnityEditor.Search:ASIAI0B -> (ImportResultId: '0fe187f034b962da5be257a49620aa5d') in 0.0123245 seconds
[Worker0] Imported GUID: a55cf07cebaec724dad75544c4344340 - Path: Assets/wall7 (7).prefab - Importer: ScriptedImporter/UnityEditor.QuickSearchModule:UnityEditor.Search:ASIAI0B -> (ImportResultId: '7feff79b44d4f9fc8b84960ae0aa46ff') in 0.0060939 seconds
[Worker0] Imported GUID: e26cb75925dc30b4ca5c547d34a5267b - Path: Assets/Free Pack/Meshes/SM_Fridge.fbx - Importer: ScriptedImporter/UnityEditor.QuickSearchModule:UnityEditor.Search:ASIAI0B -> (ImportResultId: '2d7cc5fb9a513d037d1ba5c3bb28a17a') in 0.0074476 seconds
[Worker0] Imported GUID: fc9e0e0987547ed4484efc28e3864431 - Path: Assets/Free Pack/Meshes/SM_Marble_Top_Dining_Table.fbx - Importer: ScriptedImporter/UnityEditor.QuickSearchModule:UnityEditor.Search:ASIAI0B -> (ImportResultId: '424f505847197d2667c31715d3fe225b') in 0.0096483 seconds
[Worker0] Imported GUID: 0c52b24acea7a0b40945ab607dd9c793 - Path: Assets/Free Pack/scenes/Overview.unity - Importer: ScriptedImporter/UnityEditor.QuickSearchModule:UnityEditor.Search:ASIAI0B -> (ImportResultId: '731afa370b001ebc300ff3770ac151fb') in 0.0062626 seconds
[Worker0] Imported GUID: e27a8059f383f1b42a46a7f3f0317f10 - Path: Assets/Free Pack/Meshes/SM_Candle_stand_05.fbx - Importer: ScriptedImporter/UnityEditor.QuickSearchModule:UnityEditor.Search:ASIAI0B -> (ImportResultId: 'a1a2de169562c46b3f43479aac6fc783') in 0.0075986 seconds
[Worker0] Imported GUID: fcd36a88a278d594a8321a9a34b340ce - Path: Assets/Free Pack/Meshes/SM_CodFishDish.fbx - Importer: ScriptedImporter/UnityEditor.QuickSearchModule:UnityEditor.Search:ASIAI0B -> (ImportResultId: '6c6b2a15dc33d484187d13faedf29daa') in 0.0084948 seconds
[Worker0] Imported GUID: f4e6564e8296e6c428e7886c628bdd07 - Path: Assets/Free Pack/scenes/HDRP_Overview.unity - Importer: ScriptedImporter/UnityEditor.QuickSearchModule:UnityEditor.Search:ASIAI0B -> (ImportResultId: '1c2102df91271fd5e441261947eea34e') in 0.0050783 seconds
[Worker0] Imported GUID: b9204a1569227d4489344ec5b3c208db - Path: Assets/Free Pack/Meshes/SM_Spoon_04.fbx - Importer: ScriptedImporter/UnityEditor.QuickSearchModule:UnityEditor.Search:ASIAI0B -> (ImportResultId: '20ed2c3f196deb1f62f78dc1ef5603ea') in 0.0087359 seconds
[Worker0] Imported GUID: 18f10ff032087b447bab3ba08ae9314b - Path: Assets/Free Pack/Meshes/SM_Banana.fbx - Importer: ScriptedImporter/UnityEditor.QuickSearchModule:UnityEditor.Search:ASIAI0B -> (ImportResultId: '444b83fdcf0aedec0441648467c509c8') in 0.0091998 seconds
[Worker0] Imported GUID: 1c1665de31f2c3e4b82fb92828ccf701 - Path: Assets/Free Pack/Textures/T_All_Banana_AO.png - Importer: ScriptedImporter/UnityEditor.QuickSearchModule:UnityEditor.Search:ASIAI0B -> (ImportResultId: '0b16e024eeea6c4c5570b72b1a6bf8db') in 0.0073667 seconds
[Worker0] Imported GUID: c94744586c2adb24d8fa178a80692bb1 - Path: Assets/Free Pack/Meshes/SM_Spoon_15.fbx - Importer: ScriptedImporter/UnityEditor.QuickSearchModule:UnityEditor.Search:ASIAI0B -> (ImportResultId: 'c02eb4ac01f2593efeec7e664fc80d0b') in 0.0082073 seconds
[Worker0] Imported GUID: 6ee0764e887ab7c4f8c4079d4b382a13 - Path: Assets/Free Pack/Textures/T_CerealBox_Normal.png - Importer: ScriptedImporter/UnityEditor.QuickSearchModule:UnityEditor.Search:ASIAI0B -> (ImportResultId: '992133a9cef873188d2973a96a4be6da') in 0.0094762 seconds
[Worker0] Imported GUID: 0b65fca745c4e9b409a6d29f581ab7ef - Path: Assets/Free Pack/Textures/T_Chair_V2_MetallicSmoothness.png - Importer: ScriptedImporter/UnityEditor.QuickSearchModule:UnityEditor.Search:ASIAI0B -> (ImportResultId: '3d41d4883d70f2534de261e9925ff4be') in 0.0096402 seconds
[Worker0] Imported GUID: b3fb97b1fc7ee4b4d9f6cefed9efed4f - Path: Assets/Free Pack/Textures/T_Carpet_01_BaseOp.png - Importer: ScriptedImporter/UnityEditor.QuickSearchModule:UnityEditor.Search:ASIAI0B -> (ImportResultId: 'cf2910c0b472a67b85a7daf957fc843b') in 0.0089821 seconds
[Worker0] Imported GUID: 833d732be5af4614eaadb0b671d3b4ed - Path: Assets/Free Pack/Textures/T_Demo_Batch_01_Normal.png - Importer: ScriptedImporter/UnityEditor.QuickSearchModule:UnityEditor.Search:ASIAI0B -> (ImportResultId: '55ae78a8e9413bf8686b6a99e5e45be3') in 0.0090472 seconds
[Worker0] Imported GUID: 60a837ecb57daae40bb7e562ccbc809f - Path: Assets/Free Pack/Textures/T_Cereal_Bowl_Normal.png - Importer: ScriptedImporter/UnityEditor.QuickSearchModule:UnityEditor.Search:ASIAI0B -> (ImportResultId: 'a32ab9a305045e2fd0266d2a62a6e985') in 0.0084223 seconds
[Worker0] Imported GUID: f7a8e20dd31ca0940ad501a0860b6be7 - Path: Assets/Free Pack/Textures/T_Demo_Batch_01_MetallicSmoothness.png - Importer: ScriptedImporter/UnityEditor.QuickSearchModule:UnityEditor.Search:ASIAI0B -> (ImportResultId: '74f86dc9b026482ceab4b478b12fd5c9') in 0.0103298 seconds
[Worker0] Imported GUID: 20bfc58edd876e94fa226e3095495b90 - Path: Assets/Free Pack/Textures/T_Candle_stand_04_MetallicSmoothness.png - Importer: ScriptedImporter/UnityEditor.QuickSearchModule:UnityEditor.Search:ASIAI0B -> (ImportResultId: 'b9a8a0fd91adebd8311839c92af04254') in 0.0102182 seconds
[Worker0] Imported GUID: 0a826d14a938f264bb91ee28f92863a9 - Path: Assets/Free Pack/Textures/T_Candle_stand_05_Normal.png - Importer: ScriptedImporter/UnityEditor.QuickSearchModule:UnityEditor.Search:ASIAI0B -> (ImportResultId: 'a2fef48d93311b6f8aa04c96164566b7') in 0.0084034 seconds
[Worker0] Imported GUID: 6f5785b58f1f7d049bb0a752de1d111a - Path: Assets/Free Pack/Textures/T_FC_RK_Batch_02_Normal.png - Importer: ScriptedImporter/UnityEditor.QuickSearchModule:UnityEditor.Search:ASIAI0B -> (ImportResultId: '38b67ae5fb38022af73be53d60578adf') in 0.0083905 seconds
[Worker0] Imported GUID: 1d30dc50f91074f48b43aab2dd04dfe8 - Path: Assets/Free Pack/Textures/T_CS_Batch_01_BaseOp.png - Importer: ScriptedImporter/UnityEditor.QuickSearchModule:UnityEditor.Search:ASIAI0B -> (ImportResultId: '275897e59adbe3f2206662c6ab35832b') in 0.0074087 seconds
[Worker0] Imported GUID: dab73ed9e3c3f6d4c98dccad2e18f7c6 - Path: Assets/Free Pack/Textures/T_Cereal_Bowl_BaseOp.png - Importer: ScriptedImporter/UnityEditor.QuickSearchModule:UnityEditor.Search:ASIAI0B -> (ImportResultId: '76ea9811f2f3d147ca71fea298339b49') in 0.0099466 seconds
[Worker0] Imported GUID: 70cbc2ff091156e47b906c340f997747 - Path: Assets/Free Pack/Textures/T_Chair_V2_BaseOp.png - Importer: ScriptedImporter/UnityEditor.QuickSearchModule:UnityEditor.Search:ASIAI0B -> (ImportResultId: '048dd6db735d087f4eb9c701ecaadb05') in 0.0080545 seconds
[Worker0] Imported GUID: f4949426a1eb55647910afb267c459d0 - Path: Assets/Free Pack/Textures/T_EggplantDish_AO.png - Importer: ScriptedImporter/UnityEditor.QuickSearchModule:UnityEditor.Search:ASIAI0B -> (ImportResultId: '75b5b1d3a62227dfb655930640b04cbc') in 0.0083737 seconds
[Worker0] Imported GUID: d9a20e163caca9e4297d764a47ac651c - Path: Assets/Free Pack/Textures/T_EggplantDish_MetallicSmoothness.png - Importer: ScriptedImporter/UnityEditor.QuickSearchModule:UnityEditor.Search:ASIAI0B -> (ImportResultId: '9da94a6ae9f7edc36b8d146259177f2e') in 0.0082963 seconds
[Worker0] Imported GUID: 362f9a1e76dd8c1418de811036523626 - Path: Assets/Free Pack/Textures/T_Dishes_AO.png - Importer: ScriptedImporter/UnityEditor.QuickSearchModule:UnityEditor.Search:ASIAI0B -> (ImportResultId: '037798c1d9600724a6622489e367c68a') in 0.0094375 seconds
[Worker0] Imported GUID: a33a2f163783c344d8be18706a399803 - Path: Assets/Free Pack/Textures/T_FC_RK_Batch_02_Emissive.png - Importer: ScriptedImporter/UnityEditor.QuickSearchModule:UnityEditor.Search:ASIAI0B -> (ImportResultId: 'b52a47a52a51827f99f365df56c0caa7') in 0.0076436 seconds
[Worker0] Imported GUID: dccf9b83895abb74e9e2d69f0fff05ef - Path: Assets/Free Pack/Textures/T_CerealBox_AO.png - Importer: ScriptedImporter/UnityEditor.QuickSearchModule:UnityEditor.Search:ASIAI0B -> (ImportResultId: '1f62b2ce79ad0e3f1f55641a391a6091') in 0.0091868 seconds
[Worker0] Imported GUID: 74a1338ea96a19e41bf2127e3e8ce4e9 - Path: Assets/Free Pack/Textures/T_Fridge_MetallicSmoothness.png - Importer: ScriptedImporter/UnityEditor.QuickSearchModule:UnityEditor.Search:ASIAI0B -> (ImportResultId: '9cfa8a3d94c6d8bdbbcd64405518a6cf') in 0.0095727 seconds
[Worker0] Imported GUID: 312383f8a9173164ea542eb704163bf7 - Path: Assets/Free Pack/Textures/T_HH_Basket_04_AO.png - Importer: ScriptedImporter/UnityEditor.QuickSearchModule:UnityEditor.Search:ASIAI0B -> (ImportResultId: '54cdfaa286e411ccf257a293e9ebc5bf') in 0.0078263 seconds
[Worker0] Imported GUID: a7dd340d8ac282f448a1b93eb874df2b - Path: Assets/Free Pack/Textures/T_Bulk2_BaseOP.png - Importer: ScriptedImporter/UnityEditor.QuickSearchModule:UnityEditor.Search:ASIAI0B -> (ImportResultId: '4c3430ac2c37e04963f9fa6279f7edc4') in 0.0079927 seconds
[Worker0] Imported GUID: a5b7cd99e8934e34ab9c84349555849c - Path: Assets/Free Pack/Textures/T_Grapes_02_BaseOP.png - Importer: ScriptedImporter/UnityEditor.QuickSearchModule:UnityEditor.Search:ASIAI0B -> (ImportResultId: '0dbd851fe2eab30b30be0f4b8bd3b73d') in 0.0098967 seconds
[Worker0] Imported GUID: a72a6792ffe8ef64abcad7a4f80941c1 - Path: Assets/Free Pack/Textures/T_BottleBulk_01_AO.png - Importer: ScriptedImporter/UnityEditor.QuickSearchModule:UnityEditor.Search:ASIAI0B -> (ImportResultId: 'fb7609673bbde0354b1d8fae0ac8b638') in 0.0078256 seconds
[Worker0] Imported GUID: f7af460e08631714d94ea43384fdb5fe - Path: Assets/Free Pack/Textures/T_Chair_V2_Normal.png - Importer: ScriptedImporter/UnityEditor.QuickSearchModule:UnityEditor.Search:ASIAI0B -> (ImportResultId: 'b655181a6e40c8bd3f4c0d380236670d') in 0.0103491 seconds
[Worker0] Imported GUID: ea8bbb679db51a449be88437fc43f236 - Path: Assets/Free Pack/Textures/T_BottleBulk_01_BaseOP.png - Importer: ScriptedImporter/UnityEditor.QuickSearchModule:UnityEditor.Search:ASIAI0B -> (ImportResultId: '778ba8270adca1ee1ee85bc4a752b6f8') in 0.0083841 seconds
[Worker0] Imported GUID: 1b153ff6a672cb24c8272f451f838a78 - Path: Assets/Free Pack/Textures/T_Batch_Small_02_MetallicSmoothness.png - Importer: ScriptedImporter/UnityEditor.QuickSearchModule:UnityEditor.Search:ASIAI0B -> (ImportResultId: 'e6cc06beb20bd2681562697f54c8810c') in 0.0100571 seconds
[Worker0] Imported GUID: 37bb0f4faccb646479266dfcb12348db - Path: Assets/Free Pack/Textures/T_FC_RK_Batch_02_AO.png - Importer: ScriptedImporter/UnityEditor.QuickSearchModule:UnityEditor.Search:ASIAI0B -> (ImportResultId: 'b45ca566ba90a21cbcf35557dfe45f13') in 0.0083615 seconds
[Worker0] Imported GUID: 75cb882384b7f18419f0531ee6221c87 - Path: Assets/Free Pack/Textures/T_Grapes_02_AO.png - Importer: ScriptedImporter/UnityEditor.QuickSearchModule:UnityEditor.Search:ASIAI0B -> (ImportResultId: '3ead2425bd636cd250ae6a6a97430d6f') in 0.0081127 seconds
[Worker0] Imported GUID: ce4f5f3d2f6fa5946959e3b7e762c06d - Path: Assets/Free Pack/Textures/T_BottleBulk_01_MetallicSmoothness.png - Importer: ScriptedImporter/UnityEditor.QuickSearchModule:UnityEditor.Search:ASIAI0B -> (ImportResultId: 'b1bcbb84ec273a4e76e49e41260f4c81') in 0.0100354 seconds
[Worker0] Imported GUID: db9a368859a26d6419bae749f2d6e9a1 - Path: Assets/Free Pack/Textures/T_CS_Batch_01_MetallicSmoothness.png - Importer: ScriptedImporter/UnityEditor.QuickSearchModule:UnityEditor.Search:ASIAI0B -> (ImportResultId: '5f72c912384b4a8d7d2bd6651a82dd2c') in 0.0104175 seconds
[Worker0] Imported GUID: 8d36a18cbb2269845bb3be4eeda6cbf6 - Path: Assets/Free Pack/Textures/T_Cereal_Bowl_AO.png - Importer: ScriptedImporter/UnityEditor.QuickSearchModule:UnityEditor.Search:ASIAI0B -> (ImportResultId: '88fcb86fa866e2ef650ed2fd74391b2e') in 0.0090129 seconds
[Worker0] Imported GUID: b56328890990dbc47b09b4ac2725f306 - Path: Assets/Free Pack/Textures/T_Bulk2_Normal.png - Importer: ScriptedImporter/UnityEditor.QuickSearchModule:UnityEditor.Search:ASIAI0B -> (ImportResultId: 'f0533c068416bcec257ee0f0e093795c') in 0.0096651 seconds
[Worker0] Imported GUID: 0a54765a920bcf6498b00c3619d8a865 - Path: Assets/Free Pack/Textures/T_CS_Batch_01_Normal.png - Importer: ScriptedImporter/UnityEditor.QuickSearchModule:UnityEditor.Search:ASIAI0B -> (ImportResultId: '1de1eb032f0b580405da5686d3e86a13') in 0.0090145 seconds
[Worker0] Imported GUID: 6679fce512dd98644818c3c96cac456f - Path: Assets/Free Pack/Textures/T_FC_RK_Batch_02_MetallicSmoothness.png - Importer: ScriptedImporter/UnityEditor.QuickSearchModule:UnityEditor.Search:ASIAI0B -> (ImportResultId: '7887c5b62c06463775315648c146c065') in 0.0107793 seconds
[Worker0] Imported GUID: 905435ca92d7c4e459ac82e8fdbd702f - Path: Assets/Free Pack/Textures/T_Batch_Small_02_Normal.png - Importer: ScriptedImporter/UnityEditor.QuickSearchModule:UnityEditor.Search:ASIAI0B -> (ImportResultId: '191faf555117386e1b9d6866a4a12600') in 0.0091441 seconds
[Worker0] Imported GUID: e0db912f08c8bc941838a346964b3c3a - Path: Assets/Free Pack/Textures/T_Carpet_01_Normal.png - Importer: ScriptedImporter/UnityEditor.QuickSearchModule:UnityEditor.Search:ASIAI0B -> (ImportResultId: '53bd6c6fbb108ebe65deadc6135d6cee') in 0.0106852 seconds
[Worker0] Imported GUID: 2289ef6194181ec42a0ba42bbf605d89 - Path: Assets/Free Pack/Textures/T_Candle_stand_05_BaseOp.png - Importer: ScriptedImporter/UnityEditor.QuickSearchModule:UnityEditor.Search:ASIAI0B -> (ImportResultId: '955c7f29f98f0b82d63c5d1610437128') in 0.0094514 seconds
[Worker0] Imported GUID: af435e9f43dfed6479a0f6e1d2cb5c39 - Path: Assets/Free Pack/Textures/T_Cereal_Bowl_MetallicSmoothness.png - Importer: ScriptedImporter/UnityEditor.QuickSearchModule:UnityEditor.Search:ASIAI0B -> (ImportResultId: '96e285f33dd25734265b3f85b49d74f7') in 0.0089303 seconds
[Worker0] Imported GUID: 2f9164bc265ab4b4ca8db22a787d4e1e - Path: Assets/Free Pack/Textures/T_FC_RK_Batch_02_BaseOp.png - Importer: ScriptedImporter/UnityEditor.QuickSearchModule:UnityEditor.Search:ASIAI0B -> (ImportResultId: '05aabd836d0be0a090a44953c080c903') in 0.0102819 seconds
[Worker0] Imported GUID: 4b3587cb1e8554c4eb82e2c7764cfb95 - Path: Assets/Free Pack/Textures/T_CerealBox_MetallicSmoothness.png - Importer: ScriptedImporter/UnityEditor.QuickSearchModule:UnityEditor.Search:ASIAI0B -> (ImportResultId: '057eeac440f1f284574cc46329e29240') in 0.0086883 seconds
[Worker0] Imported GUID: cd590a632df82724a828c68b3b017b88 - Path: Assets/Free Pack/Textures/T_Bulk2_AO.png - Importer: ScriptedImporter/UnityEditor.QuickSearchModule:UnityEditor.Search:ASIAI0B -> (ImportResultId: 'cbbf15aedd6cde3c62b6f9fc9e510651') in 0.0081155 seconds
[Worker0] Imported GUID: e38e251954c27a94084c1352db714d31 - Path: Assets/Free Pack/Textures/T_Candle_stand_04_AO.png - Importer: ScriptedImporter/UnityEditor.QuickSearchModule:UnityEditor.Search:ASIAI0B -> (ImportResultId: '90d841cf3a68be43c2c3b458d144b62a') in 0.0080718 seconds
[Worker0] Imported GUID: 1ec3f24e05a8b584eb3ba5e7f8a01268 - Path: Assets/Free Pack/Textures/T_EggplantDish_BaseOP.png - Importer: ScriptedImporter/UnityEditor.QuickSearchModule:UnityEditor.Search:ASIAI0B -> (ImportResultId: '3f77aaa5c695007e81baf69e013d7798') in 0.0084463 seconds
[Worker0] Imported GUID: 0b825b7a0b9fb964ba573b485074a006 - Path: Assets/Free Pack/Textures/T_Candle_stand_05_AO.png - Importer: ScriptedImporter/UnityEditor.QuickSearchModule:UnityEditor.Search:ASIAI0B -> (ImportResultId: 'be00e6b3f06ca500684603b9ea4fe387') in 0.0084807 seconds
[Worker0] Imported GUID: a7491534c7fa85d4786c86e16fcbffa3 - Path: Assets/Free Pack/Textures/T_Grapes_02_Normal.png - Importer: ScriptedImporter/UnityEditor.QuickSearchModule:UnityEditor.Search:ASIAI0B -> (ImportResultId: '2a1148f7fc2b2fe8e68234ed76243fda') in 0.0111084 seconds
[Worker0] Imported GUID: 90336de5a12971e419c4fa2213f2422a - Path: Assets/Free Pack/Textures/T_Dishes_BaseOp.png - Importer: ScriptedImporter/UnityEditor.QuickSearchModule:UnityEditor.Search:ASIAI0B -> (ImportResultId: '58d454a2e3fc17ef346c2ea8f8560432') in 0.0073451 seconds
[Worker0] Imported GUID: 954c9f48ed2ebcc4e8382961a8eb8068 - Path: Assets/Free Pack/Textures/T_Carpet_01_MetallicSmoothness.png - Importer: ScriptedImporter/UnityEditor.QuickSearchModule:UnityEditor.Search:ASIAI0B -> (ImportResultId: 'fbbc80ed9406f5e6829a8985a6b71573') in 0.0103197 seconds
[Worker0] Imported GUID: 40fb165a64f0a854b98735a60d428734 - Path: Assets/Free Pack/Textures/T_EggplantDish_Normal.png - Importer: ScriptedImporter/UnityEditor.QuickSearchModule:UnityEditor.Search:ASIAI0B -> (ImportResultId: '5d87cf4866cdf8f03a85f1a83b70a7e0') in 0.0096855 seconds
[Worker0] Imported GUID: 3556336b77005d24d9fc8daa7d8e465c - Path: Assets/Free Pack/Textures/T_Fridge_Normal.png - Importer: ScriptedImporter/UnityEditor.QuickSearchModule:UnityEditor.Search:ASIAI0B -> (ImportResultId: 'e82aa35a9679d1ed0a508e11c4498408') in 0.0091361 seconds
[Worker0] Imported GUID: 0c4282b681f189347a9d5e31c3f59f67 - Path: Assets/Free Pack/Textures/T_Demo_Batch_01_AO.png - Importer: ScriptedImporter/UnityEditor.QuickSearchModule:UnityEditor.Search:ASIAI0B -> (ImportResultId: '576c5c6e457942dc67e311ee6ae3c4ad') in 0.0102318 seconds
[Worker0] Imported GUID: fc19d764a1b426a49a5c2bec89f83aba - Path: Assets/Free Pack/Textures/T_Demo_Batch_01_BaseOp.png - Importer: ScriptedImporter/UnityEditor.QuickSearchModule:UnityEditor.Search:ASIAI0B -> (ImportResultId: 'e088f569889528ece72d535aa4908fb9') in 0.0089961 seconds
[Worker0] Imported GUID: 312f67ce637845e46b577366c7e3f3f3 - Path: Assets/Free Pack/Textures/T_Candle_stand_04_Normal.png - Importer: ScriptedImporter/UnityEditor.QuickSearchModule:UnityEditor.Search:ASIAI0B -> (ImportResultId: '62e5e90bcb3c5c6ef15c060487485764') in 0.0099925 seconds
[Worker0] Imported GUID: 60e70c34e4bcd444e80e4d3b88bbbb80 - Path: Assets/Free Pack/Textures/T_CerealBox_BaseOp.png - Importer: ScriptedImporter/UnityEditor.QuickSearchModule:UnityEditor.Search:ASIAI0B -> (ImportResultId: '2e61b9bd2461401f36f27fb7ecf5be07') in 0.0103557 seconds
[Worker0] Imported GUID: 84282679339f73345b91682fee6c7301 - Path: Assets/Free Pack/Textures/T_Fridge_BaseOp.png - Importer: ScriptedImporter/UnityEditor.QuickSearchModule:UnityEditor.Search:ASIAI0B -> (ImportResultId: '7bf5988e77cb2becd1cb54d90a22582c') in 0.0099611 seconds
[Worker0] Imported GUID: f12924951948f5148af53343a2f030c1 - Path: Assets/Free Pack/Textures/T_Grapes_02_Metalness Smoothness.png - Importer: ScriptedImporter/UnityEditor.QuickSearchModule:UnityEditor.Search:ASIAI0B -> (ImportResultId: '2ddfec5f75ecc8d4cf2396be07535125') in 0.0110306 seconds
[Worker0] Imported GUID: 542bf4e5724e0d44a9db77926bcc12c0 - Path: Assets/Free Pack/Textures/T_Bulk2_MetallicSmoothness.png - Importer: ScriptedImporter/UnityEditor.QuickSearchModule:UnityEditor.Search:ASIAI0B -> (ImportResultId: '880608fd21fabeb6fa2c1c2694b15e63') in 0.0120683 seconds
[Worker0] Imported GUID: a904a5b25201c7a408a1fad6ebbdf8ad - Path: Assets/Free Pack/Textures/T_Chair_V2_AO.png - Importer: ScriptedImporter/UnityEditor.QuickSearchModule:UnityEditor.Search:ASIAI0B -> (ImportResultId: '5ee5b57124e7c452c355b28e0da4c436') in 0.008601 seconds
[Worker0] Imported GUID: 04028a7ee3e7dba45a43275b0427bf18 - Path: Assets/Free Pack/Textures/T_Dishes_Normal.png - Importer: ScriptedImporter/UnityEditor.QuickSearchModule:UnityEditor.Search:ASIAI0B -> (ImportResultId: '09a1163aae770c4de2c692c7450b2edd') in 0.0101195 seconds
[Worker0] Imported GUID: 34e9e7101151ff444b82fe0680266cba - Path: Assets/Free Pack/Textures/T_CS_Batch_01_AO.png - Importer: ScriptedImporter/UnityEditor.QuickSearchModule:UnityEditor.Search:ASIAI0B -> (ImportResultId: 'a48ad1b19a78ffe872d45eb102ddaa3e') in 0.008599 seconds
[Worker0] Imported GUID: b66527673826d9545bf8155628737b6b - Path: Assets/Free Pack/Textures/T_BottleBulk_01_Normal.png - Importer: ScriptedImporter/UnityEditor.QuickSearchModule:UnityEditor.Search:ASIAI0B -> (ImportResultId: 'da6c46f1b358a3e600930629c182173a') in 0.011496 seconds
[Worker0] Imported GUID: 81af971f342b0774cb1d21a8ad1ad1ae - Path: Assets/Free Pack/Textures/T_Candle_stand_04_BaseOp.png - Importer: ScriptedImporter/UnityEditor.QuickSearchModule:UnityEditor.Search:ASIAI0B -> (ImportResultId: '1f97f309c969a84a360908aff27f1b1e') in 0.0071759 seconds
[Worker0] Imported GUID: f0b125903d1c74c4f981b377d4b778f6 - Path: Assets/Free Pack/Textures/T_HH_Basket_04_BaOp.png - Importer: ScriptedImporter/UnityEditor.QuickSearchModule:UnityEditor.Search:ASIAI0B -> (ImportResultId: 'bd8e997c6f55fe426e0057eb8c392854') in 0.0109901 seconds
[Worker0] Imported GUID: 8cf38f344db136a4a97d7078a06a3b3f - Path: Assets/Free Pack/Textures/T_Candle_stand_05_MetallicSmoothness.png - Importer: ScriptedImporter/UnityEditor.QuickSearchModule:UnityEditor.Search:ASIAI0B -> (ImportResultId: '26cfb00044cfa98d7b3d39b728d96e4f') in 0.0090637 seconds
[Worker0] Imported GUID: a9fb996bf3933964db8196306f0a3ea4 - Path: Assets/Free Pack/Textures/T_Dishes_MetallicSmoothness.png - Importer: ScriptedImporter/UnityEditor.QuickSearchModule:UnityEditor.Search:ASIAI0B -> (ImportResultId: 'c23cdc5b83ccc005d59ce4c90853ccfb') in 0.0092449 seconds
[Worker0] Imported GUID: 0e263b0e77ba8ae4db74e55bfbec1da2 - Path: Assets/Free Pack/Textures/T_Fridge_AO.png - Importer: ScriptedImporter/UnityEditor.QuickSearchModule:UnityEditor.Search:ASIAI0B -> (ImportResultId: '724c56657f88e8ae2b413866fd2d4008') in 0.0099129 seconds
[Worker0] Imported GUID: 9fc0d4010bbf28b4594072e72b8655ab - Path: Assets/Mini Chibi Free Demo/Scenes/Mini Chibi Free Demo.unity - Importer: ScriptedImporter/UnityEditor.QuickSearchModule:UnityEditor.Search:ASIAI0B -> (ImportResultId: '1fa092b36708ed79dffb6c50442c1ff3') in 0.0050185 seconds
[Worker0] Imported GUID: 68f8b215339807e458b84da3a18b2eab - Path: Assets/Free Pack/Textures/T_HH_Basket_04_MetallicSmoothness.png - Importer: ScriptedImporter/UnityEditor.QuickSearchModule:UnityEditor.Search:ASIAI0B -> (ImportResultId: '789970762c9833fe56507ff817c22a9e') in 0.0138886 seconds
[Worker0] Imported GUID: 93496295f48dfe54ebbaf2ff8fc3468a - Path: Assets/Free Pack/Built-In/Materials/M_Marble_Top_Dining_Table.mat - Importer: ScriptedImporter/UnityEditor.QuickSearchModule:UnityEditor.Search:ASIAI0B -> (ImportResultId: 'c5d528e047a44a751f89d393b74d7e9d') in 0.0057311 seconds
[Worker0] Imported GUID: 9f0b5713b7412ab4eb37110128bbc164 - Path: Assets/Mini Chibi Free Demo/Prefabs/mini chibi kid animations.prefab - Importer: ScriptedImporter/UnityEditor.QuickSearchModule:UnityEditor.Search:ASIAI0B -> (ImportResultId: '58a66a93ffa7ce0fc2e8aaa7e3ece66f') in 0.0116465 seconds
[Worker0] Imported GUID: bbb72ad45b72c234294a422057273976 - Path: Assets/Free Pack/Built-In/Materials/M_Apple_V4.mat - Importer: ScriptedImporter/UnityEditor.QuickSearchModule:UnityEditor.Search:ASIAI0B -> (ImportResultId: '0610a1f5c012b6b1d8b7461a4a5e5310') in 0.0037256 seconds
[Worker0] Imported GUID: a366396a9b618b1469a00b06260ee36a - Path: Assets/Free Pack/Textures/T_SM_Plate_AO.png - Importer: ScriptedImporter/UnityEditor.QuickSearchModule:UnityEditor.Search:ASIAI0B -> (ImportResultId: '6501361ba5b065326642fe044546c03b') in 0.0083021 seconds
[Worker0] Imported GUID: 028a5dd398236d445bbbc59a7c406dfa - Path: Assets/Free Pack/Built-In/Materials/M_Jar_07.mat - Importer: ScriptedImporter/UnityEditor.QuickSearchModule:UnityEditor.Search:ASIAI0B -> (ImportResultId: 'd389039c970288dab31b68b1068dee8a') in 0.0036504 seconds
[Worker0] Imported GUID: 41ce9191f95452c489489235bfe823a7 - Path: Assets/Mini Chibi Free Demo/Models/mini chibi kid animations.fbx - Importer: ScriptedImporter/UnityEditor.QuickSearchModule:UnityEditor.Search:ASIAI0B -> (ImportResultId: '95161ae8304942279c66d54d211fc69c') in 0.0203587 seconds
[Worker0] Imported GUID: 4f1333b1450daaf42abda84fb491ba75 - Path: Assets/Free Pack/Built-In/Materials/M_Batch_Small_02.mat - Importer: ScriptedImporter/UnityEditor.QuickSearchModule:UnityEditor.Search:ASIAI0B -> (ImportResultId: '35c9e4fc3ecc3a0881f1d45cda49cb54') in 0.0036935 seconds
[Worker0] Imported GUID: 02463d0fc6f4b8e4382c5e3df92e9120 - Path: Assets/Free Pack/Textures/T_SM_Plate_MetallicSmoothness.png - Importer: ScriptedImporter/UnityEditor.QuickSearchModule:UnityEditor.Search:ASIAI0B -> (ImportResultId: 'f842f4b55bf0cee4f66b01ff31a8d63e') in 0.0084219 seconds
[Worker0] Imported GUID: 8766f2c45a8ab6a4694b2ea725a483fa - Path: Assets/Free Pack/Textures/T_Table_V8_Normal.png - Importer: ScriptedImporter/UnityEditor.QuickSearchModule:UnityEditor.Search:ASIAI0B -> (ImportResultId: 'fc86ba6b4493cfd0d5c4d72dc45144d3') in 0.008451 seconds
[Worker0] Imported GUID: 5f9061217c10e1a4fb90284e559d7134 - Path: Assets/Free Pack/Textures/T_Jar_07_AO.png - Importer: ScriptedImporter/UnityEditor.QuickSearchModule:UnityEditor.Search:ASIAI0B -> (ImportResultId: '2b10876ddfad673a73782ef41a443d5a') in 0.0066077 seconds
[Worker0] Imported GUID: a682899d2b720794599688777cb100a3 - Path: Assets/Free Pack/Textures/T_Jar_07_BaseOp.png - Importer: ScriptedImporter/UnityEditor.QuickSearchModule:UnityEditor.Search:ASIAI0B -> (ImportResultId: '2f2a134e94551b78652aed1b5a82c8ad') in 0.0066127 seconds
[Licensing::Client] Successfully resolved entitlement details
[Worker0] Imported GUID: 14a09c6fcc04cb2478667d753d30e293 - Path: Assets/Free Pack/Textures/T_Trim_WoodenWall_Normal.png - Importer: ScriptedImporter/UnityEditor.QuickSearchModule:UnityEditor.Search:ASIAI0B -> (ImportResultId: '479cddc3bae30964ea7e6d17c920418a') in 0.0076692 seconds
[Worker0] Imported GUID: 593d6d6b9acb5ba44b50436844e38fdf - Path: Assets/Free Pack/Textures/T_Mug_02_BaseOp.png - Importer: ScriptedImporter/UnityEditor.QuickSearchModule:UnityEditor.Search:ASIAI0B -> (ImportResultId: '601c9e8635c8f8a4c78021b6724aedf7') in 0.0074927 seconds
[Worker0] Imported GUID: 60a56b96f3021744ca20b0613e89932b - Path: Assets/Free Pack/Textures/T_Mug_02_AO.png - Importer: ScriptedImporter/UnityEditor.QuickSearchModule:UnityEditor.Search:ASIAI0B -> (ImportResultId: '4083138e81760e3d0f4fb9da2a8913d0') in 0.0084288 seconds
[Worker0] Imported GUID: d8edb4513d7a99345a722f401eefbc14 - Path: Assets/Free Pack/Textures/T_SM_Spoon_05_BaseOp.png - Importer: ScriptedImporter/UnityEditor.QuickSearchModule:UnityEditor.Search:ASIAI0B -> (ImportResultId: '26c731af5e97ad249a03fddeeeaff114') in 0.0065558 seconds
[Worker0] Imported GUID: 4e4f588da25b9c04a93d302a45ddaf53 - Path: Assets/Free Pack/Textures/T_Marble_Top_Dining_Table_BaseOp.png - Importer: ScriptedImporter/UnityEditor.QuickSearchModule:UnityEditor.Search:ASIAI0B -> (ImportResultId: '6ae5e6ccc08c3edcd73ac37f8aaf01e8') in 0.0066292 seconds
[Worker0] Imported GUID: 26daa1bcb3453314fa03ab27c579ad77 - Path: Assets/Free Pack/Textures/T_Lab_Wall_Normal.png - Importer: ScriptedImporter/UnityEditor.QuickSearchModule:UnityEditor.Search:ASIAI0B -> (ImportResultId: '94d7d3091e77aedef767cd6fd567ea19') in 0.0085516 seconds
[Worker0] Imported GUID: 6a5500822f7224f46aa7ad8e66948cc4 - Path: Assets/Free Pack/Built-In/Materials/M_Candle_stand_04.mat - Importer: ScriptedImporter/UnityEditor.QuickSearchModule:UnityEditor.Search:ASIAI0B -> (ImportResultId: 'e12829d1c837ed6e037b3c8344923453') in 0.00438 seconds
[Worker0] Imported GUID: 3e701e7413aa7174db6286e61e0f5500 - Path: Assets/Free Pack/Built-In/Materials/M_CS_Batch_01.mat - Importer: ScriptedImporter/UnityEditor.QuickSearchModule:UnityEditor.Search:ASIAI0B -> (ImportResultId: '454f20d05d6c9a3713d55a2b3ab39309') in 0.0043202 seconds
[Worker0] Imported GUID: a89816e4ae9c8be4facdbfa06a2c3384 - Path: Assets/Free Pack/Built-In/Materials/M_Carpet_01.mat - Importer: ScriptedImporter/UnityEditor.QuickSearchModule:UnityEditor.Search:ASIAI0B -> (ImportResultId: 'b35ee9f21fbe6ecd75f03da1d0e7e451') in 0.0050345 seconds
[Worker0] Imported GUID: 00bf83c84210d7b4cb0474f1020d437b - Path: Assets/Free Pack/Textures/T_SM_Spoon_05_AO.png - Importer: ScriptedImporter/UnityEditor.QuickSearchModule:UnityEditor.Search:ASIAI0B -> (ImportResultId: 'f83c2256509a026660333ca77de2b3b8') in 0.0078296 seconds
[Worker0] Imported GUID: 5fdb42b7076f2f542b165c1655fd69c2 - Path: Assets/Free Pack/Built-In/Materials/M_All_Banana.mat - Importer: ScriptedImporter/UnityEditor.QuickSearchModule:UnityEditor.Search:ASIAI0B -> (ImportResultId: 'bb55fdae5bb032c4f5102aacb8e41e7e') in 0.0042148 seconds
[Worker0] Imported GUID: 91fabfd9594714c458e8e65064e02fe2 - Path: Assets/Free Pack/Textures/T_Marble_Top_Dining_Table_Normal.png - Importer: ScriptedImporter/UnityEditor.QuickSearchModule:UnityEditor.Search:ASIAI0B -> (ImportResultId: '0e5651b73f80001e7b2633a7c51d6ca2') in 0.0096177 seconds
[Worker0] Imported GUID: afa96368116bf2244a85cc4d96c403b3 - Path: Assets/Free Pack/Textures/T_Jar_07_Normal.png - Importer: ScriptedImporter/UnityEditor.QuickSearchModule:UnityEditor.Search:ASIAI0B -> (ImportResultId: 'cfd55f62d9d6466087114fa7da9c4763') in 0.0085931 seconds
[Worker0] Imported GUID: 4d6bf9c61ef2e644f979e8d38f36e1d8 - Path: Assets/Free Pack/Built-In/Materials/M_Dishes.mat - Importer: ScriptedImporter/UnityEditor.QuickSearchModule:UnityEditor.Search:ASIAI0B -> (ImportResultId: '0ca02df1266d5e881a0d007416a3d6d2') in 0.0040225 seconds
[Worker0] Imported GUID: 3f588c659d9f37e4d9c38ca660259faf - Path: Assets/Free Pack/Textures/T_Mug_02_MetallicSmoothness.png - Importer: ScriptedImporter/UnityEditor.QuickSearchModule:UnityEditor.Search:ASIAI0B -> (ImportResultId: '2890dafca1de6879c73fae84b17693b3') in 0.0087023 seconds
[Worker0] Imported GUID: adff1c55abf178d45956d833de19a4c9 - Path: Assets/Free Pack/Built-In/Materials/M_CerealBox.mat - Importer: ScriptedImporter/UnityEditor.QuickSearchModule:UnityEditor.Search:ASIAI0B -> (ImportResultId: 'dd9e5d9a065f1298c36eac6401501b25') in 0.0051022 seconds
[Worker0] Imported GUID: 47648cd832b97134fb426fe1b8c7c081 - Path: Assets/Mini Chibi Free Demo/Materials/mini chibi primary material.mat - Importer: ScriptedImporter/UnityEditor.QuickSearchModule:UnityEditor.Search:ASIAI0B -> (ImportResultId: '2834e40e5ac81366061678fa08d64920') in 0.0040938 seconds
[Worker0] Imported GUID: dc2adbca1dbd92b46a44491dd7edf394 - Path: Assets/Free Pack/Built-In/Materials/M_Bulk2.mat - Importer: ScriptedImporter/UnityEditor.QuickSearchModule:UnityEditor.Search:ASIAI0B -> (ImportResultId: 'c7b5d00dc4f66cae2944b9f10dd2ea03') in 0.0037363 seconds
[Worker0] Imported GUID: 5e7d9968f34efde4783e7944787e79b6 - Path: Assets/Free Pack/Built-In/Materials/M_Demo_Batch_01.mat - Importer: ScriptedImporter/UnityEditor.QuickSearchModule:UnityEditor.Search:ASIAI0B -> (ImportResultId: '816585d133dfbb28affa06a69f0b7655') in 0.0037723 seconds
[Worker0] Imported GUID: fa96839a271209d4c870e0dcba6fa90f - Path: Assets/Free Pack/Built-In/Materials/M_Grapes_02.mat - Importer: ScriptedImporter/UnityEditor.QuickSearchModule:UnityEditor.Search:ASIAI0B -> (ImportResultId: 'e19377826b300f312db0b6358350d608') in 0.0043639 seconds
[Worker0] Imported GUID: 53c1c69a5116f1245a30893c2d8dca78 - Path: Assets/Free Pack/Built-In/Materials/M_Candle_stand_05.mat - Importer: ScriptedImporter/UnityEditor.QuickSearchModule:UnityEditor.Search:ASIAI0B -> (ImportResultId: 'f30f0892f002ea07c8969a55251bdda5') in 0.003569 seconds
[Worker0] Imported GUID: 9b49deea68bd2a0448db623083047c79 - Path: Assets/Free Pack/Built-In/Materials/M_BottleBulk_01.mat - Importer: ScriptedImporter/UnityEditor.QuickSearchModule:UnityEditor.Search:ASIAI0B -> (ImportResultId: 'd7ccc0cc4f33c369b1b561f309aaec34') in 0.004615 seconds
[Worker0] Imported GUID: edebc0bed63c89747994674e2b841ad1 - Path: Assets/Free Pack/Built-In/Materials/M_Fridge.mat - Importer: ScriptedImporter/UnityEditor.QuickSearchModule:UnityEditor.Search:ASIAI0B -> (ImportResultId: 'add4b41877574ded617377745c387975') in 0.004145 seconds
[Worker0] Imported GUID: 1e047394d79364d4aa33dcd429e06835 - Path: Assets/Free Pack/Textures/T_Table_V8_MetallicSmoothness.png - Importer: ScriptedImporter/UnityEditor.QuickSearchModule:UnityEditor.Search:ASIAI0B -> (ImportResultId: '6855be10e95a4fd6bd81beea426c5fd7') in 0.0100118 seconds
[Worker0] Imported GUID: 2931a0534b38de24eac1ebe4dbcb49fa - Path: Assets/Free Pack/Built-In/Materials/M_Cereal_Bowl.mat - Importer: ScriptedImporter/UnityEditor.QuickSearchModule:UnityEditor.Search:ASIAI0B -> (ImportResultId: '2d7e02c7a37ba960b847830d59f5c049') in 0.0042623 seconds
[Licensing::Client] Successfully resolved entitlement details
[Licensing::Client] Successfully resolved entitlement details
[Licensing::Client] Successfully resolved entitlement details
[Licensing::Client] Successfully resolved entitlement details
[Licensing::Client] Successfully resolved entitlement details
Worker ready: AssetImportWorkerHW1 1
[Licensing::Client] Successfully resolved entitlement details
[Licensing::Client] Successfully resolved entitlement details
[Licensing::Client] Successfully resolved entitlement details
[Worker0] Imported GUID: 39479c016f1b7974db31db9a48eeda61 - Path: Assets/Free Pack/Textures/T_Mug_02_Normal.png - Importer: ScriptedImporter/UnityEditor.QuickSearchModule:UnityEditor.Search:ASIAI0B -> (ImportResultId: 'dd4aea586fe90af483369b4d95df75a7') in 0.1141122 seconds
[Licensing::Client] Successfully resolved entitlement details
[Licensing::Client] Successfully resolved entitlement details
[Worker0] Imported GUID: c0b52017d7a5b5a4896446fc517d6bd7 - Path: Assets/Free Pack/Textures/T_Lab_Wall_BaseOp.png - Importer: ScriptedImporter/UnityEditor.QuickSearchModule:UnityEditor.Search:ASIAI0B -> (ImportResultId: '09757f630e690d2250dcd8ea71f0c0b4') in 0.0065477 seconds
[Worker0] Imported GUID: 3634bf3d66e75114e955e413cd85d2ce - Path: Assets/Mini Chibi Free Demo/Materials/mini_chibi_texture_256.png - Importer: ScriptedImporter/UnityEditor.QuickSearchModule:UnityEditor.Search:ASIAI0B -> (ImportResultId: '2241d92b3c99170af7bfd759da2f6813') in 0.0063777 seconds
[Licensing::Client] Successfully resolved entitlement details
[Worker0] Imported GUID: 1e37d18c996b5a743b69efdcaf4dea33 - Path: Assets/Free Pack/Textures/T_Trim_WoodenWall_MetallicSmoothness.png - Importer: ScriptedImporter/UnityEditor.QuickSearchModule:UnityEditor.Search:ASIAI0B -> (ImportResultId: 'f4da4a4531606033e191f5cf45e35046') in 0.0083741 seconds
[Worker0] Imported GUID: a1dbf3731f6ba454a8267a49a28e334e - Path: Assets/Free Pack/Textures/T_Trim_WoodenWall_AO.png - Importer: ScriptedImporter/UnityEditor.QuickSearchModule:UnityEditor.Search:ASIAI0B -> (ImportResultId: '85cce5f99e4c6bb3761749c063269aff') in 0.0064888 seconds
[Worker0] Imported GUID: 0a516729e8513a94890004f0ac7407e1 - Path: Assets/Free Pack/Textures/T_SM_Plate_Normal.png - Importer: ScriptedImporter/UnityEditor.QuickSearchModule:UnityEditor.Search:ASIAI0B -> (ImportResultId: 'bd0b6ada5124f0d14774ca71ca08a6a7') in 0.0078111 seconds
[Worker0] Imported GUID: e3a09ad66cadce34dacd0672649e9b3b - Path: Assets/Free Pack/Textures/T_Lab_Wall_AO.png - Importer: ScriptedImporter/UnityEditor.QuickSearchModule:UnityEditor.Search:ASIAI0B -> (ImportResultId: '6bedf8f3d1e5d9c75c1f90cad86af1be') in 0.0064994 seconds
[Worker0] Imported GUID: b2ec10e62ffd4f04f835abd64a0b446a - Path: Assets/Free Pack/Built-In/Materials/M_Chair_V2.mat - Importer: ScriptedImporter/UnityEditor.QuickSearchModule:UnityEditor.Search:ASIAI0B -> (ImportResultId: '5156f237b480f6052c156233e86701db') in 0.0040266 seconds
[Worker0] Imported GUID: e1227a64a9c70f443915f9c65214436d - Path: Assets/Free Pack/Textures/T_Marble_Top_Dining_Table_MetallicSmoothness.png - Importer: ScriptedImporter/UnityEditor.QuickSearchModule:UnityEditor.Search:ASIAI0B -> (ImportResultId: '309a3bdfb3b3c4dbf26de55d68a4ee5f') in 0.0091956 seconds
[Worker0] Imported GUID: d8a10f2b4ad99c142841f1c9d2712fa4 - Path: Assets/Free Pack/Textures/T_Table_V8_AO.png - Importer: ScriptedImporter/UnityEditor.QuickSearchModule:UnityEditor.Search:ASIAI0B -> (ImportResultId: '8146e06f75c8e0368e6689135762215f') in 0.0058359 seconds
Worker ready: AssetImportWorkerHW2 2
[Worker0] Imported GUID: 08a220e79fb772d44adc3bdee7b4e014 - Path: Assets/Free Pack/Textures/T_SM_Spoon_05_Normal.png - Importer: ScriptedImporter/UnityEditor.QuickSearchModule:UnityEditor.Search:ASIAI0B -> (ImportResultId: 'd82540e3d94821cae2a6246c23528efd') in 0.0079331 seconds
[Worker0] Imported GUID: 7768224f5704b014fbb6d3b8d401edfa - Path: Assets/Free Pack/Textures/T_SM_Plate_BaseOp.png - Importer: ScriptedImporter/UnityEditor.QuickSearchModule:UnityEditor.Search:ASIAI0B -> (ImportResultId: 'cf4857200efc53090972716bc1d982b7') in 0.0067131 seconds
[Worker0] Imported GUID: 30e36934e9562e449b11733eb49948fb - Path: Assets/Free Pack/Textures/T_HH_Basket_04_Normal.png - Importer: ScriptedImporter/UnityEditor.QuickSearchModule:UnityEditor.Search:ASIAI0B -> (ImportResultId: 'a7653b6920759e5a223492959dc41588') in 0.0074688 seconds
[Worker0] Imported GUID: f0dfbbfef9b7ab74390481a34770255b - Path: Assets/Free Pack/Textures/T_Table_V8_BaseOp.png - Importer: ScriptedImporter/UnityEditor.QuickSearchModule:UnityEditor.Search:ASIAI0B -> (ImportResultId: 'ed0bc795b85cdb3cbe7ed0f230c3b02a') in 0.0071615 seconds
[Worker0] Imported GUID: 0b6ba7421eb3b6646a308637a9440352 - Path: Assets/Free Pack/Textures/T_SM_Spoon_05_MetallicSmoothness.png - Importer: ScriptedImporter/UnityEditor.QuickSearchModule:UnityEditor.Search:ASIAI0B -> (ImportResultId: '5301f2a033e221207e7f069f7861eb33') in 0.0086347 seconds
[Worker0] Imported GUID: 317a8ebc93fa9224595ad9878c770e6d - Path: Assets/Free Pack/Textures/T_Trim_WoodenWall_BaseOp.png - Importer: ScriptedImporter/UnityEditor.QuickSearchModule:UnityEditor.Search:ASIAI0B -> (ImportResultId: '5a5c21056eed9a5dfa492c5ae391e883') in 0.0068597 seconds
[Licensing::Client] Successfully resolved entitlement details
[Licensing::Client] Successfully resolved entitlement details
[Licensing::Client] Successfully resolved entitlement details
[Licensing::Client] Successfully resolved entitlement details
[Licensing::Client] Successfully resolved entitlement details
[Licensing::Client] Successfully resolved entitlement details
[Licensing::Client] Successfully resolved entitlement details
[Licensing::Client] Successfully resolved entitlement details
[Licensing::Client] Successfully resolved entitlement details
[Licensing::Client] Successfully resolved entitlement details
[Licensing::Client] Successfully resolved entitlement details
[Licensing::Client] Successfully resolved entitlement details
[Licensing::Client] Successfully resolved entitlement details
[Licensing::Client] Successfully resolved entitlement details
[Licensing::Client] Successfully resolved entitlement details
[Worker0] Imported GUID: f404898e6f6880c418b044a7921a8bd4 - Path: Assets/Free Pack/Built-In/Materials/M_Batch_Small_01.mat - Importer: ScriptedImporter/UnityEditor.QuickSearchModule:UnityEditor.Search:ASIAI0B -> (ImportResultId: '713af7aaf5661e8ac66ab060070db748') in 0.1046812 seconds
[Worker0] Imported GUID: ddc422d639162bb4081166d9db7c4ee9 - Path: Assets/Free Pack/Textures/T_Marble_Top_Dining_Table_AO.png - Importer: ScriptedImporter/UnityEditor.QuickSearchModule:UnityEditor.Search:ASIAI0B -> (ImportResultId: 'a211d68eda2727455934065213b68e20') in 0.0070684 seconds
[Worker0] Imported GUID: c19a636bfaf7e40408ffbbcaea3cf904 - Path: Assets/Mini Chibi Free Demo/Materials/Floor.mat - Importer: ScriptedImporter/UnityEditor.QuickSearchModule:UnityEditor.Search:ASIAI0B -> (ImportResultId: 'd1cecd236c048c6baa3ff9c30e1bc6da') in 0.0047091 seconds
[Licensing::Client] Successfully resolved entitlement details
[Worker0] Imported GUID: 3d5005c3eb49fae43ad34817f5c20865 - Path: Assets/Free Pack/Textures/T_Lab_Wall_MetallicSmoothness.png - Importer: ScriptedImporter/UnityEditor.QuickSearchModule:UnityEditor.Search:ASIAI0B -> (ImportResultId: '6dc9a1b45e1bbdbc93dc904221a6e105') in 0.0077749 seconds
[Worker0] Imported GUID: a9e8cceb054f92c499672c38f87fca5c - Path: Assets/Mini Chibi Free Demo/Materials/mini chibi secondary material.mat - Importer: ScriptedImporter/UnityEditor.QuickSearchModule:UnityEditor.Search:ASIAI0B -> (ImportResultId: 'd93b55d8b8deb20b48d315853ce797c7') in 0.0033954 seconds
[Worker0] Imported GUID: 9f5ef276e2141e84aa123bee4cfc5b18 - Path: Assets/Free Pack/Built-In/Materials/M_EggplantDish.mat - Importer: ScriptedImporter/UnityEditor.QuickSearchModule:UnityEditor.Search:ASIAI0B -> (ImportResultId: 'd60aed0bce2a2cb0ddb6966a946d5366') in 0.0037744 seconds
[Worker0] Imported GUID: 8cc3c32e5327c06419ab58b76ec805c6 - Path: Assets/Free Pack/Built-In/Materials/M_HH_Basket_04.mat - Importer: ScriptedImporter/UnityEditor.QuickSearchModule:UnityEditor.Search:ASIAI0B -> (ImportResultId: '4161cf37d0c2a8ab40aab38052d6d615') in 0.0037945 seconds
[Worker0] Imported GUID: aa0b99e77bb59ef4eb370e04afbdbd2a - Path: Assets/Free Pack/Built-In/Materials/M_FC_RK_Batch_02.mat - Importer: ScriptedImporter/UnityEditor.QuickSearchModule:UnityEditor.Search:ASIAI0B -> (ImportResultId: 'b5c927cdfa3b08b4864bf1840f93ec8c') in 0.0037194 seconds
[Licensing::Client] Successfully resolved entitlement details
[Worker0] Imported GUID: 9ef05d8d31a7f714bb3576a0ef564670 - Path: Assets/Free Pack/Textures/T_Jar_07_MetallicSmoothness.png - Importer: ScriptedImporter/UnityEditor.QuickSearchModule:UnityEditor.Search:ASIAI0B -> (ImportResultId: '0c26286fb291efb3db9420e0eeae3463') in 0.0090059 seconds
[Worker0] Imported GUID: fb3e1f47973f83f42b5321d7adc1d33e - Path: Assets/Free Pack/Built-In/Materials/M_Lab_Wall.mat - Importer: ScriptedImporter/UnityEditor.QuickSearchModule:UnityEditor.Search:ASIAI0B -> (ImportResultId: 'ab2a097484c9a4886addd1c97e675f05') in 0.003696 seconds
[Licensing::Client] Successfully resolved entitlement details
[Worker0] Imported GUID: 18e1031f284278d4c8b20df07df3a2e0 - Path: Assets/Free Pack/HDRP/Materials/M_Dishes_HDRP.mat - Importer: ScriptedImporter/UnityEditor.QuickSearchModule:UnityEditor.Search:ASIAI0B -> (ImportResultId: '5ed158d2e23e43bf9edbf17d25b0ec5f') in 0.0049955 seconds
[Worker0] Imported GUID: 71df94968523aa044934dffffb95642e - Path: Assets/Free Pack/HDRP/Materials/M_Bulk2_HDRP.mat - Importer: ScriptedImporter/UnityEditor.QuickSearchModule:UnityEditor.Search:ASIAI0B -> (ImportResultId: 'afe5f51c81742c74e3bef31b7fc164ff') in 0.003598 seconds
[Worker0] Imported GUID: f57f419506144ff47bd9bbcff16eb02d - Path: Assets/Free Pack/Built-In/Prefabs/SM_Packet_11.prefab - Importer: ScriptedImporter/UnityEditor.QuickSearchModule:UnityEditor.Search:ASIAI0B -> (ImportResultId: '9cf1885ab72fc05691fc3723a0baba39') in 0.0051599 seconds
[Worker0] Imported GUID: f96fa66bbbea8b44db6b256de0fb016e - Path: Assets/Free Pack/Built-In/Prefabs/SM_Carpet_02.prefab - Importer: ScriptedImporter/UnityEditor.QuickSearchModule:UnityEditor.Search:ASIAI0B -> (ImportResultId: 'e3b14b6a66461e679edd16d3108d3901') in 0.0053823 seconds
[Worker0] Imported GUID: 2dc8fe343fe00774485fd38e2a5c4847 - Path: Assets/Free Pack/Built-In/Prefabs/SM_Apple.prefab - Importer: ScriptedImporter/UnityEditor.QuickSearchModule:UnityEditor.Search:ASIAI0B -> (ImportResultId: '7925a9704c8d86e17b224daa7304c4a0') in 0.0039687 seconds
[Worker0] Imported GUID: 0f1a58da19e0ba041a98bc0549851fce - Path: Assets/Free Pack/HDRP/Materials/M_Chair_V2_HDRP.mat - Importer: ScriptedImporter/UnityEditor.QuickSearchModule:UnityEditor.Search:ASIAI0B -> (ImportResultId: '794f58da85b72c1a48d63757f55a9cda') in 0.0035151 seconds
[Worker0] Imported GUID: a6f2d16b2fd9a3e4ea67dda2ecdbc848 - Path: Assets/Free Pack/Built-In/Materials/M_Mug_02.mat - Importer: ScriptedImporter/UnityEditor.QuickSearchModule:UnityEditor.Search:ASIAI0B -> (ImportResultId: '79097423f6c1ef090f290a902b1ca549') in 0.0032763 seconds
[Worker0] Imported GUID: 03079335b7835c746a9087e890f49c8b - Path: Assets/Free Pack/Built-In/Prefabs/SM_Coffee_cup.prefab - Importer: ScriptedImporter/UnityEditor.QuickSearchModule:UnityEditor.Search:ASIAI0B -> (ImportResultId: 'c499630b50877d0cb8c2b49672c8e830') in 0.0049929 seconds
[Worker0] Imported GUID: e636e309eeafc2a45a28b7313ea9044b - Path: Assets/Free Pack/Built-In/Prefabs/SM_Spoon_05.prefab - Importer: ScriptedImporter/UnityEditor.QuickSearchModule:UnityEditor.Search:ASIAI0B -> (ImportResultId: 'ec346f1d716ca39b888d9580c9796c78') in 0.0038483 seconds
[Worker0] Imported GUID: 1c77d7645cf462342805c49a62e8c42e - Path: Assets/Free Pack/HDRP/Materials/M_CS_Batch_01_HDRP.mat - Importer: ScriptedImporter/UnityEditor.QuickSearchModule:UnityEditor.Search:ASIAI0B -> (ImportResultId: '8ed676020a4ae1d90ccc6ded1cf96bf7') in 0.0036464 seconds
[Worker0] Imported GUID: 7b51ee9f50a99af4dba0bf764e0dafa5 - Path: Assets/Free Pack/Built-In/Prefabs/SM_Spoon_15.prefab - Importer: ScriptedImporter/UnityEditor.QuickSearchModule:UnityEditor.Search:ASIAI0B -> (ImportResultId: 'e6b89201afc9b1b0be39b5e3429eb6a9') in 0.0049492 seconds
[Worker0] Imported GUID: 237e2c3f8ecbb4c4b929c55eaa71e2c5 - Path: Assets/Free Pack/HDRP/Materials/M_Lab_Wall_HDRP.mat - Importer: ScriptedImporter/UnityEditor.QuickSearchModule:UnityEditor.Search:ASIAI0B -> (ImportResultId: '2c7caac2171e3b1634783615c7055637') in 0.0044795 seconds
[Worker0] Imported GUID: 9e98654d75b846c4a8444251b5bb4302 - Path: Assets/Free Pack/HDRP/Materials/M_Fridge_HDRP.mat - Importer: ScriptedImporter/UnityEditor.QuickSearchModule:UnityEditor.Search:ASIAI0B -> (ImportResultId: '374c4c5a876122e319e878c22a6ec147') in 0.0045465 seconds
[Worker0] Imported GUID: ed7f2b1eff3dd7f4b94ef18881e6978a - Path: Assets/Free Pack/HDRP/Materials/M_Marble_Top_Dining_Table_HDRP.mat - Importer: ScriptedImporter/UnityEditor.QuickSearchModule:UnityEditor.Search:ASIAI0B -> (ImportResultId: '6f0ad2b4d2662af4078e4742564e404c') in 0.0039086 seconds
[Worker0] Imported GUID: d10aad0c115520a4bbf59a048fa1ff3f - Path: Assets/Free Pack/Built-In/Prefabs/SM_Tube_Light.prefab - Importer: ScriptedImporter/UnityEditor.QuickSearchModule:UnityEditor.Search:ASIAI0B -> (ImportResultId: '6a2e19186a73557d782042298e4d7dff') in 0.0039377 seconds
[Worker0] Imported GUID: f1c989da24bd6544b93f4ffd2cd12262 - Path: Assets/Free Pack/Built-In/Prefabs/SM_Grapes_02.prefab - Importer: ScriptedImporter/UnityEditor.QuickSearchModule:UnityEditor.Search:ASIAI0B -> (ImportResultId: '58bb66fc85b92b2fdc4d7bd85c791901') in 0.0043483 seconds
[Worker0] Imported GUID: 9e99013874d7c8b48a85083cc1b34ffa - Path: Assets/Free Pack/HDRP/Materials/M_Apple_V4_HDRP.mat - Importer: ScriptedImporter/UnityEditor.QuickSearchModule:UnityEditor.Search:ASIAI0B -> (ImportResultId: '6fc41b65d0378c272f474de3e4996eb5') in 0.0035292 seconds
[Worker0] Imported GUID: e2d83813a64a9044e9d5ed42e9aa2dfe - Path: Assets/Free Pack/HDRP/Materials/M_Batch_Small_02_HDRP.mat - Importer: ScriptedImporter/UnityEditor.QuickSearchModule:UnityEditor.Search:ASIAI0B -> (ImportResultId: '9da351183b3e353852e29632785841ab') in 0.0035608 seconds
[Worker0] Imported GUID: afd3e8f2da1a6b74aab973cb36c2c69e - Path: Assets/Free Pack/Built-In/Prefabs/SM_Jar_07.prefab - Importer: ScriptedImporter/UnityEditor.QuickSearchModule:UnityEditor.Search:ASIAI0B -> (ImportResultId: '5763836d937963903f35b5cf97359255') in 0.004081 seconds
[Worker0] Imported GUID: 27fcfedd052bf9d4397e7965c2f77fef - Path: Assets/Free Pack/Built-In/Materials/M_SM_Spoon_05.mat - Importer: ScriptedImporter/UnityEditor.QuickSearchModule:UnityEditor.Search:ASIAI0B -> (ImportResultId: 'ebe8c8a114f192f9f67432b52f04fb2f') in 0.0050509 seconds
[Worker0] Imported GUID: 36a36dab243dec64a9f1349969bad9fd - Path: Assets/Free Pack/Built-In/Prefabs/SM_EggplantDish.prefab - Importer: ScriptedImporter/UnityEditor.QuickSearchModule:UnityEditor.Search:ASIAI0B -> (ImportResultId: '8ab8aa38d4f52cc5c9434c5581480bca') in 0.0047212 seconds
[Worker0] Imported GUID: 36c668b0fd3ee0a4f903282b71ca129f - Path: Assets/Free Pack/HDRP/Materials/M_Cereal_Bowl_HDRP.mat - Importer: ScriptedImporter/UnityEditor.QuickSearchModule:UnityEditor.Search:ASIAI0B -> (ImportResultId: 'f1be422cdce7c97ed2d747616fabb71c') in 0.0042527 seconds
[Worker0] Imported GUID: 271c3baf5e675604f889145b17c26c6a - Path: Assets/Free Pack/Built-In/Materials/M_Trim_WoodenWall.mat - Importer: ScriptedImporter/UnityEditor.QuickSearchModule:UnityEditor.Search:ASIAI0B -> (ImportResultId: '538888ff8515b419c2022a5746fef3bf') in 0.0034612 seconds
[Worker0] Imported GUID: ea29d563a4928f14dbc9188467dddb37 - Path: Assets/Free Pack/HDRP/Materials/M_EggplantDish_HDRP.mat - Importer: ScriptedImporter/UnityEditor.QuickSearchModule:UnityEditor.Search:ASIAI0B -> (ImportResultId: 'd3a5ebaf58dda175b7f1f5a3772f086c') in 0.0039177 seconds
[Worker0] Imported GUID: 4295545f69b299c4cb9e942e7d0c1793 - Path: Assets/Free Pack/Built-In/Prefabs/SM_Mug_02.prefab - Importer: ScriptedImporter/UnityEditor.QuickSearchModule:UnityEditor.Search:ASIAI0B -> (ImportResultId: 'c410e2040daa73113a670b61f0eee938') in 0.0043948 seconds
[Worker0] Imported GUID: 086a2a1f70b87984386752630519ba6a - Path: Assets/Free Pack/Built-In/Prefabs/SM_Candle_stand_04.prefab - Importer: ScriptedImporter/UnityEditor.QuickSearchModule:UnityEditor.Search:ASIAI0B -> (ImportResultId: '532267305174b8003aec45030afc4327') in 0.0052615 seconds
[Worker0] Imported GUID: 1c4c19bf4f88bf145982b412f4b1f22b - Path: Assets/Free Pack/Built-In/Prefabs/SM_Wall_02.prefab - Importer: ScriptedImporter/UnityEditor.QuickSearchModule:UnityEditor.Search:ASIAI0B -> (ImportResultId: '53e490a4be66aec968cc7d3713910af3') in 0.0063209 seconds
[Worker0] Imported GUID: aa8f63c98d57c7745be275f15b90d7c3 - Path: Assets/Free Pack/Built-In/Prefabs/SM_Plate.prefab - Importer: ScriptedImporter/UnityEditor.QuickSearchModule:UnityEditor.Search:ASIAI0B -> (ImportResultId: '10f0e635f52b5e6f89c20c4aa284acd6') in 0.0044898 seconds
[Worker0] Imported GUID: 6adfe408377b8f146a86e41e59718544 - Path: Assets/Free Pack/HDRP/Materials/M_Batch_Small_01_HDRP.mat - Importer: ScriptedImporter/UnityEditor.QuickSearchModule:UnityEditor.Search:ASIAI0B -> (ImportResultId: '81fcbb48f0c1813039d3e7bda0c8f75d') in 0.0038183 seconds
[Worker0] Imported GUID: 9d80136e17b8d8f40a5e4d370f516977 - Path: Assets/Free Pack/Built-In/Prefabs/SM_Bottle_32.prefab - Importer: ScriptedImporter/UnityEditor.QuickSearchModule:UnityEditor.Search:ASIAI0B -> (ImportResultId: '0a46d622eea8440e432bc6a08adf64d3') in 0.0042497 seconds
[Worker0] Imported GUID: c5db97ad2a05b71459015d2cf7deae37 - Path: Assets/Free Pack/Built-In/Materials/M_SM_Plate.mat - Importer: ScriptedImporter/UnityEditor.QuickSearchModule:UnityEditor.Search:ASIAI0B -> (ImportResultId: 'cf3c2c901de731d4687f376bc17517d9') in 0.0038881 seconds
[Worker0] Imported GUID: afb4efc7fd296f84d88111a4d88d217b - Path: Assets/Free Pack/Built-In/Prefabs/SM_Packet_16.prefab - Importer: ScriptedImporter/UnityEditor.QuickSearchModule:UnityEditor.Search:ASIAI0B -> (ImportResultId: '1e658808806216219f85357c83f277f7') in 0.0041891 seconds
[Worker0] Imported GUID: 5ed6e70c9030f114489b4adf645862af - Path: Assets/Free Pack/Built-In/Prefabs/SM_Bottle_22.prefab - Importer: ScriptedImporter/UnityEditor.QuickSearchModule:UnityEditor.Search:ASIAI0B -> (ImportResultId: '8beecfac3b1e8270994feb7289613b24') in 0.0042464 seconds
[Worker0] Imported GUID: b6856cd0dafb19e4589b9c3becf722a3 - Path: Assets/Free Pack/HDRP/Materials/M_CerealBox_HDRP.mat - Importer: ScriptedImporter/UnityEditor.QuickSearchModule:UnityEditor.Search:ASIAI0B -> (ImportResultId: '898d704a4778fa4abbe05d6de206672c') in 0.0040189 seconds
[Worker0] Imported GUID: c825b036960e9b640b8bb98599063e63 - Path: Assets/Free Pack/HDRP/Materials/M_Carpet_01_HDRP.mat - Importer: ScriptedImporter/UnityEditor.QuickSearchModule:UnityEditor.Search:ASIAI0B -> (ImportResultId: '5811013438add8d31104219c25e05605') in 0.1051265 seconds
[Worker0] Imported GUID: 795f55bd6016d0d4e8beb1d4fe4877a3 - Path: Assets/Free Pack/HDRP/Materials/M_Demo_Batch_01_HDRP.mat - Importer: ScriptedImporter/UnityEditor.QuickSearchModule:UnityEditor.Search:ASIAI0B -> (ImportResultId: '79b53f69e2174b18c41500f20f4c93ec') in 0.0038206 seconds
[Worker0] Imported GUID: f79b211b2fe1ea44bab26a5929c6b8f9 - Path: Assets/Free Pack/Built-In/Prefabs/SM_HH_Bowl_01.prefab - Importer: ScriptedImporter/UnityEditor.QuickSearchModule:UnityEditor.Search:ASIAI0B -> (ImportResultId: '8022f0812dcd1d620077ee5a3c0a6c9b') in 0.0039353 seconds
[Worker0] Imported GUID: a31bc76a174afc14cb4cccadbc866c7c - Path: Assets/Free Pack/Built-In/Prefabs/SM_Marble_Top_Dining_Table.prefab - Importer: ScriptedImporter/UnityEditor.QuickSearchModule:UnityEditor.Search:ASIAI0B -> (ImportResultId: '4179f2edfd1b4394eecea4d0a7f59967') in 0.0042005 seconds
[Worker0] Imported GUID: 7efbada4ba3a83241924163202d28803 - Path: Assets/Free Pack/Built-In/Prefabs/SM_Chickenfull.prefab - Importer: ScriptedImporter/UnityEditor.QuickSearchModule:UnityEditor.Search:ASIAI0B -> (ImportResultId: '1b724e9e95fafa5ea7f2f94387341d6a') in 0.0047336 seconds
[Worker0] Imported GUID: 32ae1c6b6ea3e1340b7186bfad4230f8 - Path: Assets/Free Pack/Built-In/Prefabs/SM_Banana.prefab - Importer: ScriptedImporter/UnityEditor.QuickSearchModule:UnityEditor.Search:ASIAI0B -> (ImportResultId: 'f27c6ff5ac2e612c016772819cffcb78') in 0.0043126 seconds
[Worker0] Imported GUID: 31e852c6c7032744b88943a0b390fd7b - Path: Assets/Free Pack/Built-In/Prefabs/SM_CodFishDish.prefab - Importer: ScriptedImporter/UnityEditor.QuickSearchModule:UnityEditor.Search:ASIAI0B -> (ImportResultId: '7e727ed6466cdfe9d0f8fad6b267c947') in 0.0051872 seconds
[Worker0] Imported GUID: 53b15322bd73daf42ae229aa1ddc7edd - Path: Assets/Free Pack/HDRP/Materials/M_HH_Basket_04_HDRP.mat - Importer: ScriptedImporter/UnityEditor.QuickSearchModule:UnityEditor.Search:ASIAI0B -> (ImportResultId: '86496a9cd9b2431e1aab2b3b77764a5a') in 0.0038311 seconds
[Worker0] Imported GUID: 172ba3cb56ad6a348b721217d76768fd - Path: Assets/Free Pack/Built-In/Prefabs/SM_Cereal_Bowl.prefab - Importer: ScriptedImporter/UnityEditor.QuickSearchModule:UnityEditor.Search:ASIAI0B -> (ImportResultId: '965553a0f980cfbb758c5c96daefa908') in 0.0056348 seconds
[Worker0] Imported GUID: 1194081ff38504740807985378ead78f - Path: Assets/Free Pack/HDRP/Materials/M_Grapes_02_HDRP.mat - Importer: ScriptedImporter/UnityEditor.QuickSearchModule:UnityEditor.Search:ASIAI0B -> (ImportResultId: 'c67fdb38743125e25dff3f7f6fbcd9e2') in 0.0044479 seconds
[Worker0] Imported GUID: 3b97222adbf21d9499e3a10f37861c71 - Path: Assets/Free Pack/HDRP/Materials/M_Candle_stand_04_HDRP.mat - Importer: ScriptedImporter/UnityEditor.QuickSearchModule:UnityEditor.Search:ASIAI0B -> (ImportResultId: 'a9d8ca31a8d8657582ebb3f10fa1be34') in 0.0037273 seconds
[Worker0] Imported GUID: 3644f2e131059424faf6314be716a8e0 - Path: Assets/Free Pack/HDRP/Materials/M_Mug_02_HDRP.mat - Importer: ScriptedImporter/UnityEditor.QuickSearchModule:UnityEditor.Search:ASIAI0B -> (ImportResultId: 'd4c165662be90496cfa7061a7f9e213b') in 0.0038844 seconds
[Worker0] Imported GUID: 64c665c8108bce044a9b62536e1cab6d - Path: Assets/Free Pack/Built-In/Prefabs/SM_Candle_stand_05.prefab - Importer: ScriptedImporter/UnityEditor.QuickSearchModule:UnityEditor.Search:ASIAI0B -> (ImportResultId: '00463fd0c793e3cc14d3d24eabe147ab') in 0.0053692 seconds
[Worker0] Imported GUID: cff1c1b823cf63c43a30bfc1597ea7d9 - Path: Assets/Free Pack/HDRP/Materials/M_Candle_stand_05_HDRP.mat - Importer: ScriptedImporter/UnityEditor.QuickSearchModule:UnityEditor.Search:ASIAI0B -> (ImportResultId: '30191fcc55b303dd55a5c60493f38df0') in 0.0037399 seconds
[Worker0] Imported GUID: 3cca53778fd56914d9baf85c80009fd0 - Path: Assets/Free Pack/Built-In/Prefabs/SM_Cabinet_Doors_01.prefab - Importer: ScriptedImporter/UnityEditor.QuickSearchModule:UnityEditor.Search:ASIAI0B -> (ImportResultId: 'e5fdea27aaa919ee93920c1f737ec395') in 0.0043576 seconds
[Worker0] Imported GUID: e731e5803a60ac446af7940fc0904da9 - Path: Assets/Free Pack/Built-In/Prefabs/SM_Microwave_Oven.prefab - Importer: ScriptedImporter/UnityEditor.QuickSearchModule:UnityEditor.Search:ASIAI0B -> (ImportResultId: '0e76648e08ce61356d959ccb78131411') in 0.0044266 seconds
[Worker0] Imported GUID: 84f2de4beb6e9db4bb4a358bead0f318 - Path: Assets/Free Pack/Built-In/Prefabs/SM_Chair_V2.prefab - Importer: ScriptedImporter/UnityEditor.QuickSearchModule:UnityEditor.Search:ASIAI0B -> (ImportResultId: 'ba207e485f71f7c4a7ee5d5fc479df81') in 0.004525 seconds
[Worker0] Imported GUID: 3a50b97164ce88f40a0840891932d1c7 - Path: Assets/Free Pack/HDRP/Materials/M_FC_RK_Batch_02_HDRP.mat - Importer: ScriptedImporter/UnityEditor.QuickSearchModule:UnityEditor.Search:ASIAI0B -> (ImportResultId: 'e1b65b3e583864c1de745a23ff7616c7') in 0.0048491 seconds
[Worker0] Imported GUID: a850de88239309c4bbb8ca6d473951ab - Path: Assets/Free Pack/Built-In/Prefabs/SM_Cereal_box.prefab - Importer: ScriptedImporter/UnityEditor.QuickSearchModule:UnityEditor.Search:ASIAI0B -> (ImportResultId: 'b92a6965bb01f42221d7ac03b6b6bf86') in 0.0042932 seconds
[Worker0] Imported GUID: df2e19664b7f08944810243b5ada1521 - Path: Assets/Free Pack/Built-In/Prefabs/SM_Spoon_02.prefab - Importer: ScriptedImporter/UnityEditor.QuickSearchModule:UnityEditor.Search:ASIAI0B -> (ImportResultId: '09ee4f2d961920dc56fcb50d9f41f99a') in 0.0040816 seconds
[Worker0] Imported GUID: 7028b362d7e9c0d4a9775aa5a44fca3a - Path: Assets/Free Pack/Built-In/Prefabs/SM_Wall_04.prefab - Importer: ScriptedImporter/UnityEditor.QuickSearchModule:UnityEditor.Search:ASIAI0B -> (ImportResultId: 'de97fe058439785a8db2e747a69fc36a') in 0.0052939 seconds
[Worker0] Imported GUID: afb60eca1ff89424ea376c66e9d45f97 - Path: Assets/Free Pack/Built-In/Prefabs/SM_CS_Chair_01.prefab - Importer: ScriptedImporter/UnityEditor.QuickSearchModule:UnityEditor.Search:ASIAI0B -> (ImportResultId: '33118494bdaea4495fea87730f78de2c') in 0.0042289 seconds
[Worker0] Imported GUID: a27612287e172514690d62a8eca6be17 - Path: Assets/Free Pack/Built-In/Prefabs/SM_Spoon_04.prefab - Importer: ScriptedImporter/UnityEditor.QuickSearchModule:UnityEditor.Search:ASIAI0B -> (ImportResultId: '03567d375917cacb7c6493d6bc7bb162') in 0.0041579 seconds
[Worker0] Imported GUID: 449c56fab7747d04c979c325ac03d5e0 - Path: Assets/Free Pack/Built-In/Prefabs/SM_Table_V8.prefab - Importer: ScriptedImporter/UnityEditor.QuickSearchModule:UnityEditor.Search:ASIAI0B -> (ImportResultId: '9045a1ba2364d0500eaecba5a3b29004') in 0.0061329 seconds
[Worker0] Imported GUID: 403bc12e463eab646bcba4e8cdcff85c - Path: Assets/Free Pack/Built-In/Prefabs/SM_Fridge.prefab - Importer: ScriptedImporter/UnityEditor.QuickSearchModule:UnityEditor.Search:ASIAI0B -> (ImportResultId: '596e358e7f828ac359aa2d7ef9a4a13b') in 0.0040776 seconds
[Worker0] Imported GUID: 3503a9c3d076d2f4ab6582060d695371 - Path: Assets/Free Pack/Built-In/Prefabs/SM_HH_Basket_04.prefab - Importer: ScriptedImporter/UnityEditor.QuickSearchModule:UnityEditor.Search:ASIAI0B -> (ImportResultId: '887401f53a04df939851f3c5b6e8411a') in 0.0045618 seconds
[Worker0] Imported GUID: 7616f835a6080c04a90ef0c8d71f923b - Path: Assets/Free Pack/Built-In/Materials/M_Table_V8.mat - Importer: ScriptedImporter/UnityEditor.QuickSearchModule:UnityEditor.Search:ASIAI0B -> (ImportResultId: 'd59251f53b154473d50848351927f11f') in 0.0036279 seconds
[Worker0] Imported GUID: 924717611a07ed446ace8f20d3a90ac1 - Path: Assets/Free Pack/HDRP/Materials/M_BottleBulk_01_HDRP.mat - Importer: ScriptedImporter/UnityEditor.QuickSearchModule:UnityEditor.Search:ASIAI0B -> (ImportResultId: 'af87f6dde962d8f3d0600be09b29a387') in 0.0039239 seconds
[Worker0] Imported GUID: e247c224f230f43498cc582e1cfb27e0 - Path: Assets/Free Pack/HDRP/Materials/M_Jar_07_HDRP.mat - Importer: ScriptedImporter/UnityEditor.QuickSearchModule:UnityEditor.Search:ASIAI0B -> (ImportResultId: '9dbcca83be0e703626cb0e92c7900b52') in 0.0033869 seconds
[Worker0] Imported GUID: 62d5f4c276736d447ae478dc609bce89 - Path: Assets/Free Pack/HDRP/Materials/M_All_Banana_HDRP.mat - Importer: ScriptedImporter/UnityEditor.QuickSearchModule:UnityEditor.Search:ASIAI0B -> (ImportResultId: 'c7783d7d7cd8fffef9907ac421b534e0') in 0.0036756 seconds
[Worker0] Imported GUID: 2417b5bd72595b343a5049d31484f12f - Path: Assets/Free Pack/HDRP/Textures/T_CS_Batch_01_MaskMap.png - Importer: ScriptedImporter/UnityEditor.QuickSearchModule:UnityEditor.Search:ASIAI0B -> (ImportResultId: 'fea9039c8c7fbbad8669ecd5a8ad3e0c') in 0.0075714 seconds
[Worker0] Imported GUID: 0b97c90d5c3351a49b18b06e36c4b927 - Path: Assets/Free Pack/HDRP/Prefabs/SM_Cereal_Bowl_HDRP.prefab - Importer: ScriptedImporter/UnityEditor.QuickSearchModule:UnityEditor.Search:ASIAI0B -> (ImportResultId: 'ba9651f178deec89d89fddc42927bcb7') in 0.0038695 seconds
[Worker0] Imported GUID: 08ec4065ee63fe24981d8c65ba768bc1 - Path: Assets/Free Pack/HDRP/Textures/T_Marble_Top_Dining_Table_MaskMap.png - Importer: ScriptedImporter/UnityEditor.QuickSearchModule:UnityEditor.Search:ASIAI0B -> (ImportResultId: 'f42566ab6ea7a665cfbdf1bbf6ea0aa3') in 0.0078757 seconds
[Worker0] Imported GUID: 06f8f0cf1765c7b47a8ff08ad1e5865a - Path: Assets/Free Pack/HDRP/Materials/M_Table_V8_HDRP.mat - Importer: ScriptedImporter/UnityEditor.QuickSearchModule:UnityEditor.Search:ASIAI0B -> (ImportResultId: '4e5d862b726041e9587f449539569701') in 0.0047578 seconds
[Worker0] Imported GUID: 27b62a97bcb24424abdc515911aae1e9 - Path: Assets/Free Pack/HDRP/Textures/T_Apple_V4_MaskMap.png - Importer: ScriptedImporter/UnityEditor.QuickSearchModule:UnityEditor.Search:ASIAI0B -> (ImportResultId: '6ade4a98ab4671d78e4ead1d4afd6703') in 0.0086109 seconds
[Worker0] Imported GUID: 39a7131134f4ab2458f24185d2e7607c - Path: Assets/Free Pack/HDRP/Prefabs/SM_EggplantDish_HDRP.prefab - Importer: ScriptedImporter/UnityEditor.QuickSearchModule:UnityEditor.Search:ASIAI0B -> (ImportResultId: '7d0a7255adf83d9e69cadf9cd9ffa281') in 0.0042412 seconds
[Worker0] Imported GUID: 01b66ed0b37f7ce45a4ed089b77357ab - Path: Assets/Free Pack/HDRP/Textures/T_SM_Spoon_05_MaskMap.png - Importer: ScriptedImporter/UnityEditor.QuickSearchModule:UnityEditor.Search:ASIAI0B -> (ImportResultId: '0e016137e1da3c2d714af985efa6e68d') in 0.0075868 seconds
[Worker0] Imported GUID: 5278a3b728faf774fb159ce2b4f9d52e - Path: Assets/Free Pack/HDRP/Prefabs/SM_Banana_HDRP.prefab - Importer: ScriptedImporter/UnityEditor.QuickSearchModule:UnityEditor.Search:ASIAI0B -> (ImportResultId: 'd92a91e53d3d21061d9a7ddcfc48fa5c') in 0.1046435 seconds
[Worker0] Imported GUID: b662c20f8d10bf649a04fc57c6be5666 - Path: Assets/Free Pack/HDRP/Textures/T_Candle_stand_05_MaskMap.png - Importer: ScriptedImporter/UnityEditor.QuickSearchModule:UnityEditor.Search:ASIAI0B -> (ImportResultId: '7557df8ee9d859421cb49afdab5b65be') in 0.0075423 seconds
[Worker0] Imported GUID: c4708b1a8b746fe4783add05c6d03282 - Path: Assets/Free Pack/HDRP/Prefabs/SM_CodFishDish_HDRP.prefab - Importer: ScriptedImporter/UnityEditor.QuickSearchModule:UnityEditor.Search:ASIAI0B -> (ImportResultId: '7c6c669c58ae3d0b4873f0742af9df0f') in 0.0039708 seconds
[Worker0] Imported GUID: ec672a3a3ba9a6b4d894adb043cc5e56 - Path: Assets/Free Pack/HDRP/Prefabs/SM_Cabinet_Doors_01_HDRP.prefab - Importer: ScriptedImporter/UnityEditor.QuickSearchModule:UnityEditor.Search:ASIAI0B -> (ImportResultId: '5445a757af6185ae9d1391eba4cc6e6d') in 0.0050528 seconds
[Worker0] Imported GUID: 98823459a28a1174c851e6417ca1ad4e - Path: Assets/Free Pack/HDRP/Textures/T_CerealBox_MaskMap.png - Importer: ScriptedImporter/UnityEditor.QuickSearchModule:UnityEditor.Search:ASIAI0B -> (ImportResultId: '15a6da94ce42ea1f90813a9e70116f84') in 0.0074182 seconds
[Worker0] Imported GUID: c070fa36abae1db4b964bc2f0020e1a8 - Path: Assets/Free Pack/HDRP/Prefabs/SM_Spoon_05_HDRP.prefab - Importer: ScriptedImporter/UnityEditor.QuickSearchModule:UnityEditor.Search:ASIAI0B -> (ImportResultId: 'db293fa22d9fd65a1d7cdc20e320a544') in 0.0038358 seconds
[Worker0] Imported GUID: 86a907830ce0f0243b5ce4f285fe6094 - Path: Assets/Free Pack/HDRP/Prefabs/SM_Candle_stand_05_HDRP.prefab - Importer: ScriptedImporter/UnityEditor.QuickSearchModule:UnityEditor.Search:ASIAI0B -> (ImportResultId: '3672298c28a4e85bc5970b4637da038c') in 0.0039366 seconds
[Worker0] Imported GUID: b1ab9cc015d27e54ba0ab2908505fb2b - Path: Assets/Free Pack/HDRP/Prefabs/SM_Chickenfull_HDRP.prefab - Importer: ScriptedImporter/UnityEditor.QuickSearchModule:UnityEditor.Search:ASIAI0B -> (ImportResultId: 'd7e9b41f9564f44cc2f5bfb9a1db7cb6') in 0.0037001 seconds
[Worker0] Imported GUID: 7bda43bfa0777434db972694e1ac0eff - Path: Assets/Free Pack/HDRP/Prefabs/SM_Candle_stand_04_HDRP.prefab - Importer: ScriptedImporter/UnityEditor.QuickSearchModule:UnityEditor.Search:ASIAI0B -> (ImportResultId: '8d64f3ec333cc7249a2c0dde5dbb0b40') in 0.0042805 seconds
[Worker0] Imported GUID: 0c2818cae0d659e43908df355a30f8eb - Path: Assets/Free Pack/HDRP/Prefabs/SM_Tube_Light_HDRP.prefab - Importer: ScriptedImporter/UnityEditor.QuickSearchModule:UnityEditor.Search:ASIAI0B -> (ImportResultId: '219911a6f364912ea8f2edc1ddc97fe6') in 0.0038467 seconds
[Worker0] Imported GUID: 8f8fe185573f96846b05cf6ea6e1370f - Path: Assets/Free Pack/HDRP/Prefabs/SM_Marble_Top_Dining_Table_HDRP.prefab - Importer: ScriptedImporter/UnityEditor.QuickSearchModule:UnityEditor.Search:ASIAI0B -> (ImportResultId: 'fd6fa5a3f9495e49522e4e2275fbfa3e') in 0.0043305 seconds
[Worker0] Imported GUID: 7fabb36316fe1ea489dab987fe7f484a - Path: Assets/Free Pack/HDRP/Prefabs/SM_Chair_V2_HDRP.prefab - Importer: ScriptedImporter/UnityEditor.QuickSearchModule:UnityEditor.Search:ASIAI0B -> (ImportResultId: '1ed20b232b81701d425a4e1fef12ad50') in 0.0039876 seconds
[Worker0] Imported GUID: 0a3735f74bb5d5a46a9a9288c00aeaa3 - Path: Assets/Free Pack/HDRP/Textures/T_Cereal_Bowl_MaskMap.png - Importer: ScriptedImporter/UnityEditor.QuickSearchModule:UnityEditor.Search:ASIAI0B -> (ImportResultId: '3f03a694769d60ebc0098720e782d564') in 0.0073629 seconds
[Worker0] Imported GUID: 047b935f87cbc5941b059b2b05dee3ad - Path: Assets/Free Pack/HDRP/Prefabs/SM_HH_Basket_04_HDRP.prefab - Importer: ScriptedImporter/UnityEditor.QuickSearchModule:UnityEditor.Search:ASIAI0B -> (ImportResultId: '149e08c811c22e16e8911b927fcb1a8a') in 0.0042013 seconds
[Worker0] Imported GUID: 49d8c74dc79eacb4a8232cab0acc6a76 - Path: Assets/Free Pack/HDRP/Prefabs/SM_CS_Chair_01_HDRP.prefab - Importer: ScriptedImporter/UnityEditor.QuickSearchModule:UnityEditor.Search:ASIAI0B -> (ImportResultId: 'af29d676b78ed7f84bd21dcad7f73028') in 0.004192 seconds
[Worker0] Imported GUID: d6332a7de8d9d704fbe8e902e783325e - Path: Assets/Free Pack/HDRP/Prefabs/SM_Microwave_Oven_HDRP.prefab - Importer: ScriptedImporter/UnityEditor.QuickSearchModule:UnityEditor.Search:ASIAI0B -> (ImportResultId: '2ba1e1a780207c7e89711d199fdc5a79') in 0.004778 seconds
[Worker0] Imported GUID: af5e7ea85ab6a7d4bbc26fb35f5e30c4 - Path: Assets/Free Pack/HDRP/Prefabs/SM_Spoon_15_HDRP.prefab - Importer: ScriptedImporter/UnityEditor.QuickSearchModule:UnityEditor.Search:ASIAI0B -> (ImportResultId: '5f7d8551cd3b2db2e0adc307c74b1829') in 0.0039458 seconds
[Worker0] Imported GUID: 3744eacf03394334696235cf024bdb07 - Path: Assets/Free Pack/HDRP/Prefabs/SM_Wall_04_HDRP.prefab - Importer: ScriptedImporter/UnityEditor.QuickSearchModule:UnityEditor.Search:ASIAI0B -> (ImportResultId: 'c091759500ba8ff04ce4fc4a2a05c850') in 0.0050463 seconds
[Worker0] Imported GUID: 547c494a67d843045a68432fa0c82334 - Path: Assets/Free Pack/HDRP/Textures/T_Grapes_02_MaskMap.png - Importer: ScriptedImporter/UnityEditor.QuickSearchModule:UnityEditor.Search:ASIAI0B -> (ImportResultId: '74a50daca5f68f73a494ca87004c2f32') in 0.0083618 seconds
Starting new worker id: 3 with log in C:/Users/cgardner4864/Documents/GitHub/Holy-Guac/Holy guac map/Logs/AssetImportWorkerHW3.log
Starting new worker id: 4 with log in C:/Users/cgardner4864/Documents/GitHub/Holy-Guac/Holy guac map/Logs/AssetImportWorkerHW4.log
[Worker0] Imported GUID: 28ed07a3c2d92b948b86beb2d03c2e08 - Path: Assets/Free Pack/HDRP/Textures/T_Mug_02_MaskMap.png - Importer: ScriptedImporter/UnityEditor.QuickSearchModule:UnityEditor.Search:ASIAI0B -> (ImportResultId: '74d99c18df10685b7a723389c27b91e1') in 0.0078267 seconds
[Worker0] Imported GUID: cc8f47e49da26dc45a809d8acad260ba - Path: Assets/Free Pack/HDRP/Materials/M_SM_Plate_HDRP.mat - Importer: ScriptedImporter/UnityEditor.QuickSearchModule:UnityEditor.Search:ASIAI0B -> (ImportResultId: '8c5a60ea540d828907f1cd743e1b1267') in 0.0053348 seconds
[Worker0] Imported GUID: f2a6ea21554cf1a4896976bf649e1b8d - Path: Assets/Free Pack/HDRP/Materials/M_Trim_WoodenWall_HDRP.mat - Importer: ScriptedImporter/UnityEditor.QuickSearchModule:UnityEditor.Search:ASIAI0B -> (ImportResultId: '3c2927b44b41a942b0de75b2df1cb8f8') in 0.004008 seconds
[Worker0] Imported GUID: c9d544683bb244447b2d3a995368c708 - Path: Assets/Free Pack/HDRP/Prefabs/SM_Carpet_02_HDRP.prefab - Importer: ScriptedImporter/UnityEditor.QuickSearchModule:UnityEditor.Search:ASIAI0B -> (ImportResultId: '3480441b7e0c7cd704d161db58ebb2a3') in 0.0058207 seconds
[Worker0] Imported GUID: 7ba285dad4d95294a9b47e8238e2be45 - Path: Assets/Free Pack/HDRP/Textures/T_Batch_Small_02_MaskMap.png - Importer: ScriptedImporter/UnityEditor.QuickSearchModule:UnityEditor.Search:ASIAI0B -> (ImportResultId: 'f3e19d25786825719e9942b4d6ac73e2') in 0.0076315 seconds
[Worker0] Imported GUID: 69f275b60ae106245bfac50fb39bf0d7 - Path: Assets/Free Pack/HDRP/Prefabs/SM_Mug_02_HDRP.prefab - Importer: ScriptedImporter/UnityEditor.QuickSearchModule:UnityEditor.Search:ASIAI0B -> (ImportResultId: 'b5166f84b63b66ba568eec5f1ba97fe5') in 0.0040118 seconds
[Worker0] Imported GUID: 6a0a5a10cdbd1ea46bd0ca4df5c89b71 - Path: Assets/Free Pack/HDRP/Prefabs/SM_Coffee_cup_HDRP.prefab - Importer: ScriptedImporter/UnityEditor.QuickSearchModule:UnityEditor.Search:ASIAI0B -> (ImportResultId: 'ec30608d8ab05e61cb8ad67218f2db3b') in 0.0041461 seconds
[Worker0] Imported GUID: 9ebc64d99d088e245951f0f43f382670 - Path: Assets/Free Pack/HDRP/Textures/T_BottleBulk_01_MaskMap.png - Importer: ScriptedImporter/UnityEditor.QuickSearchModule:UnityEditor.Search:ASIAI0B -> (ImportResultId: 'd5ec0370257a8907d87bf7fd64b7cb3d') in 0.0072308 seconds
[Worker0] Imported GUID: 6825a766f1ef43541a7292aac2702955 - Path: Assets/Free Pack/HDRP/Prefabs/SM_Grapes_02_HDRP.prefab - Importer: ScriptedImporter/UnityEditor.QuickSearchModule:UnityEditor.Search:ASIAI0B -> (ImportResultId: '5e9431c11320ce58a246c8510b729d1b') in 0.0046307 seconds
[Worker0] Imported GUID: 1d7f98561a93ede41b076c4b40af3ad9 - Path: Assets/Free Pack/HDRP/Prefabs/SM_Bottle_22_HDRP.prefab - Importer: ScriptedImporter/UnityEditor.QuickSearchModule:UnityEditor.Search:ASIAI0B -> (ImportResultId: '04df28aa61a341d10ca01f9bb62ee247') in 0.0044073 seconds
[Worker0] Imported GUID: ab10bee95bd8f2347b7e134f7a2ce86f - Path: Assets/Free Pack/HDRP/Textures/T_FC_RK_Batch_02_MaskMap.png - Importer: ScriptedImporter/UnityEditor.QuickSearchModule:UnityEditor.Search:ASIAI0B -> (ImportResultId: 'd99d83dc31330bacc21993308671c725') in 0.0078811 seconds
[Worker0] Imported GUID: 06e3be8ce7ff18844bd62e85ef3557b3 - Path: Assets/Free Pack/HDRP/Textures/T_EggplantDish_MaskMap.png - Importer: ScriptedImporter/UnityEditor.QuickSearchModule:UnityEditor.Search:ASIAI0B -> (ImportResultId: '1f5c08c8328f76866ec0a009f49a641c') in 0.0077098 seconds
[Worker0] Imported GUID: c91ea5082fca24446925728287eb3361 - Path: Assets/Free Pack/HDRP/Prefabs/SM_Spoon_02_HDRP.prefab - Importer: ScriptedImporter/UnityEditor.QuickSearchModule:UnityEditor.Search:ASIAI0B -> (ImportResultId: 'e2aa72de94425f8523ebefaf419ff00d') in 0.0042699 seconds
[Worker1] Imported GUID: 19e4a732f3c02344087dabeef546f591 - Path: Assets/Free Pack/HDRP/Prefabs/SM_Bottle_32_HDRP.prefab - Importer: ScriptedImporter/UnityEditor.QuickSearchModule:UnityEditor.Search:ASIAI0B -> (ImportResultId: 'd15630ad3fc6ef522b27c06d41d578d7') in 0.0874621 seconds
[Worker0] Imported GUID: f3474a0534dafa24d801f50b758ac286 - Path: Assets/Free Pack/HDRP/Textures/T_Batch_Small_01_MaskMap.png - Importer: ScriptedImporter/UnityEditor.QuickSearchModule:UnityEditor.Search:ASIAI0B -> (ImportResultId: 'da85c3e2a3976b0462c77d2ee9195c72') in 0.0083695 seconds
[Worker1] Imported GUID: 091d9a313728bde4fb9fc5cc3007d5b7 - Path: Assets/Free Pack/HDRP/Prefabs/SM_Jar_07_HDRP.prefab - Importer: ScriptedImporter/UnityEditor.QuickSearchModule:UnityEditor.Search:ASIAI0B -> (ImportResultId: 'f81aab1bbbe4e4df7f9a54b72c70c914') in 0.0052112 seconds
[Worker0] Imported GUID: a6553e0170b6b6a48acb0086418d0876 - Path: Assets/Free Pack/HDRP/Textures/T_Fridge_MaskMap.png - Importer: ScriptedImporter/UnityEditor.QuickSearchModule:UnityEditor.Search:ASIAI0B -> (ImportResultId: '128e909db00f50b5a6b1bbb14e975867') in 0.0082397 seconds
[Worker1] Imported GUID: fa3b0b025374662428b209d08efc0108 - Path: Assets/Free Pack/HDRP/Prefabs/SM_Packet_16_HDRP.prefab - Importer: ScriptedImporter/UnityEditor.QuickSearchModule:UnityEditor.Search:ASIAI0B -> (ImportResultId: 'c0b8d54fa1bba50dcf45564b16b06c66') in 0.0058232 seconds
[Worker2] Imported GUID: 6f4b73ebf1a3f3f4d8ffa7f60d5f4d19 - Path: Assets/Free Pack/HDRP/Textures/T_Carpet_01_MaskMap.png - Importer: ScriptedImporter/UnityEditor.QuickSearchModule:UnityEditor.Search:ASIAI0B -> (ImportResultId: '5d7fc46b81128d0a15def25220e00fa4') in 0.1066138 seconds
[Worker1] Imported GUID: 5679754dea7b12f42b72b2cdf179a88c - Path: Assets/Free Pack/HDRP/Prefabs/SM_Wall_02_HDRP.prefab - Importer: ScriptedImporter/UnityEditor.QuickSearchModule:UnityEditor.Search:ASIAI0B -> (ImportResultId: 'c60afb2f047653b8475d63c329fd646c') in 0.0163141 seconds
[Worker2] Imported GUID: 51823f7122691754a9789c0b9060a051 - Path: Assets/Free Pack/HDRP/Textures/T_All_Banana_MaskMap.png - Importer: ScriptedImporter/UnityEditor.QuickSearchModule:UnityEditor.Search:ASIAI0B -> (ImportResultId: '25f256691b057a84c3f905551604e663') in 0.0081622 seconds
[Worker2] Imported GUID: 1f4fa1d8862ff34459dc1adadb73eced - Path: Assets/Free Pack/HDRP/Textures/T_SM_Plate_MaskMap.png - Importer: ScriptedImporter/UnityEditor.QuickSearchModule:UnityEditor.Search:ASIAI0B -> (ImportResultId: 'ab461a3723ffdaae80b509721e021dd2') in 0.0092337 seconds
[Worker1] Imported GUID: e39c9a77878f5d54aae75b033b98ff75 - Path: Assets/Free Pack/HDRP/Textures/T_Jar_07_MaskMap.png - Importer: ScriptedImporter/UnityEditor.QuickSearchModule:UnityEditor.Search:ASIAI0B -> (ImportResultId: '17d89617b31b84bd7705e0c574c2bdbd') in 0.028541 seconds
[Worker2] Imported GUID: ad9c9349a906d2f41a75e97b6cecc984 - Path: Assets/Free Pack/HDRP/Prefabs/SM_Fridge_HDRP.prefab - Importer: ScriptedImporter/UnityEditor.QuickSearchModule:UnityEditor.Search:ASIAI0B -> (ImportResultId: '42ff3f2877895266b426f6efb6db9c23') in 0.0148464 seconds
[Worker1] Imported GUID: 6445424529f13a24e9e5153f5bc15319 - Path: Assets/Free Pack/HDRP/Textures/T_Demo_Batch_01_MaskMap.png - Importer: ScriptedImporter/UnityEditor.QuickSearchModule:UnityEditor.Search:ASIAI0B -> (ImportResultId: '1f72956bafc814b904adfe9711efdc99') in 0.0092397 seconds
[Worker2] Imported GUID: 16e17c291f47fe4449cceb660da82997 - Path: Assets/Free Pack/HDRP/Textures/T_Chair_V2_MaskMap.png - Importer: ScriptedImporter/UnityEditor.QuickSearchModule:UnityEditor.Search:ASIAI0B -> (ImportResultId: 'be33e5ceae17d0708cc3a0393f12f116') in 0.0082442 seconds
[Worker1] Imported GUID: 257da3180da452540a28441dafe69304 - Path: Assets/Free Pack/HDRP/Prefabs/SM_Table_V8_HDRP.prefab - Importer: ScriptedImporter/UnityEditor.QuickSearchModule:UnityEditor.Search:ASIAI0B -> (ImportResultId: '3860d633b62120c7bcd072ba9e9fd32b') in 0.0056983 seconds
[Worker2] Imported GUID: a5614e0abab77a540a37e785535efef1 - Path: Assets/Free Pack/HDRP/Prefabs/SM_Packet_11_HDRP.prefab - Importer: ScriptedImporter/UnityEditor.QuickSearchModule:UnityEditor.Search:ASIAI0B -> (ImportResultId: '799daaa955123038be460ca6ea82b400') in 0.0045146 seconds
[Worker1] Imported GUID: c8ad0aa5d401cd6478d97c42002b2c83 - Path: Assets/Free Pack/HDRP/Prefabs/SM_Plate_HDRP.prefab - Importer: ScriptedImporter/UnityEditor.QuickSearchModule:UnityEditor.Search:ASIAI0B -> (ImportResultId: 'c0aa473ad148404fb53c8c379d65cb65') in 0.0044342 seconds
[Worker2] Imported GUID: b53aeb18c8b780c45828cea1af2ec22a - Path: Assets/Free Pack/HDRP/Materials/M_SM_Spoon_05_HDRP.mat - Importer: ScriptedImporter/UnityEditor.QuickSearchModule:UnityEditor.Search:ASIAI0B -> (ImportResultId: '05cc4665d6cbfe8c16ca2dbc186dc6d1') in 0.0090477 seconds
[Worker1] Imported GUID: 01de0f54ba701c247ac922684b7ad83f - Path: Assets/Free Pack/HDRP/Prefabs/SM_Apple_HDRP.prefab - Importer: ScriptedImporter/UnityEditor.QuickSearchModule:UnityEditor.Search:ASIAI0B -> (ImportResultId: '6ed7c097beeb7f553e8c7102baf46d0f') in 0.0046525 seconds
[Worker1] Imported GUID: ea95c44ebdc29a44d95d05babb955344 - Path: Assets/Free Pack/HDRP/Textures/T_HH_Basket_04_MaskMap.png - Importer: ScriptedImporter/UnityEditor.QuickSearchModule:UnityEditor.Search:ASIAI0B -> (ImportResultId: 'f606bbad5166bfbe7acb28365e4d49c1') in 0.0078405 seconds
[Worker2] Imported GUID: f1f9f6721e1d6a241b39cd3cc4bf0575 - Path: Assets/Free Pack/HDRP/Textures/T_Dishes_MaskMap.png - Importer: ScriptedImporter/UnityEditor.QuickSearchModule:UnityEditor.Search:ASIAI0B -> (ImportResultId: '6ee1928411ff82aa89e1837a642cbe42') in 0.0102679 seconds
[Worker1] Imported GUID: c07763dd97a6f4440b80d9589d05fc00 - Path: Assets/Free Pack/HDRP/Prefabs/SM_Cereal_box_HDRP.prefab - Importer: ScriptedImporter/UnityEditor.QuickSearchModule:UnityEditor.Search:ASIAI0B -> (ImportResultId: '9d6baedb2a1a2b1fafa772e587497a78') in 0.0047086 seconds
[Worker2] Imported GUID: 8e557a1bb5613c9498d22fdb2507c66c - Path: Assets/Free Pack/HDRP/Textures/T_Candle_stand_04_MaskMap.png - Importer: ScriptedImporter/UnityEditor.QuickSearchModule:UnityEditor.Search:ASIAI0B -> (ImportResultId: 'b52603bce4d48c327fb833dea40646bc') in 0.0080841 seconds
[Worker2] Imported GUID: 167dd616af714b044ad5b948bf5908e3 - Path: Assets/Free Pack/HDRP/Prefabs/SM_Spoon_04_HDRP.prefab - Importer: ScriptedImporter/UnityEditor.QuickSearchModule:UnityEditor.Search:ASIAI0B -> (ImportResultId: '6f561da71ace54b80b3846078e5deefa') in 0.0051994 seconds
[Worker0] Imported GUID: 4e971321d44b5324b8746759a659ab59 - Path: Assets/Free Pack/HDRP/Textures/T_Bulk2_MaskMap.png - Importer: ScriptedImporter/UnityEditor.QuickSearchModule:UnityEditor.Search:ASIAI0B -> (ImportResultId: '9017313b2d0fe64094398f743943e6ca') in 0.109509 seconds
[Worker1] Imported GUID: 344bde1ff774aec4d8b7d6f629633965 - Path: Assets/Free Pack/HDRP/Textures/T_Lab_Wall_MaskMap.png - Importer: ScriptedImporter/UnityEditor.QuickSearchModule:UnityEditor.Search:ASIAI0B -> (ImportResultId: '3b0346a8f0f1a696f7bc1fc667b07456') in 0.1114318 seconds
[Worker2] Imported GUID: 2fd896c266ef372479e96fbbe43487b7 - Path: Assets/Free Pack/URP/Materials/M_Mug_02_URP.mat - Importer: ScriptedImporter/UnityEditor.QuickSearchModule:UnityEditor.Search:ASIAI0B -> (ImportResultId: '4eb8b17ad080f30f3f98d7cfc8ac4366') in 0.0050576 seconds
[Worker0] Imported GUID: ebbad5ab0280f70489de03b94c57e382 - Path: Assets/Free Pack/URP/Prefabs/SM_Chair_V2_URP.prefab - Importer: ScriptedImporter/UnityEditor.QuickSearchModule:UnityEditor.Search:ASIAI0B -> (ImportResultId: '9ef8ff8910f721cd353fd99a3f02da99') in 0.0068977 seconds
[Worker1] Imported GUID: d7728bc7201f4854e994271eb193a334 - Path: Assets/Free Pack/URP/Materials/M_SM_Plate_URP.mat - Importer: ScriptedImporter/UnityEditor.QuickSearchModule:UnityEditor.Search:ASIAI0B -> (ImportResultId: 'e3d8d8ba57e96104a7ea4aa23f3ff7ca') in 0.0093116 seconds
[Worker2] Imported GUID: 71221ed1e1c060141b57cf58a0b3fe11 - Path: Assets/Free Pack/URP/Materials/M_Chair_V2_URP.mat - Importer: ScriptedImporter/UnityEditor.QuickSearchModule:UnityEditor.Search:ASIAI0B -> (ImportResultId: '3f7e8f9b0697a6fdccdf24d79e6e3e33') in 0.0041363 seconds
[Worker1] Imported GUID: 7c62f0b4c4ae4014b9f9d7595fe05228 - Path: Assets/Free Pack/URP/Materials/M_Trim_WoodenWall_URP.mat - Importer: ScriptedImporter/UnityEditor.QuickSearchModule:UnityEditor.Search:ASIAI0B -> (ImportResultId: '90c74a649af45fa094c1b83c023ebbb0') in 0.00428 seconds
[Worker1] Imported GUID: 47176ab77f1705a4392b8d3c63df60f9 - Path: Assets/Free Pack/URP/Materials/M_BottleBulk_01_URP.mat - Importer: ScriptedImporter/UnityEditor.QuickSearchModule:UnityEditor.Search:ASIAI0B -> (ImportResultId: '7066c0c86b0f5d6f43e5b1fe82df8244') in 0.0040094 seconds
[Worker2] Imported GUID: 3747ad5e97529a0459f4bfead31d522d - Path: Assets/Free Pack/URP/Prefabs/SM_Wall_02_URP.prefab - Importer: ScriptedImporter/UnityEditor.QuickSearchModule:UnityEditor.Search:ASIAI0B -> (ImportResultId: '6f8c0f5f60513a7dceca78e36bcc13b1') in 0.0127285 seconds
[Worker1] Imported GUID: 63da05fc4a2b8754abbee07562b69644 - Path: Assets/Free Pack/URP/Materials/M_Table_V8_URP.mat - Importer: ScriptedImporter/UnityEditor.QuickSearchModule:UnityEditor.Search:ASIAI0B -> (ImportResultId: '9cf0322341cd7b87d707978612753057') in 0.0052984 seconds
[Worker2] Imported GUID: e8afb2c2f0ea3ae41bd71091450bb0b8 - Path: Assets/Free Pack/URP/Materials/M_Candle_stand_05_URP.mat - Importer: ScriptedImporter/UnityEditor.QuickSearchModule:UnityEditor.Search:ASIAI0B -> (ImportResultId: '6e566c6b6450790d24f11268b1149b91') in 0.0033269 seconds
[Worker1] Imported GUID: a7fbc1260dbddf54cabe8b5acac5ad16 - Path: Assets/Free Pack/URP/Prefabs/SM_Cereal_Bowl_URP.prefab - Importer: ScriptedImporter/UnityEditor.QuickSearchModule:UnityEditor.Search:ASIAI0B -> (ImportResultId: '7ed0ee3d25a324678dbb182fdc5bd596') in 0.0039411 seconds
[Worker1] Imported GUID: 2779d23289f262e4c810bb285ecb0110 - Path: Assets/Free Pack/URP/Materials/M_Grapes_02_URP.mat - Importer: ScriptedImporter/UnityEditor.QuickSearchModule:UnityEditor.Search:ASIAI0B -> (ImportResultId: '7c1cfade8fd73d91a67afbfc9d419c64') in 0.0037027 seconds
[Worker1] Imported GUID: e05396dd43b843c4fbffd292171fe122 - Path: Assets/Free Pack/URP/Prefabs/SM_Spoon_05_URP.prefab - Importer: ScriptedImporter/UnityEditor.QuickSearchModule:UnityEditor.Search:ASIAI0B -> (ImportResultId: '707b1334240d36dcfb14f9e84896ebdf') in 0.00417 seconds
[Worker1] Imported GUID: c3b28b3b8d8eee8459efb63130f08f09 - Path: Assets/Free Pack/URP/Materials/M_Carpet_01_URP.mat - Importer: ScriptedImporter/UnityEditor.QuickSearchModule:UnityEditor.Search:ASIAI0B -> (ImportResultId: 'b06e8d4e4ed62603a7e3edc801894343') in 0.0042615 seconds
[Worker1] Imported GUID: 39664eab405c320499b1838d510dd521 - Path: Assets/Free Pack/URP/Prefabs/SM_Apple_URP.prefab - Importer: ScriptedImporter/UnityEditor.QuickSearchModule:UnityEditor.Search:ASIAI0B -> (ImportResultId: 'a7953d787437710eaa1c95051ee9397e') in 0.0053598 seconds
[Worker1] Imported GUID: f24e839e0e010f246875daa4c0753b5d - Path: Assets/Free Pack/URP/Materials/M_Fridge_URP.mat - Importer: ScriptedImporter/UnityEditor.QuickSearchModule:UnityEditor.Search:ASIAI0B -> (ImportResultId: 'd2ca1cc68d6da14c0d3f56df2a51a318') in 0.004312 seconds
[Worker1] Imported GUID: 35c6f77ef4a4c16468f29fb79d81011c - Path: Assets/Free Pack/URP/Materials/M_HH_Basket_04_URP.mat - Importer: ScriptedImporter/UnityEditor.QuickSearchModule:UnityEditor.Search:ASIAI0B -> (ImportResultId: 'ee9416a0d9cf9e9d6e65a52b61427b29') in 0.0032511 seconds
[Worker1] Imported GUID: 1fa977038f0e0dd4ab3755aafffe2198 - Path: Assets/Free Pack/URP/Prefabs/SM_EggplantDish_URP.prefab - Importer: ScriptedImporter/UnityEditor.QuickSearchModule:UnityEditor.Search:ASIAI0B -> (ImportResultId: '0d971d081960d40e6eefa697f3d1930a') in 0.0038739 seconds
[Worker1] Imported GUID: 48c61e6593888844d8a3a6a17b1d350f - Path: Assets/Free Pack/URP/Prefabs/SM_Fridge_URP.prefab - Importer: ScriptedImporter/UnityEditor.QuickSearchModule:UnityEditor.Search:ASIAI0B -> (ImportResultId: '68d42c22ddf814c03fe20e122c002179') in 0.0041837 seconds
[Worker1] Imported GUID: 555d57471d7a34f4282dc7f3cb77ed10 - Path: Assets/Free Pack/URP/Prefabs/SM_Grapes_02_URP.prefab - Importer: ScriptedImporter/UnityEditor.QuickSearchModule:UnityEditor.Search:ASIAI0B -> (ImportResultId: '236bd4585c2a418d895aeb4c818e51d4') in 0.004934 seconds
[Worker1] Imported GUID: 78ee1b83cfc5b614dbca6c71b48d3a15 - Path: Assets/Free Pack/URP/Prefabs/SM_Spoon_04_URP.prefab - Importer: ScriptedImporter/UnityEditor.QuickSearchModule:UnityEditor.Search:ASIAI0B -> (ImportResultId: '8831c326a0a2d7ca11bc9f41f7be253b') in 0.0041947 seconds
[Worker1] Imported GUID: e48df5a57c52b3443a50ed65e77c73d1 - Path: Assets/Free Pack/URP/Prefabs/SM_Carpet_02_URP.prefab - Importer: ScriptedImporter/UnityEditor.QuickSearchModule:UnityEditor.Search:ASIAI0B -> (ImportResultId: 'd11bac238bcb4d25909b9bca175827b2') in 0.0058364 seconds
[Worker1] Imported GUID: d7ddf97fa965c7d44bc2996a3d39d6c5 - Path: Assets/Free Pack/URP/Prefabs/SM_Tube_Light_URP.prefab - Importer: ScriptedImporter/UnityEditor.QuickSearchModule:UnityEditor.Search:ASIAI0B -> (ImportResultId: '8485c917dee59675d529e169f5e41dd6') in 0.0042559 seconds
[Worker1] Imported GUID: eb0b13668e687b14db5fbf7f82f0b766 - Path: Assets/Free Pack/URP/Materials/M_SM_Spoon_05_URP.mat - Importer: ScriptedImporter/UnityEditor.QuickSearchModule:UnityEditor.Search:ASIAI0B -> (ImportResultId: '133510c09d6298d29dc6fe3afa3b11bd') in 0.0037192 seconds
[Worker1] Imported GUID: 67045e9e111243f449e586f547d16541 - Path: Assets/Free Pack/URP/Prefabs/SM_Wall_04_URP.prefab - Importer: ScriptedImporter/UnityEditor.QuickSearchModule:UnityEditor.Search:ASIAI0B -> (ImportResultId: '95495d837a330ab997bc1a5497482dc1') in 0.0067546 seconds
[Worker1] Imported GUID: 45b6f6cd40468e040ac41c87ecfb0aa6 - Path: Assets/Free Pack/URP/Prefabs/SM_CodFishDish_URP.prefab - Importer: ScriptedImporter/UnityEditor.QuickSearchModule:UnityEditor.Search:ASIAI0B -> (ImportResultId: '0e59eac241798164a3c3cba2d7104e91') in 0.0053431 seconds
[Worker1] Imported GUID: a30ea3dc2c9268046bf9c045b729783e - Path: Assets/Free Pack/URP/Materials/M_Apple_V4_URP.mat - Importer: ScriptedImporter/UnityEditor.QuickSearchModule:UnityEditor.Search:ASIAI0B -> (ImportResultId: 'b6a590299f9bb935612de798a2a994fc') in 0.0035366 seconds
[Worker0] Imported GUID: 6f0714179a6cd334eb3f99d8125f1b43 - Path: Assets/Free Pack/URP/Prefabs/SM_HH_Basket_04_URP.prefab - Importer: ScriptedImporter/UnityEditor.QuickSearchModule:UnityEditor.Search:ASIAI0B -> (ImportResultId: '5bd137841b3b83a461f064edd197bf67') in 0.106732 seconds
[Worker1] Imported GUID: aee96a551603f8e40b5e89e0fdde3b14 - Path: Assets/Free Pack/HDRP/Textures/T_Trim_WoodenWall_MaskMap.png - Importer: ScriptedImporter/UnityEditor.QuickSearchModule:UnityEditor.Search:ASIAI0B -> (ImportResultId: '3d82deeff07573de220a43b81c78271f') in 0.0077866 seconds
[Worker1] Imported GUID: 9ce299ecdeee53c4a89915fe7f9a575d - Path: Assets/Free Pack/URP/Materials/M_Cereal_Bowl_URP.mat - Importer: ScriptedImporter/UnityEditor.QuickSearchModule:UnityEditor.Search:ASIAI0B -> (ImportResultId: 'a135bb8840860bc3dadf0e823ae88032') in 0.003914 seconds
[Worker0] Imported GUID: e49d7c44b4e4b5345a495ef62830c4d0 - Path: Assets/Free Pack/URP/Prefabs/SM_Microwave_Oven_URP.prefab - Importer: ScriptedImporter/UnityEditor.QuickSearchModule:UnityEditor.Search:ASIAI0B -> (ImportResultId: '1f44cc01521e5cc3360bf3b2445724f2') in 0.0048051 seconds
[Worker0] Imported GUID: 9507dc6ee3f9efa43ab2d1fe54d03997 - Path: Assets/Free Pack/URP/Materials/M_Bulk2_URP.mat - Importer: ScriptedImporter/UnityEditor.QuickSearchModule:UnityEditor.Search:ASIAI0B -> (ImportResultId: 'ca4d0ca75fea4192059087b5a2463f00') in 0.003926 seconds
[Worker1] Imported GUID: e5782a17d2f2c214bbfc8160511697e8 - Path: Assets/Free Pack/URP/Materials/M_CerealBox_URP.mat - Importer: ScriptedImporter/UnityEditor.QuickSearchModule:UnityEditor.Search:ASIAI0B -> (ImportResultId: '3a39abb0d4b3f30f6a98784ab1986781') in 0.0043391 seconds
[Worker1] Imported GUID: 386b284e361a7e7429e3479a0965df69 - Path: Assets/Free Pack/URP/Materials/M_Marble_Top_Dining_Table_URP.mat - Importer: ScriptedImporter/UnityEditor.QuickSearchModule:UnityEditor.Search:ASIAI0B -> (ImportResultId: '659ad4cad7c2d8893b25e9e3320bd6eb') in 0.0041057 seconds
[Worker0] Imported GUID: 9fb9341b87aa9484b90f49e87ea1286b - Path: Assets/Free Pack/URP/Prefabs/SM_Marble_Top_Dining_Table_URP.prefab - Importer: ScriptedImporter/UnityEditor.QuickSearchModule:UnityEditor.Search:ASIAI0B -> (ImportResultId: '5ba24efa1ef850e0bafdc2152c9830df') in 0.0050007 seconds
[Worker2] Imported GUID: 28e3dbe205b01a84392e2837122fc4a1 - Path: Assets/Free Pack/URP/Materials/M_Candle_stand_04_URP.mat - Importer: ScriptedImporter/UnityEditor.QuickSearchModule:UnityEditor.Search:ASIAI0B -> (ImportResultId: '6ef53d8a4b6538cd62b03281defd1b77') in 0.1056712 seconds
[Worker1] Imported GUID: 8a3b3359d0b611b4e95c05e83288e5cd - Path: Assets/Free Pack/URP/Prefabs/SM_Table_V8_URP.prefab - Importer: ScriptedImporter/UnityEditor.QuickSearchModule:UnityEditor.Search:ASIAI0B -> (ImportResultId: 'ec108d730725c9eb6a7a758db8dfcc0d') in 0.0048847 seconds
[Worker0] Imported GUID: 71bb12409e9ba144db9e99348df0fdf6 - Path: Assets/Free Pack/URP/Prefabs/SM_Bottle_32_URP.prefab - Importer: ScriptedImporter/UnityEditor.QuickSearchModule:UnityEditor.Search:ASIAI0B -> (ImportResultId: '72363ec2b1889c89625918d446e28d2f') in 0.0062393 seconds
[Worker2] Imported GUID: 294cb8d40a535424dad7044779b6e085 - Path: Assets/Free Pack/URP/Prefabs/SM_Spoon_15_URP.prefab - Importer: ScriptedImporter/UnityEditor.QuickSearchModule:UnityEditor.Search:ASIAI0B -> (ImportResultId: '441b49f7e58bf370633352e3073d7795') in 0.0056053 seconds
[Worker1] Imported GUID: 812f60d5ee37b8b41bf9e6c3ec4d5cc0 - Path: Assets/Free Pack/URP/Prefabs/SM_Cabinet_Doors_01_URP.prefab - Importer: ScriptedImporter/UnityEditor.QuickSearchModule:UnityEditor.Search:ASIAI0B -> (ImportResultId: 'c3d542efef3b94f13a290c7c346a1464') in 0.0048956 seconds
[Worker0] Imported GUID: 80f693e10452c9441a036dfc97892419 - Path: Assets/Free Pack/URP/Prefabs/SM_Jar_07_URP.prefab - Importer: ScriptedImporter/UnityEditor.QuickSearchModule:UnityEditor.Search:ASIAI0B -> (ImportResultId: 'be1644dbaaff48cae04b96c7e4a1af5e') in 0.0051898 seconds
[Worker2] Imported GUID: f9b640cc9243bd940813aebf611964b6 - Path: Assets/Free Pack/URP/Materials/M_All_Banana_URP.mat - Importer: ScriptedImporter/UnityEditor.QuickSearchModule:UnityEditor.Search:ASIAI0B -> (ImportResultId: '7d5422969c2967328466ce10a97cfacb') in 0.0040032 seconds
[Worker1] Imported GUID: fe8ffe2ca55161d4bbc910d49ed10b83 - Path: Assets/Free Pack/URP/Prefabs/SM_Banana_URP.prefab - Importer: ScriptedImporter/UnityEditor.QuickSearchModule:UnityEditor.Search:ASIAI0B -> (ImportResultId: 'f878788f2ad823878bcfcd6930dbaeb8') in 0.0055063 seconds
[Worker1] Imported GUID: e8c470ca25a4f294697086daddb62a0f - Path: Assets/Free Pack/URP/Materials/M_Demo_Batch_01_URP.mat - Importer: ScriptedImporter/UnityEditor.QuickSearchModule:UnityEditor.Search:ASIAI0B -> (ImportResultId: '96cd3993a86abe9197eb2ba4b4414dac') in 0.0044627 seconds
[Worker2] Imported GUID: ea634f3b8c126ce41ba09c8d12b1bf3c - Path: Assets/Free Pack/URP/Prefabs/SM_Candle_stand_04_URP.prefab - Importer: ScriptedImporter/UnityEditor.QuickSearchModule:UnityEditor.Search:ASIAI0B -> (ImportResultId: '3ac34363254024bb92dbd7836882ee56') in 0.0066982 seconds
[Worker0] Imported GUID: 7651e1daf22853b4099456aa8464e41f - Path: Assets/Free Pack/HDRP/Textures/T_Table_V8_MaskMap.png - Importer: ScriptedImporter/UnityEditor.QuickSearchModule:UnityEditor.Search:ASIAI0B -> (ImportResultId: 'ea2ab8cb0a6e31998a04cb3fb7cc6d32') in 0.0097508 seconds
[Worker1] Imported GUID: 22f7c4d6b22aa29449b6f876092a9b72 - Path: Assets/Free Pack/URP/Materials/M_FC_RK_Batch_02_URP.mat - Importer: ScriptedImporter/UnityEditor.QuickSearchModule:UnityEditor.Search:ASIAI0B -> (ImportResultId: '6fe56276ac2a74e56749e620dec80e26') in 0.0045005 seconds
[Worker0] Imported GUID: 960166bf91515fd4c8cedbd3b61f3807 - Path: Assets/Free Pack/URP/Prefabs/SM_Spoon_02_URP.prefab - Importer: ScriptedImporter/UnityEditor.QuickSearchModule:UnityEditor.Search:ASIAI0B -> (ImportResultId: '499d08e0d71b4018f661dd9931a99d3d') in 0.00508 seconds
[Worker1] Imported GUID: 7c1a4b42470e7704ba10e5ebe02c925a - Path: Assets/Free Pack/URP/Materials/M_Batch_Small_01_URP.mat - Importer: ScriptedImporter/UnityEditor.QuickSearchModule:UnityEditor.Search:ASIAI0B -> (ImportResultId: '50f576e2044f09ad33b1596b8938bbd7') in 0.0041965 seconds
[Worker0] Imported GUID: 33b535f9574a3074ca0fd699ba463ad7 - Path: Assets/Free Pack/URP/Prefabs/SM_Cereal_box_URP.prefab - Importer: ScriptedImporter/UnityEditor.QuickSearchModule:UnityEditor.Search:ASIAI0B -> (ImportResultId: '567846d97dea5f6cd7f9cb311dc0ab8e') in 0.0046393 seconds
[Worker1] Imported GUID: 5e83a7fe10e9d2746b3ab707bc5c9637 - Path: Assets/Free Pack/URP/Prefabs/SM_Bottle_22_URP.prefab - Importer: ScriptedImporter/UnityEditor.QuickSearchModule:UnityEditor.Search:ASIAI0B -> (ImportResultId: 'b5549f11091d2cfc906fd5696220e01b') in 0.0048678 seconds
[Worker0] Imported GUID: 0678b31410a73ca4690928a52fd28e9f - Path: Assets/Free Pack/URP/Materials/M_Lab_Wall_URP.mat - Importer: ScriptedImporter/UnityEditor.QuickSearchModule:UnityEditor.Search:ASIAI0B -> (ImportResultId: '63c5abb3ad2cebec67d6881f54aa0883') in 0.0059998 seconds
[Worker1] Imported GUID: 6a8dfe6315e0fd749b1b47dd91de7173 - Path: Assets/Free Pack/URP/Materials/M_Jar_07_URP.mat - Importer: ScriptedImporter/UnityEditor.QuickSearchModule:UnityEditor.Search:ASIAI0B -> (ImportResultId: '39946b5a3fc34886ff683014ecfe2a35') in 0.0046571 seconds
[Worker0] Imported GUID: 4e7b8851ab21af64cb615894de87fd5f - Path: Assets/Free Pack/URP/Materials/M_Batch_Small_02_URP.mat - Importer: ScriptedImporter/UnityEditor.QuickSearchModule:UnityEditor.Search:ASIAI0B -> (ImportResultId: 'f8a74ecc76148191f74678f1b265c1e7') in 0.0042659 seconds
[Worker1] Imported GUID: ab892562c8523874e8f0497863556789 - Path: Assets/Free Pack/URP/Materials/M_EggplantDish_URP.mat - Importer: ScriptedImporter/UnityEditor.QuickSearchModule:UnityEditor.Search:ASIAI0B -> (ImportResultId: '8fbed8dabdd52822bdee695a292e7a2a') in 0.0036256 seconds
[Worker1] Imported GUID: 8ffe964568b2c734d9ed7396a308c941 - Path: Assets/Free Pack/URP/Prefabs/SM_Packet_11_URP.prefab - Importer: ScriptedImporter/UnityEditor.QuickSearchModule:UnityEditor.Search:ASIAI0B -> (ImportResultId: 'fbd653150d9b23f11e07901cb699ca52') in 0.0052605 seconds
[Worker0] Imported GUID: ea63a91df1601324c83463eb8b71b5d8 - Path: Assets/Free Pack/URP/Prefabs/SM_Coffee_cup_URP.prefab - Importer: ScriptedImporter/UnityEditor.QuickSearchModule:UnityEditor.Search:ASIAI0B -> (ImportResultId: '156ef296744bc39a78b0d8d27d6a8a1e') in 0.0058958 seconds
[Worker1] Imported GUID: 97f5b611e51b4e440ae2254b9f8d208c - Path: Assets/Free Pack/URP/Materials/M_CS_Batch_01_URP.mat - Importer: ScriptedImporter/UnityEditor.QuickSearchModule:UnityEditor.Search:ASIAI0B -> (ImportResultId: 'd9c46232aa3b525c4faa882edaae4b8d') in 0.0048618 seconds
[Worker0] Imported GUID: 995c40044916ceb4294aaa912e5767e2 - Path: Assets/Free Pack/URP/Prefabs/SM_Candle_stand_05_URP.prefab - Importer: ScriptedImporter/UnityEditor.QuickSearchModule:UnityEditor.Search:ASIAI0B -> (ImportResultId: 'a594dee4848959691c7764a276080243') in 0.0049917 seconds
[Worker1] Imported GUID: 8dd31f1293603f544850371d59b1d330 - Path: Assets/Free Pack/URP/Prefabs/SM_Mug_02_URP.prefab - Importer: ScriptedImporter/UnityEditor.QuickSearchModule:UnityEditor.Search:ASIAI0B -> (ImportResultId: 'f716c5c768721737b3847014e2c2efdc') in 0.0043475 seconds
[Worker0] Imported GUID: d00e4641b2c04d14b861e8acd9d90ee9 - Path: Assets/Free Pack/URP/Prefabs/SM_Chickenfull_URP.prefab - Importer: ScriptedImporter/UnityEditor.QuickSearchModule:UnityEditor.Search:ASIAI0B -> (ImportResultId: '73b2c6c53053bf5360ef2fcd6c666c33') in 0.0055036 seconds
[Worker1] Imported GUID: 58563acfb165e2142aa4bfac78e21fdd - Path: Assets/Free Pack/URP/Prefabs/SM_Plate_URP.prefab - Importer: ScriptedImporter/UnityEditor.QuickSearchModule:UnityEditor.Search:ASIAI0B -> (ImportResultId: '93b1c001ae8db013709d364b7b69e66f') in 0.0052954 seconds
[Worker0] Imported GUID: 8c5a70adea5f1044d81a5920cb5da141 - Path: Assets/Free Pack/URP/Prefabs/SM_CS_Chair_01_URP.prefab - Importer: ScriptedImporter/UnityEditor.QuickSearchModule:UnityEditor.Search:ASIAI0B -> (ImportResultId: '444ff5f582b8925244acbbbc5b0d7c92') in 0.0055787 seconds
[Worker1] Imported GUID: 4ff3eb2ff0fa61c4b93b31a4885f9cc1 - Path: Assets/Free Pack/URP/Materials/M_Dishes_URP.mat - Importer: ScriptedImporter/UnityEditor.QuickSearchModule:UnityEditor.Search:ASIAI0B -> (ImportResultId: '4eb3fb765ad4a0fe28cd19174bf18619') in 0.0039306 seconds
[Worker2] Imported GUID: 8d328164188199f4c84d7290cb8a6d76 - Path: Assets/Free Pack/URP/Prefabs/SM_Packet_16_URP.prefab - Importer: ScriptedImporter/UnityEditor.QuickSearchModule:UnityEditor.Search:ASIAI0B -> (ImportResultId: '802d1a80072c874e18a3ce7204317f47') in 0.1048929 seconds
[Worker2] Imported GUID: 54407f5deee4439eb1885bee01956e9c - Path: Packages/com.unity.multiplayer.center/Editor/Analytics/AnalyticsUtils.cs - Importer: ScriptedImporter/UnityEditor.QuickSearchModule:UnityEditor.Search:ASIAI0B -> (ImportResultId: '2b8568edb71888ca37d39f287fb0c5e3') in 0.0055144 seconds
[Worker1] Imported GUID: 833328f3bcf144cc94f92e286e86b427 - Path: Packages/com.unity.multiplayer.center/Common/IOnboardingSectionAnalyticsProvider.cs - Importer: ScriptedImporter/UnityEditor.QuickSearchModule:UnityEditor.Search:ASIAI0B -> (ImportResultId: 'a9d4bfb05b134de01adaa8b85cf97e7d') in 0.0056193 seconds
[Worker0] Imported GUID: 1bd8e2f47a6c4478ab8f0ade7687e79b - Path: Packages/com.unity.multiplayer.center/Common/IOnboardingSection.cs - Importer: ScriptedImporter/UnityEditor.QuickSearchModule:UnityEditor.Search:ASIAI0B -> (ImportResultId: '607b2178e69ad688b7bafc50c0005986') in 0.0059316 seconds
[Worker0] Imported GUID: 0a9ab22e4e004c7db707338bccb538b9 - Path: Packages/com.unity.multiplayer.center/Common/Preset.cs - Importer: ScriptedImporter/UnityEditor.QuickSearchModule:UnityEditor.Search:ASIAI0B -> (ImportResultId: 'beb496365b731c5a7b6b6a7da424b4c1') in 0.0033394 seconds
[Worker1] Imported GUID: 222fc39b0c85d800342910da2cd64781 - Path: Packages/com.unity.modules.assetbundle/package.ModuleCompilationTrigger - Importer: ScriptedImporter/UnityEditor.QuickSearchModule:UnityEditor.Search:ASIAI0B -> (ImportResultId: '5173268719b96a960e3cc97a07b639f8') in 0.0035083 seconds
[Worker2] Imported GUID: 4f0f9b9f3ed97ad2b9ba8f1a8e4666c2 - Path: Packages/com.unity.modules.uielements/package.json - Importer: ScriptedImporter/UnityEditor.QuickSearchModule:UnityEditor.Search:ASIAI0B -> (ImportResultId: '16abf96236011f67a62a77d609c2b1b0') in 0.0041661 seconds
[Worker0] Imported GUID: 50d5ff9fe4ab4477b7ea648da183e9d1 - Path: Packages/com.unity.multiplayer.center/Common/StyleConstants.cs - Importer: ScriptedImporter/UnityEditor.QuickSearchModule:UnityEditor.Search:ASIAI0B -> (ImportResultId: 'ed1740e8208fc61363e164b35d6778e3') in 0.0038134 seconds
[Worker1] Imported GUID: 70554f6c9e4114e1084bb38f9ea400ce - Path: Packages/com.unity.multiplayer.center/LICENSE.md - Importer: ScriptedImporter/UnityEditor.QuickSearchModule:UnityEditor.Search:ASIAI0B -> (ImportResultId: '9650009afa0fbbdc6954b66484d0c224') in 0.0042028 seconds
[Worker2] Imported GUID: ae87256f29d9c8b50490f4caf75b2c41 - Path: Packages/com.unity.modules.unitywebrequestwww/package.ModuleCompilationTrigger - Importer: ScriptedImporter/UnityEditor.QuickSearchModule:UnityEditor.Search:ASIAI0B -> (ImportResultId: 'd9bb4a5c2b27c4648b63e4705ea9e8f5') in 0.003977 seconds
[Worker0] Imported GUID: 676a3852811f4199813ce7f6dbac6880 - Path: Packages/com.unity.multiplayer.center/Editor/Features/PackageManagement.cs - Importer: ScriptedImporter/UnityEditor.QuickSearchModule:UnityEditor.Search:ASIAI0B -> (ImportResultId: '38a2b96ddb0ccd4d8e18045348022af1') in 0.0048756 seconds
[Worker1] Imported GUID: 052c764978664486a9c04518899ddf57 - Path: Packages/com.unity.multiplayer.center/Editor/MultiplayerCenterWindow/RecommendationTabView.cs - Importer: ScriptedImporter/UnityEditor.QuickSearchModule:UnityEditor.Search:ASIAI0B -> (ImportResultId: 'ab7787161e7c87b93ca876e4b70883ed') in 0.0048131 seconds
[Worker2] Imported GUID: a31a332ce3485f00f7df8d987302a29c - Path: Packages/com.unity.modules.unitywebrequesttexture/package.ModuleCompilationTrigger - Importer: ScriptedImporter/UnityEditor.QuickSearchModule:UnityEditor.Search:ASIAI0B -> (ImportResultId: '75f22b51f19a08fdd3dff46ef9243420') in 0.005601 seconds
[Worker0] Imported GUID: c8f6fa942856442b8bd72594d3ce7363 - Path: Packages/com.unity.multiplayer.center/Third Party Notices.md - Importer: ScriptedImporter/UnityEditor.QuickSearchModule:UnityEditor.Search:ASIAI0B -> (ImportResultId: 'e2d2897dc3d95bb5c424ea0572444b12') in 0.0048474 seconds
[Worker2] Imported GUID: 14e86f88e9a8c9c448d7e7df92f2aeec - Path: Packages/com.unity.modules.physicscore2d/package.ModuleCompilationTrigger - Importer: ScriptedImporter/UnityEditor.QuickSearchModule:UnityEditor.Search:ASIAI0B -> (ImportResultId: '1c89f8219de166c0d220f3044baa0613') in 0.0042056 seconds
[Worker1] Imported GUID: d3cbe921f7b3d9a3257e7c61a5761796 - Path: Packages/com.unity.modules.terrainphysics/package.json - Importer: ScriptedImporter/UnityEditor.QuickSearchModule:UnityEditor.Search:ASIAI0B -> (ImportResultId: 'ce02cdf2291ba9ab33da2c54eadbb9d9') in 0.0051067 seconds
[Worker0] Imported GUID: 51566b3736df4282bbe76645014b0cc5 - Path: Packages/com.unity.multiplayer.center/Editor/AssemblyInfo.cs - Importer: ScriptedImporter/UnityEditor.QuickSearchModule:UnityEditor.Search:ASIAI0B -> (ImportResultId: '03bf2469e0588ee48c810316d9e41e13') in 0.004664 seconds
[Worker2] Imported GUID: 4cee1dc929764056ac40ece91efef712 - Path: Packages/com.unity.multiplayer.center/Editor/Analytics/AnalyticsData.cs - Importer: ScriptedImporter/UnityEditor.QuickSearchModule:UnityEditor.Search:ASIAI0B -> (ImportResultId: '249565432c9a8d6e2bab517bec20ff57') in 0.0046789 seconds
[Worker0] Imported GUID: d0e3ad91972c66f5238f5b9b7d5ae58a - Path: Packages/com.unity.modules.unitywebrequesttexture/package.json - Importer: ScriptedImporter/UnityEditor.QuickSearchModule:UnityEditor.Search:ASIAI0B -> (ImportResultId: 'a05055ee2dede2e759b379fcfc758395') in 0.0050901 seconds
[Worker2] Imported GUID: 3bbd27b3dd7be4a74aeab8da6b0af5cc - Path: Packages/com.unity.multiplayer.center/CHANGELOG.md - Importer: ScriptedImporter/UnityEditor.QuickSearchModule:UnityEditor.Search:ASIAI0B -> (ImportResultId: 'a8c6c9dcb2eca9b52006b2cb744f855d') in 0.0046626 seconds
[Worker1] Imported GUID: 03a69a22d4c621046a8da469f775bc98 - Path: Assets/Mini Chibi Free Demo/Models/mini chibi animations/Mini Chibi Animator Controller.controller - Importer: ScriptedImporter/UnityEditor.QuickSearchModule:UnityEditor.Search:ASIAI0B -> (ImportResultId: 'eb0234fe5e000f5e31ca31f02cd7715d') in 0.0120645 seconds
[Worker0] Imported GUID: 42fe78c8fe682715a2cb531422e6ccb3 - Path: Packages/com.unity.modules.imgui/package.json - Importer: ScriptedImporter/UnityEditor.QuickSearchModule:UnityEditor.Search:ASIAI0B -> (ImportResultId: '9055d9a637f4c92975fd09aba28660f9') in 0.0046871 seconds
[Worker1] Imported GUID: e6a135e3ea9cb46795d1b0e05ac3e1e5 - Path: Packages/com.unity.modules.jsonserialize/package.ModuleCompilationTrigger - Importer: ScriptedImporter/UnityEditor.QuickSearchModule:UnityEditor.Search:ASIAI0B -> (ImportResultId: 'bf9819f05351c676733123d07a614e30') in 0.0035565 seconds
[Worker2] Imported GUID: 407619c5c19a54982b3880b5a085c597 - Path: Assets/Mini Chibi Free Demo/Readme/Icons/Readme_Builder.png - Importer: ScriptedImporter/UnityEditor.QuickSearchModule:UnityEditor.Search:ASIAI0B -> (ImportResultId: '590482d250258f08aee75e4ed94cb771') in 0.0072006 seconds
[Worker0] Imported GUID: 8bce0b24c28e45d884acfcf49a3b8945 - Path: Packages/com.unity.multiplayer.center/Editor/Analytics/MultiplayerCenterAnalyticsFactory.cs - Importer: ScriptedImporter/UnityEditor.QuickSearchModule:UnityEditor.Search:ASIAI0B -> (ImportResultId: '5a579a0dc8578aac09274c8fd4ea2b49') in 0.0040196 seconds
[Worker2] Imported GUID: 23032f4383e95e772bce465c5896d0fd - Path: Packages/com.unity.modules.terrain/package.ModuleCompilationTrigger - Importer: ScriptedImporter/UnityEditor.QuickSearchModule:UnityEditor.Search:ASIAI0B -> (ImportResultId: '816a5d7f86fc7aed23002f14ee4221fe') in 0.004347 seconds
[Worker1] Imported GUID: a186f8a87ca4f4d3aa864638ad5dfb65 - Path: Assets/Mini Chibi Free Demo/Readme/Icons/Help_Icon.png - Importer: ScriptedImporter/UnityEditor.QuickSearchModule:UnityEditor.Search:ASIAI0B -> (ImportResultId: '07ef5b4d35443f9b8cf19a262086a9fa') in 0.0066701 seconds
[Worker0] Imported GUID: 8a752aaaadd2410dd9a84e01c1bace9f - Path: Packages/com.unity.modules.uielements/package.ModuleCompilationTrigger - Importer: ScriptedImporter/UnityEditor.QuickSearchModule:UnityEditor.Search:ASIAI0B -> (ImportResultId: '9f0f9ef54e6c14278115d5b08c26f580') in 0.003858 seconds
[Worker1] Imported GUID: be13c398521e3c1ad21fb9da30ab2ab6 - Path: Packages/com.unity.modules.imgui/package.ModuleCompilationTrigger - Importer: ScriptedImporter/UnityEditor.QuickSearchModule:UnityEditor.Search:ASIAI0B -> (ImportResultId: '27b54d31b97954205dafbdcf27865625') in 0.003827 seconds
[Worker0] Imported GUID: 89b6d933e4994d0980f6b48dc2b8779c - Path: Packages/com.unity.multiplayer.center/Common/AnswerData.cs - Importer: ScriptedImporter/UnityEditor.QuickSearchModule:UnityEditor.Search:ASIAI0B -> (ImportResultId: '4225ba30c42b464813d99a068c1e2d35') in 0.0037584 seconds
[Worker2] Imported GUID: 6d56244f8c39a851975d3c0bd432c66f - Path: Packages/com.unity.modules.terrain/package.json - Importer: ScriptedImporter/UnityEditor.QuickSearchModule:UnityEditor.Search:ASIAI0B -> (ImportResultId: '951533012b39c6c6642493537b3c4aab') in 0.0075217 seconds
[Worker0] Imported GUID: e9df95f53f1c1d0c9199e235d6c42b50 - Path: Packages/com.unity.modules.audio/package.json - Importer: ScriptedImporter/UnityEditor.QuickSearchModule:UnityEditor.Search:ASIAI0B -> (ImportResultId: '9455091c8b7e937c3590bf3ccfc870d4') in 0.0035477 seconds
[Worker1] Imported GUID: e1ef8466c8fd01a549f10baa4d51fa17 - Path: Packages/com.unity.modules.assetbundle/package.json - Importer: ScriptedImporter/UnityEditor.QuickSearchModule:UnityEditor.Search:ASIAI0B -> (ImportResultId: '11b438446607573b846a9d0c63182bf2') in 0.0045438 seconds
[Worker2] Imported GUID: 2c814623cb42764d304be0c5ddd03ceb - Path: Packages/com.unity.modules.xr/package.json - Importer: ScriptedImporter/UnityEditor.QuickSearchModule:UnityEditor.Search:ASIAI0B -> (ImportResultId: '1714381a13731fd6a0879c4981ad428c') in 0.004381 seconds
[Worker0] Imported GUID: c359bcaf4a0bc4040aac650bf14ec619 - Path: Packages/com.unity.multiplayer.center/README.md - Importer: ScriptedImporter/UnityEditor.QuickSearchModule:UnityEditor.Search:ASIAI0B -> (ImportResultId: '4d7748ce9b2ca58865fff8488931a955') in 0.0032951 seconds
[Worker1] Imported GUID: 553737203d61a8109f9544a97201e1aa - Path: Packages/com.unity.modules.unitywebrequestaudio/package.ModuleCompilationTrigger - Importer: ScriptedImporter/UnityEditor.QuickSearchModule:UnityEditor.Search:ASIAI0B -> (ImportResultId: '60b46072fb3d86a442d8aa2c9dd1a302') in 0.0032331 seconds
[Worker2] Imported GUID: c7a8b0317f4e68556d7509828e9e211e - Path: Packages/com.unity.modules.xr/package.ModuleCompilationTrigger - Importer: ScriptedImporter/UnityEditor.QuickSearchModule:UnityEditor.Search:ASIAI0B -> (ImportResultId: 'aff30874c418c430efca9bdde11e7ccd') in 0.0035925 seconds
[Worker0] Imported GUID: 185e678d90804a8a85ab38276eca86fb - Path: Packages/com.unity.multiplayer.center/Editor/Analytics/MultiplayerCenterAnalytics.cs - Importer: ScriptedImporter/UnityEditor.QuickSearchModule:UnityEditor.Search:ASIAI0B -> (ImportResultId: '6b5f18c56a14ddb475e377f2bc9ea597') in 0.0039703 seconds
[Worker1] Imported GUID: 80beef77cb19e713c7c2d481b65ed485 - Path: Packages/com.unity.modules.screencapture/package.json - Importer: ScriptedImporter/UnityEditor.QuickSearchModule:UnityEditor.Search:ASIAI0B -> (ImportResultId: '4a3fcf1c6d001d4b06eb578f28c0e955') in 0.0043062 seconds
[Worker2] Imported GUID: df0857f6a11054383be91b1f8e1b5800 - Path: Packages/com.unity.multiplayer.center/package.json - Importer: ScriptedImporter/UnityEditor.QuickSearchModule:UnityEditor.Search:ASIAI0B -> (ImportResultId: '3292e62bddde1e40d7ee39165baf2823') in 0.0045111 seconds
[Worker0] Imported GUID: be17709716f1648caa5de6d0c38103ed - Path: Packages/com.unity.multiplayer.center/Editor/Unity.Multiplayer.Center.Editor.asmdef - Importer: ScriptedImporter/UnityEditor.QuickSearchModule:UnityEditor.Search:ASIAI0B -> (ImportResultId: 'c839cf791c729d2763112d4c59a0fb2c') in 0.0040159 seconds
[Worker1] Imported GUID: d1084186a4004823abee9b87c8ddf198 - Path: Packages/com.unity.multiplayer.center/Editor/MultiplayerCenterWindow/RecommendationViewBottomBar.cs - Importer: ScriptedImporter/UnityEditor.QuickSearchModule:UnityEditor.Search:ASIAI0B -> (ImportResultId: 'dee04b2cda5df830b8b301be6d51a58d') in 0.0040213 seconds
[Worker2] Imported GUID: d85e5eeaf8f135aeaaebdc8aa3cff6c3 - Path: Packages/com.unity.modules.umbra/package.json - Importer: ScriptedImporter/UnityEditor.QuickSearchModule:UnityEditor.Search:ASIAI0B -> (ImportResultId: '7e8d23110195cc72b116354366774c1a') in 0.0040255 seconds
[Worker0] Imported GUID: 84abd2ab34a74600a33a3bb9d72859fe - Path: Packages/com.unity.multiplayer.center/Common/Unity.Multiplayer.Center.Common.asmdef - Importer: ScriptedImporter/UnityEditor.QuickSearchModule:UnityEditor.Search:ASIAI0B -> (ImportResultId: '178ebc5c1dddca1d09ba86d0930c9099') in 0.0041012 seconds
[Worker1] Imported GUID: 4b518b37798c97b0f860962cbf615533 - Path: Packages/com.unity.modules.unitywebrequestaudio/package.json - Importer: ScriptedImporter/UnityEditor.QuickSearchModule:UnityEditor.Search:ASIAI0B -> (ImportResultId: '0c0ea509987216044d8af994d1c29be4') in 0.0040736 seconds
[Worker2] Imported GUID: ec737041edec4a5b93f7953a6ffe9f06 - Path: Packages/com.unity.multiplayer.center/Common/SelectedSolutionsData.cs - Importer: ScriptedImporter/UnityEditor.QuickSearchModule:UnityEditor.Search:ASIAI0B -> (ImportResultId: 'ac971ae6e26649faa37f809b0d361151') in 0.0033945 seconds
[Worker0] Imported GUID: b5930dbc378b45d406aeb881f06b6dfa - Path: Packages/com.unity.modules.physicscore2d/package.json - Importer: ScriptedImporter/UnityEditor.QuickSearchModule:UnityEditor.Search:ASIAI0B -> (ImportResultId: 'cca035f5364ca1307df5460b9adb4101') in 0.0035775 seconds
[Worker1] Imported GUID: a1c42005fe7c5d78585a77ce396a5eea - Path: Packages/com.unity.modules.tilemap/package.ModuleCompilationTrigger - Importer: ScriptedImporter/UnityEditor.QuickSearchModule:UnityEditor.Search:ASIAI0B -> (ImportResultId: 'fe19b978341c39521b355c5df4587a4f') in 0.0034388 seconds
[Worker2] Imported GUID: e9faa4a7023c43c5805642250c703f48 - Path: Packages/com.unity.multiplayer.center/Editor/Analytics/OnboardingSectionAnalyticsProvider.cs - Importer: ScriptedImporter/UnityEditor.QuickSearchModule:UnityEditor.Search:ASIAI0B -> (ImportResultId: 'dbb748c431a34b11c9e119d358635271') in 0.0036039 seconds
[Worker0] Imported GUID: cbb1a39d56ce4d9ac1a46ac505893fa7 - Path: Packages/com.unity.modules.terrainphysics/package.ModuleCompilationTrigger - Importer: ScriptedImporter/UnityEditor.QuickSearchModule:UnityEditor.Search:ASIAI0B -> (ImportResultId: '4005b4d5e9807bcb77942238918d8b8c') in 0.0037472 seconds
[Worker1] Imported GUID: cd561f5f687aed43bf280c27a84f79e3 - Path: Packages/com.unity.modules.screencapture/package.ModuleCompilationTrigger - Importer: ScriptedImporter/UnityEditor.QuickSearchModule:UnityEditor.Search:ASIAI0B -> (ImportResultId: 'f3698d9a2cae8f07d6f3bd19011765ca') in 0.0038832 seconds
[Worker2] Imported GUID: 1b6246f2248883964991eac9e9b4817c - Path: Packages/com.unity.modules.umbra/package.ModuleCompilationTrigger - Importer: ScriptedImporter/UnityEditor.QuickSearchModule:UnityEditor.Search:ASIAI0B -> (ImportResultId: '38b482d02f8f8f95a0ca946fd4563408') in 0.0038368 seconds
[Worker0] Imported GUID: 40bf3cec17fa0b49fe04443c8332d638 - Path: Packages/com.unity.modules.jsonserialize/package.json - Importer: ScriptedImporter/UnityEditor.QuickSearchModule:UnityEditor.Search:ASIAI0B -> (ImportResultId: 'cea48dd96984d3b4cdb8db3e148d7ae4') in 0.0034713 seconds
[Worker1] Imported GUID: 042dc296246916648e55a43d0eeb2036 - Path: Packages/com.unity.modules.audio/package.ModuleCompilationTrigger - Importer: ScriptedImporter/UnityEditor.QuickSearchModule:UnityEditor.Search:ASIAI0B -> (ImportResultId: '716015f2704eaf338dceaebeba56d077') in 0.0038778 seconds
[Worker2] Imported GUID: dd20f32039084a12a8e48dffd4d58f48 - Path: Packages/com.unity.multiplayer.center/Editor/Analytics/DebugAnalytics.cs - Importer: ScriptedImporter/UnityEditor.QuickSearchModule:UnityEditor.Search:ASIAI0B -> (ImportResultId: 'c60deb6bcef31e4e1ec2f591b6f8984c') in 0.0035189 seconds
[Worker0] Imported GUID: 71136fc5cf34f2cc10be0e33c0b08019 - Path: Packages/com.unity.modules.unityanalytics/package.ModuleCompilationTrigger - Importer: ScriptedImporter/UnityEditor.QuickSearchModule:UnityEditor.Search:ASIAI0B -> (ImportResultId: 'c78f320794d97a38b9363f9473b744bc') in 0.0029669 seconds
[Worker1] Imported GUID: fa27413e9edb06a6058d6c894eca0338 - Path: Packages/com.unity.modules.unitywebrequestwww/package.json - Importer: ScriptedImporter/UnityEditor.QuickSearchModule:UnityEditor.Search:ASIAI0B -> (ImportResultId: 'ead8a9aa7109d7708acd4711407ba5d4') in 0.0033986 seconds
[Worker2] Imported GUID: 26a4f29db434fd79025c91f6126382cc - Path: Packages/com.unity.modules.unityanalytics/package.json - Importer: ScriptedImporter/UnityEditor.QuickSearchModule:UnityEditor.Search:ASIAI0B -> (ImportResultId: 'e5cb2afc6272e2eccfcef6fe28218042') in 0.0039701 seconds
[Worker0] Imported GUID: 7e006510f5f4425ca971c7de0bfbb77a - Path: Packages/com.unity.multiplayer.center/Editor/MultiplayerCenterWindow/MultiplayerCenterWindow.cs - Importer: ScriptedImporter/UnityEditor.QuickSearchModule:UnityEditor.Search:ASIAI0B -> (ImportResultId: '3941f59aac9128b12fd487cacf0fd3c7') in 0.0039322 seconds
[Worker1] Imported GUID: fdefed6b790f4373b0feb7d25854d8ac - Path: Packages/com.unity.multiplayer.center/Editor/MultiplayerCenterWindow/TabGroup.cs - Importer: ScriptedImporter/UnityEditor.QuickSearchModule:UnityEditor.Search:ASIAI0B -> (ImportResultId: '4a8023f5a3265e86d9143099e15ebb03') in 0.0030373 seconds
[Worker2] Imported GUID: 92a378669877c05c6071d0fed687bb95 - Path: Packages/com.unity.modules.tilemap/package.json - Importer: ScriptedImporter/UnityEditor.QuickSearchModule:UnityEditor.Search:ASIAI0B -> (ImportResultId: '2726977a4b45408e515174cdd34b88d8') in 0.003652 seconds
[Worker1] Imported GUID: ca560c7d2a0d4453a50ec4f704ce9ce1 - Path: Packages/com.unity.multiplayer.center/Tests/Editor/UtilsForRecommendationTests.cs - Importer: ScriptedImporter/UnityEditor.QuickSearchModule:UnityEditor.Search:ASIAI0B -> (ImportResultId: 'c6fba845de4d546f9b0cbfa434257fb9') in 0.0034681 seconds
[Worker2] Imported GUID: 157e1606dfbd48dda6f01acbf49435b0 - Path: Packages/com.unity.multiplayer.center/Editor/MultiplayerCenterWindow/UI/QuestionSection.cs - Importer: ScriptedImporter/UnityEditor.QuickSearchModule:UnityEditor.Search:ASIAI0B -> (ImportResultId: '7b7523521f84a1a5231358ac57276ae3') in 0.0035369 seconds
[Worker0] Imported GUID: 525a6cca8dd9a4d28875a8fe824710d9 - Path: Packages/com.unity.multiplayer.center/Editor/MultiplayerCenterWindow/UI/Icons/d_Package.png - Importer: ScriptedImporter/UnityEditor.QuickSearchModule:UnityEditor.Search:ASIAI0B -> (ImportResultId: 'a1b8f1134a5cd1ac7d46b4ef1807a49c') in 0.0057245 seconds
[Worker1] Imported GUID: 29cbd1c6a8c9419aac357b8d4edbdc84 - Path: Packages/com.unity.multiplayer.center/Tests/Editor/QuickstartTabTests.cs - Importer: ScriptedImporter/UnityEditor.QuickSearchModule:UnityEditor.Search:ASIAI0B -> (ImportResultId: '5ea4ed18501e50e89cb61dbb5579be4e') in 0.0032523 seconds
[Worker2] Imported GUID: 3595bcaa1af84e6d92e07f0258a4256c - Path: Packages/com.unity.multiplayer.center/Editor/Questionnaire/PresetData.cs - Importer: ScriptedImporter/UnityEditor.QuickSearchModule:UnityEditor.Search:ASIAI0B -> (ImportResultId: 'e1bbe8e8cc2f3625c4762b954359fa87') in 0.0036341 seconds
[Worker1] Imported GUID: cfc5ccd4416341629caf73dd3e318aac - Path: Packages/com.unity.multiplayer.center/Tests/Editor/UtilsForMultiplayerCenterTests.cs - Importer: ScriptedImporter/UnityEditor.QuickSearchModule:UnityEditor.Search:ASIAI0B -> (ImportResultId: '97f982243a9001c34de0c5dc4ddc09d7') in 0.0041786 seconds
[Worker2] Imported GUID: 1c3db2c484234a94a19c3acdc2539575 - Path: Packages/com.unity.multiplayer.center/Editor/MultiplayerCenterWindow/UI/StyleClasses.cs - Importer: ScriptedImporter/UnityEditor.QuickSearchModule:UnityEditor.Search:ASIAI0B -> (ImportResultId: 'e898602dddd460b91278aee3343a1a45') in 0.0042598 seconds
[Worker0] Imported GUID: dab91f148d99946e7b3c3a87ecf4b973 - Path: Packages/com.unity.multiplayer.center/Editor/MultiplayerCenterWindow/UI/Icons/d_Loading.png - Importer: ScriptedImporter/UnityEditor.QuickSearchModule:UnityEditor.Search:ASIAI0B -> (ImportResultId: '5d9bf6a41c7c8f97147d9455144a2ab2') in 0.0069724 seconds
[Worker0] Imported GUID: d7711b0cc806d430b8a95f1e33ec3649 - Path: Packages/com.unity.multiplayer.center/Editor/MultiplayerCenterWindow/UI/Icons/CustomNetcode@2x.png - Importer: ScriptedImporter/UnityEditor.QuickSearchModule:UnityEditor.Search:ASIAI0B -> (ImportResultId: '9909350343fc5de4cab0ba4418ae5690') in 0.0055983 seconds
[Worker1] Imported GUID: ad1d29f4654194951a3c8bf507914d05 - Path: Packages/com.unity.multiplayer.center/Editor/MultiplayerCenterWindow/UI/Icons/CloudCode.png - Importer: ScriptedImporter/UnityEditor.QuickSearchModule:UnityEditor.Search:ASIAI0B -> (ImportResultId: 'e572a2ac2488dbee7e011f72bca58c24') in 0.0069755 seconds
[Worker0] Imported GUID: 7ca5cd79ef39442e599efb761abcbaac - Path: Packages/com.unity.multiplayer.center/Editor/Questionnaire/QuestionnaireData.cs - Importer: ScriptedImporter/UnityEditor.QuickSearchModule:UnityEditor.Search:ASIAI0B -> (ImportResultId: '1db567c1f41be98b41a9893f1d56f5ac') in 0.0031605 seconds
[Worker1] Imported GUID: 787ec048daec145b580d1134da5dd278 - Path: Packages/com.unity.multiplayer.center/Tests/Editor/Unity.Multiplayer.Center.Editor.Tests.asmdef - Importer: ScriptedImporter/UnityEditor.QuickSearchModule:UnityEditor.Search:ASIAI0B -> (ImportResultId: '447f91431dcdbfbf7358d6b3ebb7e893') in 0.0037985 seconds
[Worker0] Imported GUID: c2c1cf24bea5410ea530b2c8a875b293 - Path: Packages/com.unity.multiplayer.center/Tests/Editor/AnalyticsUtilsTests.cs - Importer: ScriptedImporter/UnityEditor.QuickSearchModule:UnityEditor.Search:ASIAI0B -> (ImportResultId: 'b5a5f436d0914d094829a52acc0d3022') in 0.0034391 seconds
[Worker1] Imported GUID: 0d9328c739784454ad03d404f395a0ab - Path: Packages/com.unity.multiplayer.center/Editor/MultiplayerCenterWindow/UI/ViewUtils.cs - Importer: ScriptedImporter/UnityEditor.QuickSearchModule:UnityEditor.Search:ASIAI0B -> (ImportResultId: '9aabb80ab6b46ddbeb1afd62cc1858c6') in 0.004415 seconds
[Worker0] Imported GUID: 36b51591e13f48b5bed734724d149fb4 - Path: Packages/com.unity.multiplayer.center/Tests/Editor/RecommendationAnalyticsTests.cs - Importer: ScriptedImporter/UnityEditor.QuickSearchModule:UnityEditor.Search:ASIAI0B -> (ImportResultId: '84617e42519e8fa4c9730851c10bfa7e') in 0.0029164 seconds
[Worker1] Imported GUID: 8110dd6ddbc04e58b50978562ce0c00a - Path: Packages/com.unity.multiplayer.center/Tests/Editor/ExpectedPresetRecommendations.cs - Importer: ScriptedImporter/UnityEditor.QuickSearchModule:UnityEditor.Search:ASIAI0B -> (ImportResultId: '48acd4cd36967268feb84119bf469ce8') in 0.0035137 seconds
[Worker0] Imported GUID: fcbb62ff857b4cf49e74f5f9aca6e8d6 - Path: Packages/com.unity.multiplayer.center/Editor/OnBoarding/SectionsFinder.cs - Importer: ScriptedImporter/UnityEditor.QuickSearchModule:UnityEditor.Search:ASIAI0B -> (ImportResultId: '41b196912ca518d48f646aadd47f8e3f') in 0.0034047 seconds
[Worker2] Imported GUID: f1ac2efb1bcd4dfd95dc196ed3c11367 - Path: Packages/com.unity.multiplayer.center/Editor/MultiplayerCenterWindow/UI/light.uss - Importer: ScriptedImporter/UnityEditor.QuickSearchModule:UnityEditor.Search:ASIAI0B -> (ImportResultId: 'bfa6569aa2cb36554b584dc76ba960ca') in 0.0215311 seconds
[Worker0] Imported GUID: 6cfa81557736450abfb73264580451c1 - Path: Packages/com.unity.multiplayer.center/Tests/Editor/SectionHeaderTests.cs - Importer: ScriptedImporter/UnityEditor.QuickSearchModule:UnityEditor.Search:ASIAI0B -> (ImportResultId: '8940d2c7f2311290784f09608914ee7d') in 0.0038412 seconds
[Worker1] Imported GUID: 1b4c88814ec6241eb8e327515399c006 - Path: Packages/com.unity.multiplayer.center/Editor/MultiplayerCenterWindow/UI/Icons/d_PackageManager.png - Importer: ScriptedImporter/UnityEditor.QuickSearchModule:UnityEditor.Search:ASIAI0B -> (ImportResultId: 'ae92fdf763b34121f9d06c1bedb5b38f') in 0.0060503 seconds
[Worker2] Imported GUID: 52a77c59214a4cb5a43fc7b0e097d832 - Path: Packages/com.unity.multiplayer.center/Editor/Recommendations/RecommendationUtils.cs - Importer: ScriptedImporter/UnityEditor.QuickSearchModule:UnityEditor.Search:ASIAI0B -> (ImportResultId: '7c0c9edb05f030dbee76d63c95397d01') in 0.0041973 seconds
[Worker0] Imported GUID: c3d3226643b94888b02e25de0a9de55f - Path: Packages/com.unity.multiplayer.center/Tests/Editor/UserVisibleTextTests.cs - Importer: ScriptedImporter/UnityEditor.QuickSearchModule:UnityEditor.Search:ASIAI0B -> (ImportResultId: '257827872d876bad29dd74431867822f') in 0.0034544 seconds
[Worker1] Imported GUID: a1c995459c0d418c88dd274e04840c5d - Path: Packages/com.unity.multiplayer.center/Editor/Recommendations/RecommenderSystem.cs - Importer: ScriptedImporter/UnityEditor.QuickSearchModule:UnityEditor.Search:ASIAI0B -> (ImportResultId: '3fadb1ad44e8ee1b6acf2304c2f7a7b9') in 0.0032109 seconds
[Worker2] Imported GUID: e4439b4b4bb24a5eb61c59c5a67aa5a0 - Path: Packages/com.unity.multiplayer.center/Editor/MultiplayerCenterWindow/UI/QuestionViewFactory.cs - Importer: ScriptedImporter/UnityEditor.QuickSearchModule:UnityEditor.Search:ASIAI0B -> (ImportResultId: '94c0fcf25279ce1fb71d1f3a0d389751') in 0.003308 seconds
[Worker1] Imported GUID: 0ddc3b8a12c84454b04e4d6bdd88241c - Path: Packages/com.unity.multiplayer.center/Editor/Recommendations/RecommendationViewData.cs - Importer: ScriptedImporter/UnityEditor.QuickSearchModule:UnityEditor.Search:ASIAI0B -> (ImportResultId: '829fc7b08a680352a2047b13aaad6c15') in 0.0032031 seconds
[Worker2] Imported GUID: d2c2caab1f2642afa6c07dec054fd34f - Path: Packages/com.unity.multiplayer.center/Editor/OnBoarding/GettingStartedTabView.cs - Importer: ScriptedImporter/UnityEditor.QuickSearchModule:UnityEditor.Search:ASIAI0B -> (ImportResultId: '7fafd013296ad919a8e51ea069365134') in 0.0031903 seconds
[Worker0] Imported GUID: 38b78df4a34c94fa6a52c90239606ff1 - Path: Packages/com.unity.multiplayer.center/Editor/MultiplayerCenterWindow/UI/Icons/DedicatedServer@2x.png - Importer: ScriptedImporter/UnityEditor.QuickSearchModule:UnityEditor.Search:ASIAI0B -> (ImportResultId: 'c0c114531e81d3be9f22d051e18a7dd8') in 0.0068255 seconds
[Worker1] Imported GUID: a23c0dd570fd44b57a03a8880002fcca - Path: Packages/com.unity.multiplayer.center/Editor/MultiplayerCenterWindow/UI/Icons/CloudCode@2x.png - Importer: ScriptedImporter/UnityEditor.QuickSearchModule:UnityEditor.Search:ASIAI0B -> (ImportResultId: '9ea4da66b45f09429cf42e164df41dc2') in 0.0061419 seconds
[Worker2] Imported GUID: d63245ece6d8f476c8c7ca24da9937f6 - Path: Packages/com.unity.multiplayer.center/Editor/MultiplayerCenterWindow/UI/Icons/DistributedAuthority.png - Importer: ScriptedImporter/UnityEditor.QuickSearchModule:UnityEditor.Search:ASIAI0B -> (ImportResultId: 'f3bd59c6569453fd33bb6ebbe91602ca') in 0.0062381 seconds
[Worker2] Imported GUID: a659150180ae3489ba41c71780ba3779 - Path: Packages/com.unity.multiplayer.center/Editor/Questionnaire/Questionnaire.questionnaire - Importer: ScriptedImporter/UnityEditor.QuickSearchModule:UnityEditor.Search:ASIAI0B -> (ImportResultId: '997ee9a79ac9bba35d89d7e828bd5c22') in 0.003321 seconds
[Worker0] Imported GUID: 3fe892784421e47f5aa40c2784a6cb3e - Path: Packages/com.unity.multiplayer.center/Editor/MultiplayerCenterWindow/UI/Icons/DedicatedServer.png - Importer: ScriptedImporter/UnityEditor.QuickSearchModule:UnityEditor.Search:ASIAI0B -> (ImportResultId: 'd27c5eb345ac7d9bbc7f6d1cddff849b') in 0.0071013 seconds
[Worker1] Imported GUID: 29395f0639574c1fbc8b729aa257fb84 - Path: Packages/com.unity.multiplayer.center/Editor/MultiplayerCenterWindow/UI/Icons/d_Check.png - Importer: ScriptedImporter/UnityEditor.QuickSearchModule:UnityEditor.Search:ASIAI0B -> (ImportResultId: '7281070c987418412724fb1388092cc7') in 0.0060675 seconds
[Worker2] Imported GUID: b66d076cdcfe3b14388de66307a0e7ff - Path: Packages/com.unity.multiplayer.center/Editor/Recommendations/RecommendationData_6000.0.recommendations - Importer: ScriptedImporter/UnityEditor.QuickSearchModule:UnityEditor.Search:ASIAI0B -> (ImportResultId: '252e5fd8ecdd1e2c418c5a90c1e17cb2') in 0.0032355 seconds
[Worker0] Imported GUID: c37c4c45cacc46edb43b8c32617b3e34 - Path: Packages/com.unity.multiplayer.center/Tests/Editor/UtilsForGettingStartedTabTests.cs - Importer: ScriptedImporter/UnityEditor.QuickSearchModule:UnityEditor.Search:ASIAI0B -> (ImportResultId: '0dfac3f55262c26092ff146fac40baa7') in 0.0032233 seconds
[Worker0] Imported GUID: 5d117d33f89d41cd9123918383c9b981 - Path: Packages/com.unity.multiplayer.center/Editor/Questionnaire/QuestionnaireEditor.cs - Importer: ScriptedImporter/UnityEditor.QuickSearchModule:UnityEditor.Search:ASIAI0B -> (ImportResultId: '86ebc3f3cf8141f4090c3269c72cd33d') in 0.0033112 seconds
[Worker2] Imported GUID: 38a11839c22b4e67aa2e508d906edf65 - Path: Packages/com.unity.multiplayer.center/Editor/Recommendations/RecommenderSystemData.cs - Importer: ScriptedImporter/UnityEditor.QuickSearchModule:UnityEditor.Search:ASIAI0B -> (ImportResultId: '47a040c8b376682d4f9fce273a516d93') in 0.0034965 seconds
[Worker1] Imported GUID: 77be953cf28de42a4ad8532539fef3f5 - Path: Packages/com.unity.multiplayer.center/Editor/MultiplayerCenterWindow/UI/Icons/d_PackageInstalled.png - Importer: ScriptedImporter/UnityEditor.QuickSearchModule:UnityEditor.Search:ASIAI0B -> (ImportResultId: '40ce8d6ce7863d8670d16fe7ab0eb0c9') in 0.0052691 seconds
[Worker0] Imported GUID: b46a48f780f84026b9d1e73ee1b0121d - Path: Packages/com.unity.multiplayer.center/Editor/Recommendations/RecommendationType.cs - Importer: ScriptedImporter/UnityEditor.QuickSearchModule:UnityEditor.Search:ASIAI0B -> (ImportResultId: '74458df398bb833098145fd8c8280c9b') in 0.0033095 seconds
[Worker1] Imported GUID: 7456ea4ba2dcd48d3909b82e610f2048 - Path: Packages/com.unity.multiplayer.center/Tests/Runtime/PlaceholderTest.cs - Importer: ScriptedImporter/UnityEditor.QuickSearchModule:UnityEditor.Search:ASIAI0B -> (ImportResultId: 'd8f6728f7bf1dc792b2ca26132e1e3ff') in 0.0031047 seconds
[Worker2] Imported GUID: 0354877031b64465ea7e5cafea1a2653 - Path: Packages/com.unity.multiplayer.center/Editor/MultiplayerCenterWindow/UI/Icons/DistributedAuthority@2x.png - Importer: ScriptedImporter/UnityEditor.QuickSearchModule:UnityEditor.Search:ASIAI0B -> (ImportResultId: '762d948925f9fcbd826550ca305483a7') in 0.005266 seconds
[Worker0] Imported GUID: 89ffa359141b49fea9bfa6a1db3b18be - Path: Packages/com.unity.multiplayer.center/Tests/Editor/AssemblyInfo.cs - Importer: ScriptedImporter/UnityEditor.QuickSearchModule:UnityEditor.Search:ASIAI0B -> (ImportResultId: 'f6a2a69b35bc5d0b92e5ef877547a1b0') in 0.0033286 seconds
[Worker1] Imported GUID: d9beb5106d424f23902054f76d4b673d - Path: Packages/com.unity.multiplayer.center/Editor/Questionnaire/Logic.cs - Importer: ScriptedImporter/UnityEditor.QuickSearchModule:UnityEditor.Search:ASIAI0B -> (ImportResultId: 'ebb4d78dd757fa585e8d7460dfefb602') in 0.0031367 seconds
[Worker2] Imported GUID: 23342257960b4b618e6f7c444137663c - Path: Packages/com.unity.multiplayer.center/Editor/Recommendations/PreReleaseHandling.cs - Importer: ScriptedImporter/UnityEditor.QuickSearchModule:UnityEditor.Search:ASIAI0B -> (ImportResultId: '25aed36d7ccc459b94c282283d823467') in 0.0036142 seconds
[Worker0] Imported GUID: 15513aed5d41411c887ccfe14c103337 - Path: Packages/com.unity.multiplayer.center/Tests/Editor/UserChoicesMigrationTests.cs - Importer: ScriptedImporter/UnityEditor.QuickSearchModule:UnityEditor.Search:ASIAI0B -> (ImportResultId: '10b7dbae15449f06eddf6d5c5bd5f070') in 0.0046389 seconds
[Worker1] Imported GUID: f526d484b0c04a1896c469f31c713786 - Path: Packages/com.unity.multiplayer.center/Editor/Recommendations/Scoring.cs - Importer: ScriptedImporter/UnityEditor.QuickSearchModule:UnityEditor.Search:ASIAI0B -> (ImportResultId: '35c53fa26d41a4391e0783f6af74a924') in 0.0045197 seconds
[Worker2] Imported GUID: c3677cd9ede84e78b2fff6331c6301da - Path: Packages/com.unity.multiplayer.center/Editor/Questionnaire/QuestionnaireObject.cs - Importer: ScriptedImporter/UnityEditor.QuickSearchModule:UnityEditor.Search:ASIAI0B -> (ImportResultId: 'd369fe16421065ee6f8de92bc6c8f155') in 0.0037039 seconds
[Worker0] Imported GUID: 0efb92c924574ec59b71b9185a6ed8fb - Path: Packages/com.unity.multiplayer.center/Tests/Editor/RecommendationTests.cs - Importer: ScriptedImporter/UnityEditor.QuickSearchModule:UnityEditor.Search:ASIAI0B -> (ImportResultId: 'b5ca0a9a048f9511b932953c18abf7ac') in 0.0030676 seconds
[Worker2] Imported GUID: 284da2a38ea043d69e1a38fd8a22bec9 - Path: Packages/com.unity.multiplayer.center/Tests/Editor/RecommenderSystemTests.cs - Importer: ScriptedImporter/UnityEditor.QuickSearchModule:UnityEditor.Search:ASIAI0B -> (ImportResultId: '517700859904182782f845587607bf6c') in 0.0036038 seconds
[Worker1] Imported GUID: 4f78a544322c742b89e63fb68557b1d2 - Path: Packages/com.unity.multiplayer.center/Editor/MultiplayerCenterWindow/UI/Icons/Check.png - Importer: ScriptedImporter/UnityEditor.QuickSearchModule:UnityEditor.Search:ASIAI0B -> (ImportResultId: '5343b383516a3da0fb110f87cab10c49') in 0.0067808 seconds
[Worker0] Imported GUID: dce12af736e0a4a1ba35d6424f897dc9 - Path: Packages/com.unity.multiplayer.center/Editor/MultiplayerCenterWindow/UI/Icons/CustomNetcode.png - Importer: ScriptedImporter/UnityEditor.QuickSearchModule:UnityEditor.Search:ASIAI0B -> (ImportResultId: '88afa34ede19761d272fe9dd6b390091') in 0.0054484 seconds
[Worker2] Imported GUID: b2ce704e56cc84fb3b347499263c6244 - Path: Packages/com.unity.multiplayer.center/Editor/MultiplayerCenterWindow/UI/Icons/ClientHosted.png - Importer: ScriptedImporter/UnityEditor.QuickSearchModule:UnityEditor.Search:ASIAI0B -> (ImportResultId: 'b39313abbaca24ebf8390f528da29dfc') in 0.0063538 seconds
[Worker0] Imported GUID: b6a02e450cd04bb781e7728f2056251c - Path: Packages/com.unity.multiplayer.center/Editor/Recommendations/RecommenderSystemDataObject.cs - Importer: ScriptedImporter/UnityEditor.QuickSearchModule:UnityEditor.Search:ASIAI0B -> (ImportResultId: '7c1fec2147451af577e0bdbe4922cf5b') in 0.0041656 seconds
[Worker0] Imported GUID: 2664430aff4254d79887d32c3fc1e221 - Path: Packages/com.unity.multiplayer.center/Tests/Runtime/Unity.Multiplayer.Center.Tests.asmdef - Importer: ScriptedImporter/UnityEditor.QuickSearchModule:UnityEditor.Search:ASIAI0B -> (ImportResultId: '2656f662dbfe3e4eb5945334e46fcbb6') in 0.0035403 seconds
[Worker2] Imported GUID: a6fd0c627f5aa48fa81512221e70a11e - Path: Packages/com.unity.multiplayer.center/Editor/MultiplayerCenterWindow/UI/Icons/d_PackageManager@2x.png - Importer: ScriptedImporter/UnityEditor.QuickSearchModule:UnityEditor.Search:ASIAI0B -> (ImportResultId: 'f7340484aa59c46eb8bcadb6abb8c236') in 0.0065834 seconds
[Worker0] Imported GUID: 18cde282a8d045bf9d245fdcfaa7271b - Path: Packages/com.unity.multiplayer.center/Editor/Questionnaire/UserChoicesObject.cs - Importer: ScriptedImporter/UnityEditor.QuickSearchModule:UnityEditor.Search:ASIAI0B -> (ImportResultId: '31a1163721e42084b5de3bfe2d9ec83a') in 0.0035111 seconds
[Worker0] Imported GUID: 71b3035ad4d343cbbe033e93369d187e - Path: Packages/com.unity.multiplayer.center/Editor/Recommendations/RecommendationAuthoringData.cs - Importer: ScriptedImporter/UnityEditor.QuickSearchModule:UnityEditor.Search:ASIAI0B -> (ImportResultId: 'e5bce26991a7cde5fec58ac5ab8389eb') in 0.0037583 seconds
[Worker2] Imported GUID: 318df756abab5463e9aa361360784865 - Path: Packages/com.unity.multiplayer.center/Editor/MultiplayerCenterWindow/UI/Icons/d_PackageInstalled@2x.png - Importer: ScriptedImporter/UnityEditor.QuickSearchModule:UnityEditor.Search:ASIAI0B -> (ImportResultId: 'fc6f06fb81ac3a11375b9b500540f5c0') in 0.006844 seconds
[Worker2] Imported GUID: bcf305fff4614e26a6979b63e954f6d6 - Path: Packages/com.unity.multiplayer.center/Editor/MultiplayerCenterWindow/UI/QuestionnaireView.cs - Importer: ScriptedImporter/UnityEditor.QuickSearchModule:UnityEditor.Search:ASIAI0B -> (ImportResultId: '12048cf47fea1a1d302cadc7d1160b9b') in 0.0030472 seconds
[Worker1] Imported GUID: bac00d6e07f0b4305bb395363c89d92b - Path: Packages/com.unity.multiplayer.center/Editor/MultiplayerCenterWindow/UI/MultiplayerCenterWindow.uss - Importer: ScriptedImporter/UnityEditor.QuickSearchModule:UnityEditor.Search:ASIAI0B -> (ImportResultId: 'f829c1c5fe035e9ee28ce9aade1a2ec9') in 0.0252619 seconds
[Worker2] Imported GUID: ea491f91a8b84866ad13371715bf90c8 - Path: Packages/com.unity.multiplayer.center/Tests/Editor/LogicTests.cs - Importer: ScriptedImporter/UnityEditor.QuickSearchModule:UnityEditor.Search:ASIAI0B -> (ImportResultId: '993d5e85d4adb118644574794bf71694') in 0.0040007 seconds
[Worker2] Imported GUID: 470a2d15035f44b7b2888a0db0704bff - Path: Packages/com.unity.multiplayer.center/Tests/Editor/TabGroupTests.cs - Importer: ScriptedImporter/UnityEditor.QuickSearchModule:UnityEditor.Search:ASIAI0B -> (ImportResultId: 'bc5c015e4362ce071a86c4c5202c572b') in 0.0029001 seconds
[Worker1] Imported GUID: 322b0121d39f45208a3d933e6926a9d8 - Path: Packages/com.unity.multiplayer.center/Editor/OnBoarding/QuickstartPackageHandling.cs - Importer: ScriptedImporter/UnityEditor.QuickSearchModule:UnityEditor.Search:ASIAI0B -> (ImportResultId: '8f176853a7c95b71e7eaf52574ff4da6') in 0.0041022 seconds
[Worker2] Imported GUID: c7a38e6eccbfc49778cb8b77f594a971 - Path: Packages/com.unity.multiplayer.center/Editor/MultiplayerCenterWindow/UI/Icons/ClientHosted@2x.png - Importer: ScriptedImporter/UnityEditor.QuickSearchModule:UnityEditor.Search:ASIAI0B -> (ImportResultId: '783b487bd3a7714a72defb185114a572') in 0.005082 seconds
[Worker0] Imported GUID: 1984cd07fe96417f9e88f5771f6b4b32 - Path: Packages/com.unity.multiplayer.center/Editor/MultiplayerCenterWindow/UI/dark.uss - Importer: ScriptedImporter/UnityEditor.QuickSearchModule:UnityEditor.Search:ASIAI0B -> (ImportResultId: '0f022798db196b2bf14a8b401c587152') in 0.0185593 seconds
[Worker1] Imported GUID: fe6a6957b37b61417b457a1e0541791d - Path: Packages/com.unity.modules.physics2d/package.ModuleCompilationTrigger - Importer: ScriptedImporter/UnityEditor.QuickSearchModule:UnityEditor.Search:ASIAI0B -> (ImportResultId: '36ddf7f9391b6514aa3cd8cbfcb8facd') in 0.0034327 seconds
[Worker0] Imported GUID: 96d14b71b907bb52333b2886e665aba6 - Path: Packages/com.unity.modules.video/package.json - Importer: ScriptedImporter/UnityEditor.QuickSearchModule:UnityEditor.Search:ASIAI0B -> (ImportResultId: '0951eba13773785cec8b9111c3e3d9fa') in 0.0038197 seconds
[Worker1] Imported GUID: 5262b119dc3e4259a40e6d93c8ea1048 - Path: Packages/com.unity.multiplayer.center/Editor/MultiplayerCenterWindow/UI/RecommendationView/PackageSelectionView.cs - Importer: ScriptedImporter/UnityEditor.QuickSearchModule:UnityEditor.Search:ASIAI0B -> (ImportResultId: 'a2b1c07518a01015c12893a35769f478') in 0.0038003 seconds
[Worker2] Imported GUID: 679f9999c6f8f497e806a2d5d0511879 - Path: Packages/com.unity.multiplayer.center/Editor/MultiplayerCenterWindow/UI/Icons/PackageManager.png - Importer: ScriptedImporter/UnityEditor.QuickSearchModule:UnityEditor.Search:ASIAI0B -> (ImportResultId: '9d7bf394561d071ef17c1bd5090a35e1') in 0.0077982 seconds
[Worker0] Imported GUID: 4745d06d5a7ca576dcf9e5e67b417652 - Path: Packages/com.unity.modules.accessibility/package.ModuleCompilationTrigger - Importer: ScriptedImporter/UnityEditor.QuickSearchModule:UnityEditor.Search:ASIAI0B -> (ImportResultId: 'a75c7a9382976bb8acb73d3ab83a3a2c') in 0.0045879 seconds
[Worker1] Imported GUID: f1e4f3f59aa446bfb097357fa8ad4a8b - Path: Packages/com.unity.multiplayer.center/Editor/MultiplayerCenterWindow/UI/RecommendationView/SolutionSelectionView.cs - Importer: ScriptedImporter/UnityEditor.QuickSearchModule:UnityEditor.Search:ASIAI0B -> (ImportResultId: 'c39431a29ae87916e5e88a61bbbd63cd') in 0.0041535 seconds
[Worker2] Imported GUID: 9b1a5759726ef9d39a0ab82047b615f1 - Path: Packages/com.unity.modules.hierarchycore/package.json - Importer: ScriptedImporter/UnityEditor.QuickSearchModule:UnityEditor.Search:ASIAI0B -> (ImportResultId: 'd8f44b1c8255fc6d606df8f7d99a7abd') in 0.0045159 seconds
[Worker0] Imported GUID: c82e859b16636ddd2ca4a1f63fd34938 - Path: Packages/com.unity.modules.androidjni/package.ModuleCompilationTrigger - Importer: ScriptedImporter/UnityEditor.QuickSearchModule:UnityEditor.Search:ASIAI0B -> (ImportResultId: 'bc3195346766ee8d9442ea33fe9e6ea9') in 0.0039982 seconds
[Worker0] Imported GUID: 8d4bc6bfa28760b29f13174d6b6ea710 - Path: Packages/com.unity.modules.subsystems/package.ModuleCompilationTrigger - Importer: ScriptedImporter/UnityEditor.QuickSearchModule:UnityEditor.Search:ASIAI0B -> (ImportResultId: '9a77763a5308becc598e1ddcae3afe17') in 0.0035601 seconds
[Worker2] Imported GUID: 4c413a81cadcce7038e446e56570117e - Path: Packages/com.unity.modules.adaptiveperformance/package.json - Importer: ScriptedImporter/UnityEditor.QuickSearchModule:UnityEditor.Search:ASIAI0B -> (ImportResultId: 'd5c70cc45ad83b8c3f013087d381ecd9') in 0.0040845 seconds
[Worker1] Imported GUID: 0423146d9f51c4563a0f2a8200b6cd38 - Path: Packages/com.unity.multiplayer.center/Editor/MultiplayerCenterWindow/UI/Icons/PackageInstalled@2x.png - Importer: ScriptedImporter/UnityEditor.QuickSearchModule:UnityEditor.Search:ASIAI0B -> (ImportResultId: '13219729bed10e20cd6f8be7466e39dc') in 0.0078734 seconds
[Worker0] Imported GUID: 51fa60bb2bd1e5bc74e8cc95a7bfd5b7 - Path: Packages/com.unity.modules.ui/package.ModuleCompilationTrigger - Importer: ScriptedImporter/UnityEditor.QuickSearchModule:UnityEditor.Search:ASIAI0B -> (ImportResultId: 'c3fa8771005c7c9bf7ada1dcbda3ec27') in 0.0048068 seconds
[Worker2] Imported GUID: 424a8de5def3b46dcb08edd00ad1c7bd - Path: Packages/com.unity.multiplayer.center/Editor/MultiplayerCenterWindow/UI/Icons/Loading.png - Importer: ScriptedImporter/UnityEditor.QuickSearchModule:UnityEditor.Search:ASIAI0B -> (ImportResultId: '234fbd6c9b63ca7c916b4efadf75c170') in 0.0061877 seconds
[Worker1] Imported GUID: 17f093324b67f5bd57e55b546736750e - Path: Packages/com.unity.modules.particlesystem/package.ModuleCompilationTrigger - Importer: ScriptedImporter/UnityEditor.QuickSearchModule:UnityEditor.Search:ASIAI0B -> (ImportResultId: '053a10dbaa687965c20d2f375c9b7836') in 0.0043644 seconds
[Worker0] Imported GUID: 87d720faa37005c08600090e04d8c739 - Path: Packages/com.unity.modules.particlesystem/package.json - Importer: ScriptedImporter/UnityEditor.QuickSearchModule:UnityEditor.Search:ASIAI0B -> (ImportResultId: '3e37d0a73bb9ae0ebe96e93854e16f18') in 0.0033116 seconds
[Worker1] Imported GUID: e2d09a26ce46dc617b54e49a534ace20 - Path: Packages/com.unity.modules.ai/package.ModuleCompilationTrigger - Importer: ScriptedImporter/UnityEditor.QuickSearchModule:UnityEditor.Search:ASIAI0B -> (ImportResultId: 'ae66cd14f8e63c9813450685eba9c4f4') in 0.003361 seconds
[Worker0] Imported GUID: c88e90bad18cceb5d182d0c805883056 - Path: Packages/com.unity.modules.director/package.ModuleCompilationTrigger - Importer: ScriptedImporter/UnityEditor.QuickSearchModule:UnityEditor.Search:ASIAI0B -> (ImportResultId: 'a5c20efe5f5c7c96342eea7a066489e3') in 0.0036568 seconds
[Worker2] Imported GUID: 83b28bcaaf34b4fd580114fb05d9f160 - Path: Packages/com.unity.multiplayer.center/Editor/MultiplayerCenterWindow/UI/Icons/NGO@2x.png - Importer: ScriptedImporter/UnityEditor.QuickSearchModule:UnityEditor.Search:ASIAI0B -> (ImportResultId: '44c7e9c116a71112083e27c9a84fe217') in 0.0064098 seconds
[Worker2] Imported GUID: 1af35a910338381f753e8a985eb5daab - Path: Packages/com.unity.modules.adaptiveperformance/package.ModuleCompilationTrigger - Importer: ScriptedImporter/UnityEditor.QuickSearchModule:UnityEditor.Search:ASIAI0B -> (ImportResultId: 'a74798ad28da4fd34b58fa33660b8eef') in 0.0030481 seconds
[Worker1] Imported GUID: dd70cd654275d47db807e918055e004f - Path: Packages/com.unity.multiplayer.center/Editor/MultiplayerCenterWindow/UI/Icons/Questionnaire.png - Importer: ScriptedImporter/UnityEditor.QuickSearchModule:UnityEditor.Search:ASIAI0B -> (ImportResultId: '67dbb022544dc5ab44126a0aa167b12a') in 0.0054241 seconds
[Worker0] Imported GUID: a2c71c02b50345e99168bda191ec01b4 - Path: Packages/com.unity.multiplayer.center/Editor/MultiplayerCenterWindow/UI/RecommendationView/RecommendationView.cs - Importer: ScriptedImporter/UnityEditor.QuickSearchModule:UnityEditor.Search:ASIAI0B -> (ImportResultId: '2e7422a9d11ab9107909510232464966') in 0.0048853 seconds
[Worker2] Imported GUID: 43674d438e19b89d7fe6af07234f3252 - Path: Packages/com.unity.modules.accessibility/package.json - Importer: ScriptedImporter/UnityEditor.QuickSearchModule:UnityEditor.Search:ASIAI0B -> (ImportResultId: '4b1c6d51a729041e9573033ea142a0dc') in 0.0033871 seconds
[Worker1] Imported GUID: 2adec19fac7df68adf1fd6eb83197bb1 - Path: Packages/com.unity.modules.wind/package.ModuleCompilationTrigger - Importer: ScriptedImporter/UnityEditor.QuickSearchModule:UnityEditor.Search:ASIAI0B -> (ImportResultId: 'bdfc75268dc8873260cd15bfd86593ac') in 0.0037056 seconds
[Worker0] Imported GUID: bfd567a3d1631a761bca9e99fa53d86d - Path: Packages/com.unity.modules.ui/package.json - Importer: ScriptedImporter/UnityEditor.QuickSearchModule:UnityEditor.Search:ASIAI0B -> (ImportResultId: '40e249bd24c863eabf05572ba30cd556') in 0.0036839 seconds
[Worker1] Imported GUID: d104359075a97392b803d3d5aebc77f7 - Path: Packages/com.unity.modules.hierarchycore/package.ModuleCompilationTrigger - Importer: ScriptedImporter/UnityEditor.QuickSearchModule:UnityEditor.Search:ASIAI0B -> (ImportResultId: '860bc0a43c49ad5ba2e220e122d83907') in 0.0029731 seconds
[Worker0] Imported GUID: f62135e79edb837b2d2ee3c524da864c - Path: Packages/com.unity.modules.video/package.ModuleCompilationTrigger - Importer: ScriptedImporter/UnityEditor.QuickSearchModule:UnityEditor.Search:ASIAI0B -> (ImportResultId: '1409b2680c4972a459b8ac1d42cfe426') in 0.0037162 seconds
[Worker2] Imported GUID: 741761e72e6f24446bd8ba03ea3d0261 - Path: Packages/com.unity.multiplayer.center/Editor/MultiplayerCenterWindow/UI/Icons/d_Questionnaire.png - Importer: ScriptedImporter/UnityEditor.QuickSearchModule:UnityEditor.Search:ASIAI0B -> (ImportResultId: '9b6fbcdd166ee2faa6469e1d7156528c') in 0.0057016 seconds
[Worker0] Imported GUID: f7a8357347c80dc69c08d0b1a05e2122 - Path: Packages/com.unity.modules.physics2d/package.json - Importer: ScriptedImporter/UnityEditor.QuickSearchModule:UnityEditor.Search:ASIAI0B -> (ImportResultId: '731b93863b3b3d84010ad7f0acb5c662') in 0.0037653 seconds
[Worker2] Imported GUID: 05f7f519769978b79b31d063a7fc6fa1 - Path: Packages/com.unity.modules.unitywebrequestassetbundle/package.json - Importer: ScriptedImporter/UnityEditor.QuickSearchModule:UnityEditor.Search:ASIAI0B -> (ImportResultId: '8ca629e098e8b6755c54660aeb90b2f3') in 0.0035316 seconds
[Worker1] Imported GUID: 4616b2fa4acd1429e931835b80966c2a - Path: Packages/com.unity.multiplayer.center/Editor/MultiplayerCenterWindow/UI/Icons/PackageInstalled.png - Importer: ScriptedImporter/UnityEditor.QuickSearchModule:UnityEditor.Search:ASIAI0B -> (ImportResultId: '437561e1a42d075f72819472f26ed683') in 0.0064664 seconds
[Worker2] Imported GUID: 5c1ee4056d0ac7ad3c5a16597fcaa38a - Path: Packages/com.unity.modules.physics/package.ModuleCompilationTrigger - Importer: ScriptedImporter/UnityEditor.QuickSearchModule:UnityEditor.Search:ASIAI0B -> (ImportResultId: 'a306aac360d95240738b2954e7686211') in 0.003057 seconds
[Worker0] Imported GUID: e9669051ff70449b5923861e0e0b8838 - Path: Packages/com.unity.multiplayer.center/Editor/MultiplayerCenterWindow/UI/Icons/N4E.png - Importer: ScriptedImporter/UnityEditor.QuickSearchModule:UnityEditor.Search:ASIAI0B -> (ImportResultId: '8de2004a3fd6507fe3584aef30db7a49') in 0.0054216 seconds
[Worker2] Imported GUID: e5c46c19ce0ce2e0103aa6f82df1043a - Path: Packages/com.unity.modules.vehicles/package.ModuleCompilationTrigger - Importer: ScriptedImporter/UnityEditor.QuickSearchModule:UnityEditor.Search:ASIAI0B -> (ImportResultId: '03c2a85ad68709466c3ae32dd06db80e') in 0.0033947 seconds
[Worker1] Imported GUID: 1daed49eec0f94f7ebb36dfef6159884 - Path: Packages/com.unity.multiplayer.center/Editor/MultiplayerCenterWindow/UI/Icons/NoNetcode.png - Importer: ScriptedImporter/UnityEditor.QuickSearchModule:UnityEditor.Search:ASIAI0B -> (ImportResultId: '6491e826fe5ddc26d4b6e24bddd7dff8') in 0.0055253 seconds
[Worker0] Imported GUID: 830a36a23cf3ab1e61fa47940a6dc35e - Path: Packages/com.unity.modules.imageconversion/package.ModuleCompilationTrigger - Importer: ScriptedImporter/UnityEditor.QuickSearchModule:UnityEditor.Search:ASIAI0B -> (ImportResultId: 'f5d9e07771ebfa4b0bb33bccc3de2053') in 0.0031468 seconds
[Worker2] Imported GUID: db8e609a39b9b231fccc54e5fa4cbd1b - Path: Packages/com.unity.modules.animation/package.ModuleCompilationTrigger - Importer: ScriptedImporter/UnityEditor.QuickSearchModule:UnityEditor.Search:ASIAI0B -> (ImportResultId: 'a46850bb6b9267c9f12422fc429d18f1') in 0.0030245 seconds
[Worker1] Imported GUID: 953fab16d15d5885b3600fcd6388b2ad - Path: Packages/com.unity.modules.imageconversion/package.json - Importer: ScriptedImporter/UnityEditor.QuickSearchModule:UnityEditor.Search:ASIAI0B -> (ImportResultId: 'd2162ab7b1b51e4f56c371bc62b370e8') in 0.0042176 seconds
[Worker0] Imported GUID: 1a4266815e998967becf686f9c71f0a6 - Path: Packages/com.unity.modules.physics/package.json - Importer: ScriptedImporter/UnityEditor.QuickSearchModule:UnityEditor.Search:ASIAI0B -> (ImportResultId: '4bc9d1ff41ce5be8cd6740425d3cb828') in 0.0036574 seconds
[Worker2] Imported GUID: 6afb166a156df2d20433d981f4bb2832 - Path: Packages/com.unity.modules.vehicles/package.json - Importer: ScriptedImporter/UnityEditor.QuickSearchModule:UnityEditor.Search:ASIAI0B -> (ImportResultId: 'ece3603bfff560acc791c16bc86e9738') in 0.0045388 seconds
[Worker1] Imported GUID: ec02776fe29df900b897106d61977735 - Path: Packages/com.unity.modules.director/package.json - Importer: ScriptedImporter/UnityEditor.QuickSearchModule:UnityEditor.Search:ASIAI0B -> (ImportResultId: 'b30ef557b312a8f5ba52556d85ed5464') in 0.003979 seconds
[Worker0] Imported GUID: b58a826ca804e4c67bab4283ad5a6102 - Path: Packages/com.unity.multiplayer.center/Editor/MultiplayerCenterWindow/UI/Icons/NoNetcode@2x.png - Importer: ScriptedImporter/UnityEditor.QuickSearchModule:UnityEditor.Search:ASIAI0B -> (ImportResultId: 'b75f6d8d9c35073e2632231ca60414dc') in 0.004916 seconds
[Worker2] Imported GUID: bd1af0a6633ee94ae21c7d1d702cdc12 - Path: Packages/com.unity.modules.androidjni/package.json - Importer: ScriptedImporter/UnityEditor.QuickSearchModule:UnityEditor.Search:ASIAI0B -> (ImportResultId: '1397bce914f73efeacb433831f9e6b04') in 0.003352 seconds
[Worker1] Imported GUID: 7ef8348b8ea834d7e1bc214b07f7fb87 - Path: Packages/com.unity.modules.animation/package.json - Importer: ScriptedImporter/UnityEditor.QuickSearchModule:UnityEditor.Search:ASIAI0B -> (ImportResultId: '53a2e79914a6c298e5bbcc5415d6e998') in 0.0028464 seconds
[Worker0] Imported GUID: 7610600f5c83e01041a6fe849d39279f - Path: Packages/com.unity.modules.unitywebrequestassetbundle/package.ModuleCompilationTrigger - Importer: ScriptedImporter/UnityEditor.QuickSearchModule:UnityEditor.Search:ASIAI0B -> (ImportResultId: 'c68e1c4bb51a860c4249b337bf85dae9') in 0.0028472 seconds
[Worker2] Imported GUID: f0f13f2ab3d6d13cfc6e4656824bfca8 - Path: Packages/com.unity.modules.ai/package.json - Importer: ScriptedImporter/UnityEditor.QuickSearchModule:UnityEditor.Search:ASIAI0B -> (ImportResultId: '29d67b898985147740cce0effe043c9d') in 0.0030151 seconds
[Worker0] Imported GUID: 281e16dfc02f4a86bf924188eb96b176 - Path: Packages/com.unity.multiplayer.center/Editor/MultiplayerCenterWindow/UI/RecommendationView/RecommendationItemView.cs - Importer: ScriptedImporter/UnityEditor.QuickSearchModule:UnityEditor.Search:ASIAI0B -> (ImportResultId: '9e28c434333f670d79b5695ac8edca2d') in 0.0033886 seconds
[Worker1] Imported GUID: 99da7b3894f364efdb5fa1443952a55d - Path: Packages/com.unity.multiplayer.center/Editor/MultiplayerCenterWindow/UI/Icons/NGO.png - Importer: ScriptedImporter/UnityEditor.QuickSearchModule:UnityEditor.Search:ASIAI0B -> (ImportResultId: '7ac2e881655c8c5a735ebc2253e802c2') in 0.0054484 seconds
[Worker2] Imported GUID: b83f06ac0c0696e9563230865ca72b81 - Path: Packages/com.unity.modules.wind/package.json - Importer: ScriptedImporter/UnityEditor.QuickSearchModule:UnityEditor.Search:ASIAI0B -> (ImportResultId: 'a2ec5460feefdb6b6aed45719e190df9') in 0.0030693 seconds
[Worker1] Imported GUID: 9d9689eab72c8480c90679f4dcf18820 - Path: Packages/com.unity.multiplayer.center/Editor/MultiplayerCenterWindow/UI/Icons/Package.png - Importer: ScriptedImporter/UnityEditor.QuickSearchModule:UnityEditor.Search:ASIAI0B -> (ImportResultId: 'b654f4973e8889430edcdff99b69e43d') in 0.0058534 seconds
[Worker0] Imported GUID: 2cb589d4e01184d928bb698f06e77561 - Path: Packages/com.unity.multiplayer.center/Editor/MultiplayerCenterWindow/UI/Icons/N4E@2x.png - Importer: ScriptedImporter/UnityEditor.QuickSearchModule:UnityEditor.Search:ASIAI0B -> (ImportResultId: '274a2cb37e43144afad6b7843e00418e') in 0.0059686 seconds
[Worker0] Imported GUID: 63314900d81e4a15814496af1889cb51 - Path: Packages/com.unity.multiplayer.center/Editor/MultiplayerCenterWindow/UI/RecommendationView/SectionHeader.cs - Importer: ScriptedImporter/UnityEditor.QuickSearchModule:UnityEditor.Search:ASIAI0B -> (ImportResultId: '67e6bfce4f1f1838186d282d4344c073') in 0.003533 seconds
[Worker1] Imported GUID: 30b312a167534621b316172253b08723 - Path: Packages/com.unity.modules.subsystems/package.json - Importer: ScriptedImporter/UnityEditor.QuickSearchModule:UnityEditor.Search:ASIAI0B -> (ImportResultId: '59729112e9b1778ec08de58e380174d4') in 0.0038492 seconds
[Worker0] Imported GUID: 9431e8221045c4af189b2fa7174b9e9f - Path: Packages/com.unity.multiplayer.center/Editor/MultiplayerCenterWindow/UI/Icons/PackageManager@2x.png - Importer: ScriptedImporter/UnityEditor.QuickSearchModule:UnityEditor.Search:ASIAI0B -> (ImportResultId: 'c9224f77b02d5380a66639986da7fa24') in 0.0061706 seconds
[Worker1] Imported GUID: 2adffcc506285402aa795dee6f3166d0 - Path: Packages/com.unity.multiplayer.center/Editor/MultiplayerCenterWindow/UI/Icons/EmptyViewIcon@2x.png - Importer: ScriptedImporter/UnityEditor.QuickSearchModule:UnityEditor.Search:ASIAI0B -> (ImportResultId: '737bc977e9a6e08a168abbdaf93cccdd') in 0.0060636 seconds
[Worker2] Imported GUID: 84e4bbd00035e4671bf14e0380a89001 - Path: Packages/com.unity.multiplayer.center/Editor/MultiplayerCenterWindow/UI/Icons/EmptyViewIcon.png - Importer: ScriptedImporter/UnityEditor.QuickSearchModule:UnityEditor.Search:ASIAI0B -> (ImportResultId: 'c2c6e6bcff287bcff72b4d65031826d2') in 0.1062374 seconds
[Worker0] Imported GUID: d2ec2d1228c8e67cdd913cb5609176a2 - Path: Packages/com.unity.modules.unitywebrequest/package.ModuleCompilationTrigger - Importer: ScriptedImporter/UnityEditor.QuickSearchModule:UnityEditor.Search:ASIAI0B -> (ImportResultId: 'b8added5881c171a7947a0d32a644b76') in 0.0043315 seconds
[Worker1] Imported GUID: 082fbee38a82835433261a5e9c00e267 - Path: Packages/com.unity.modules.cloth/package.ModuleCompilationTrigger - Importer: ScriptedImporter/UnityEditor.QuickSearchModule:UnityEditor.Search:ASIAI0B -> (ImportResultId: '0b1f89110c4bde126a817915e840db7e') in 0.0046128 seconds
[Worker2] Imported GUID: 3cc1ebf2abb7fef6871ad48f499b6e21 - Path: Packages/com.unity.modules.vectorgraphics/package.ModuleCompilationTrigger - Importer: ScriptedImporter/UnityEditor.QuickSearchModule:UnityEditor.Search:ASIAI0B -> (ImportResultId: 'e7f6582ddff77cf57b74fbbc27f15c0c') in 0.0046707 seconds
[Worker0] Imported GUID: 906c12bc9cd95d3963c6d58f62522c78 - Path: Packages/com.unity.modules.cloth/package.json - Importer: ScriptedImporter/UnityEditor.QuickSearchModule:UnityEditor.Search:ASIAI0B -> (ImportResultId: '4f4bb1506f1c94a3bdea4053a584c49b') in 0.0034077 seconds
[Worker2] Imported GUID: 78e5667e52329c3ceef41288763404ae - Path: Packages/com.unity.modules.vectorgraphics/package.json - Importer: ScriptedImporter/UnityEditor.QuickSearchModule:UnityEditor.Search:ASIAI0B -> (ImportResultId: '7b4e6d15d0f445cfa8702750b7393553') in 0.0041075 seconds
[Worker1] Imported GUID: 3fdd83b151eb8d25c5e2f82fc39dcb04 - Path: Packages/com.unity.modules.unitywebrequest/package.json - Importer: ScriptedImporter/UnityEditor.QuickSearchModule:UnityEditor.Search:ASIAI0B -> (ImportResultId: '6722d4e430fef7ccd716eb6bd4115d67') in 0.0048966 seconds
Worker ready: AssetImportWorkerHW4 4
Worker ready: AssetImportWorkerHW3 3
[Worker4] Imported GUID: e0cfa863159472b4bac71ee880576818 - Path: Assets/Mini Chibi Free Demo/Readme.asset - Importer: PreviewImporter -> (ImportResultId: 'a048952acb5795ddf3196cf66b729b2d') in 0.0068033 seconds
[Worker4] Imported GUID: df0857f6a11054383be91b1f8e1b5800 - Path: Packages/com.unity.multiplayer.center/package.json - Importer: PreviewImporter -> (ImportResultId: 'c4ed96ef5756384fce85a522bef228ab') in 0.0115587 seconds
Starting new worker id: 5 with log in C:/Users/cgardner4864/Documents/GitHub/Holy-Guac/Holy guac map/Logs/AssetImportWorkerHW5.log
Starting new worker id: 6 with log in C:/Users/cgardner4864/Documents/GitHub/Holy-Guac/Holy guac map/Logs/AssetImportWorkerHW6.log
[Worker2] Imported GUID: 0d5ad0248b27d014aba8fc5931ae74f6 - Path: Assets/Free Pack/Textures/T_All_Banana_BaseOp.png - Importer: PreviewImporter -> (ImportResultId: 'd10b9d13e7106c25ebacc8f0f8b34fcf') in 0.0339004 seconds
[Worker4] Imported GUID: 1c1665de31f2c3e4b82fb92828ccf701 - Path: Assets/Free Pack/Textures/T_All_Banana_AO.png - Importer: PreviewImporter -> (ImportResultId: 'a4069b3cdcb85210c7f4a2ae0bdcbabe') in 0.0491328 seconds
[Worker1] Imported GUID: 86ff0dd3bcb7f5844ad6527a0000e3aa - Path: Assets/Free Pack/Textures/T_Apple_V4_AO.png - Importer: PreviewImporter -> (ImportResultId: '837ca5699d5ae3fbabea8666b441b10b') in 0.041389 seconds
[Worker4] Imported GUID: 0c4282b681f189347a9d5e31c3f59f67 - Path: Assets/Free Pack/Textures/T_Demo_Batch_01_AO.png - Importer: PreviewImporter -> (ImportResultId: 'a1495014395bdf75ef1823ccec10c582') in 0.0090361 seconds
[Worker2] Imported GUID: ac19a7cba80b6234c8ae9d26dbbcd50a - Path: Assets/Free Pack/Textures/T_Batch_Small_01_MetallicSmoothness.png - Importer: PreviewImporter -> (ImportResultId: 'fcf245096ce18130fc41a8df8c8f04e8') in 0.0104245 seconds
[Worker3] Imported GUID: 343520c80c38fde448564717b4ef886b - Path: Assets/Free Pack/Textures/T_All_Banana_MetallicSmoothness.png - Importer: PreviewImporter -> (ImportResultId: 'e2cb3676cac33652a32cb8f603d961d5') in 0.0494534 seconds
[Worker0] Imported GUID: b627f8389b42371489513b959e80cd42 - Path: Assets/Free Pack/Textures/T_All_Banana_Normal.png - Importer: PreviewImporter -> (ImportResultId: '1e7c993caf506ed791a5f8cc725f0ef5') in 0.0510148 seconds
[Worker2] Imported GUID: 362f9a1e76dd8c1418de811036523626 - Path: Assets/Free Pack/Textures/T_Dishes_AO.png - Importer: PreviewImporter -> (ImportResultId: 'ac3b32108469f5e9921b557357abffc1') in 0.0079779 seconds
[Worker3] Imported GUID: 37bb0f4faccb646479266dfcb12348db - Path: Assets/Free Pack/Textures/T_FC_RK_Batch_02_AO.png - Importer: PreviewImporter -> (ImportResultId: 'b6f0545fa34574885c9c6dba75179982') in 0.0085224 seconds
[Worker1] Imported GUID: 3556336b77005d24d9fc8daa7d8e465c - Path: Assets/Free Pack/Textures/T_Fridge_Normal.png - Importer: PreviewImporter -> (ImportResultId: 'bb007a19a455cebb643c9fa013d06e39') in 0.0203471 seconds
[Worker4] Imported GUID: 0a826d14a938f264bb91ee28f92863a9 - Path: Assets/Free Pack/Textures/T_Candle_stand_05_Normal.png - Importer: PreviewImporter -> (ImportResultId: '89d26e87a2dfecd937623b943f9a13f6') in 0.0187599 seconds
[Worker2] Imported GUID: a5b7cd99e8934e34ab9c84349555849c - Path: Assets/Free Pack/Textures/T_Grapes_02_BaseOP.png - Importer: PreviewImporter -> (ImportResultId: '2040e4a566c10c39584b17b1f4b4df21') in 0.0104087 seconds
[Worker3] Imported GUID: cd590a632df82724a828c68b3b017b88 - Path: Assets/Free Pack/Textures/T_Bulk2_AO.png - Importer: PreviewImporter -> (ImportResultId: '3f57951a0f97c6f6b8ccf30bb85acdae') in 0.0090545 seconds
[Worker1] Imported GUID: b3fb97b1fc7ee4b4d9f6cefed9efed4f - Path: Assets/Free Pack/Textures/T_Carpet_01_BaseOp.png - Importer: PreviewImporter -> (ImportResultId: 'c2d7f9ffae743d7dba23e6d2aa3be795') in 0.0078523 seconds
[Worker4] Imported GUID: ea8bbb679db51a449be88437fc43f236 - Path: Assets/Free Pack/Textures/T_BottleBulk_01_BaseOP.png - Importer: PreviewImporter -> (ImportResultId: '2b3a931ca066f4ea6407f9f669f279c5') in 0.007178 seconds
[Worker2] Imported GUID: 74a1338ea96a19e41bf2127e3e8ce4e9 - Path: Assets/Free Pack/Textures/T_Fridge_MetallicSmoothness.png - Importer: PreviewImporter -> (ImportResultId: '2dcfe4f62c9bb2c10af9db7811485c06') in 0.0103274 seconds
[Worker1] Imported GUID: 312383f8a9173164ea542eb704163bf7 - Path: Assets/Free Pack/Textures/T_HH_Basket_04_AO.png - Importer: PreviewImporter -> (ImportResultId: '7aa3621b0d50a418fea68b7c87515b58') in 0.0074088 seconds
[Worker4] Imported GUID: 6ee0764e887ab7c4f8c4079d4b382a13 - Path: Assets/Free Pack/Textures/T_CerealBox_Normal.png - Importer: PreviewImporter -> (ImportResultId: '47889f1a0ea163203dd1700e459be726') in 0.0106894 seconds
[Worker2] Imported GUID: 70cbc2ff091156e47b906c340f997747 - Path: Assets/Free Pack/Textures/T_Chair_V2_BaseOp.png - Importer: PreviewImporter -> (ImportResultId: '9fc173ad162833fd34ef7ecaeea137d4') in 0.0095251 seconds
[Worker3] Imported GUID: 0a54765a920bcf6498b00c3619d8a865 - Path: Assets/Free Pack/Textures/T_CS_Batch_01_Normal.png - Importer: PreviewImporter -> (ImportResultId: 'fa5c81e7d818f40971e2e128a70eb8d5') in 0.0174828 seconds
[Worker1] Imported GUID: 84282679339f73345b91682fee6c7301 - Path: Assets/Free Pack/Textures/T_Fridge_BaseOp.png - Importer: PreviewImporter -> (ImportResultId: 'd1ec1f8164dc9340c5656a1f3e0ad7d9') in 0.0066775 seconds
[Worker3] Imported GUID: 90336de5a12971e419c4fa2213f2422a - Path: Assets/Free Pack/Textures/T_Dishes_BaseOp.png - Importer: PreviewImporter -> (ImportResultId: 'd676e3872158cc0a6968bd0186563a68') in 0.0076658 seconds
[Worker4] Imported GUID: f7af460e08631714d94ea43384fdb5fe - Path: Assets/Free Pack/Textures/T_Chair_V2_Normal.png - Importer: PreviewImporter -> (ImportResultId: 'a66cabb906b6016d17d92826d07187c3') in 0.0118848 seconds
[Worker1] Imported GUID: 1d30dc50f91074f48b43aab2dd04dfe8 - Path: Assets/Free Pack/Textures/T_CS_Batch_01_BaseOp.png - Importer: PreviewImporter -> (ImportResultId: 'de904c54255fd267df8d15cd70624653') in 0.0092339 seconds
[Worker2] Imported GUID: 9edcfb4e243116f458c2696baed0761d - Path: Assets/Free Pack/Textures/T_Apple_V4_Normal.png - Importer: PreviewImporter -> (ImportResultId: 'e608cc0b8094b5dd5731bb3ed39183fe') in 0.0182397 seconds
[Worker3] Imported GUID: 0e263b0e77ba8ae4db74e55bfbec1da2 - Path: Assets/Free Pack/Textures/T_Fridge_AO.png - Importer: PreviewImporter -> (ImportResultId: '30f009097136c76448901649f9b24748') in 0.0084333 seconds
[Worker4] Imported GUID: ce4f5f3d2f6fa5946959e3b7e762c06d - Path: Assets/Free Pack/Textures/T_BottleBulk_01_MetallicSmoothness.png - Importer: PreviewImporter -> (ImportResultId: 'a47bf1f79c4cedb130ed486511af413b') in 0.009957 seconds
[Worker1] Imported GUID: 312f67ce637845e46b577366c7e3f3f3 - Path: Assets/Free Pack/Textures/T_Candle_stand_04_Normal.png - Importer: PreviewImporter -> (ImportResultId: '30dd36f5a5a1df5b9949ddb9869e0a59') in 0.0102709 seconds
[Worker2] Imported GUID: 81af971f342b0774cb1d21a8ad1ad1ae - Path: Assets/Free Pack/Textures/T_Candle_stand_04_BaseOp.png - Importer: PreviewImporter -> (ImportResultId: 'f1589d40701735ed8af64fef5af1b10f') in 0.0079686 seconds
[Worker1] Imported GUID: 1ec3f24e05a8b584eb3ba5e7f8a01268 - Path: Assets/Free Pack/Textures/T_EggplantDish_BaseOP.png - Importer: PreviewImporter -> (ImportResultId: 'b2a5dd38080b95168747c76490481de2') in 0.0087052 seconds
[Worker3] Imported GUID: 04028a7ee3e7dba45a43275b0427bf18 - Path: Assets/Free Pack/Textures/T_Dishes_Normal.png - Importer: PreviewImporter -> (ImportResultId: 'fbca78636db83053e24e02e8865843a6') in 0.0121672 seconds
[Worker4] Imported GUID: de5d0cff30cd91e45aefa4e02d8e5aca - Path: Assets/Free Pack/Textures/T_Batch_Small_01_AO.png - Importer: PreviewImporter -> (ImportResultId: 'a72bb8d2e5707de008b2aad0c4042113') in 0.0095742 seconds
[Worker2] Imported GUID: db9a368859a26d6419bae749f2d6e9a1 - Path: Assets/Free Pack/Textures/T_CS_Batch_01_MetallicSmoothness.png - Importer: PreviewImporter -> (ImportResultId: 'c36ce42384dec2b69c1c1849d30ca715') in 0.0068559 seconds
[Worker4] Imported GUID: 6a7d5c2007348f345a93f6eea75bfec5 - Path: Assets/Free Pack/Textures/T_Apple_V4_BaseOp.png - Importer: PreviewImporter -> (ImportResultId: '73228850db0eeb56cb33d38c5baa6806') in 0.0072175 seconds
[Worker1] Imported GUID: a7491534c7fa85d4786c86e16fcbffa3 - Path: Assets/Free Pack/Textures/T_Grapes_02_Normal.png - Importer: PreviewImporter -> (ImportResultId: '5dd1038fe6e8e86b35c157de0ccc0a44') in 0.0105055 seconds
[Worker3] Imported GUID: 542bf4e5724e0d44a9db77926bcc12c0 - Path: Assets/Free Pack/Textures/T_Bulk2_MetallicSmoothness.png - Importer: PreviewImporter -> (ImportResultId: '7b8252bb4c5891ae8431b7eeb8f3bc09') in 0.0106465 seconds
[Worker2] Imported GUID: 60e70c34e4bcd444e80e4d3b88bbbb80 - Path: Assets/Free Pack/Textures/T_CerealBox_BaseOp.png - Importer: PreviewImporter -> (ImportResultId: 'cf5fdaf3a0b67f9c26b5b02cea8ab6b7') in 0.008397 seconds
[Worker3] Imported GUID: 0b65fca745c4e9b409a6d29f581ab7ef - Path: Assets/Free Pack/Textures/T_Chair_V2_MetallicSmoothness.png - Importer: PreviewImporter -> (ImportResultId: '69b8b47a22d390280d6c2f050f910b26') in 0.0079421 seconds
[Worker4] Imported GUID: f7a8e20dd31ca0940ad501a0860b6be7 - Path: Assets/Free Pack/Textures/T_Demo_Batch_01_MetallicSmoothness.png - Importer: PreviewImporter -> (ImportResultId: '7a2bcbace579bfcbbf12e210e5db15ca') in 0.0115188 seconds
[Worker1] Imported GUID: 2289ef6194181ec42a0ba42bbf605d89 - Path: Assets/Free Pack/Textures/T_Candle_stand_05_BaseOp.png - Importer: PreviewImporter -> (ImportResultId: '252459d8eca1cb4608407dec3402ca36') in 0.0087356 seconds
[Worker2] Imported GUID: 905435ca92d7c4e459ac82e8fdbd702f - Path: Assets/Free Pack/Textures/T_Batch_Small_02_Normal.png - Importer: PreviewImporter -> (ImportResultId: '8987d36f73ba1648879c23d9b4996d31') in 0.0092808 seconds
[Worker3] Imported GUID: d9a20e163caca9e4297d764a47ac651c - Path: Assets/Free Pack/Textures/T_EggplantDish_MetallicSmoothness.png - Importer: PreviewImporter -> (ImportResultId: 'b29ba3bfd0db331f0315ed6ea885a7d9') in 0.0067158 seconds
[Worker4] Imported GUID: 60a837ecb57daae40bb7e562ccbc809f - Path: Assets/Free Pack/Textures/T_Cereal_Bowl_Normal.png - Importer: PreviewImporter -> (ImportResultId: 'a4bca82ad275e0b5812cbd9585e3d4b5') in 0.0120974 seconds
[Worker2] Imported GUID: 49b32191294d21a4bb56fb59d239ef32 - Path: Assets/Free Pack/Textures/T_Batch_Small_02_BaseOp.png - Importer: PreviewImporter -> (ImportResultId: 'f92f008f93d79af0cf42abd52f70ac42') in 0.0108252 seconds
[Worker1] Imported GUID: a9fb996bf3933964db8196306f0a3ea4 - Path: Assets/Free Pack/Textures/T_Dishes_MetallicSmoothness.png - Importer: PreviewImporter -> (ImportResultId: '99baf82f4d747423a1fae462417851a1') in 0.0120913 seconds
[Worker3] Imported GUID: f0b125903d1c74c4f981b377d4b778f6 - Path: Assets/Free Pack/Textures/T_HH_Basket_04_BaOp.png - Importer: PreviewImporter -> (ImportResultId: '25d183d03db26f36fd493071175af423') in 0.0085657 seconds
[Worker4] Imported GUID: b66527673826d9545bf8155628737b6b - Path: Assets/Free Pack/Textures/T_BottleBulk_01_Normal.png - Importer: PreviewImporter -> (ImportResultId: '6e01b461b7f0ad60336877c04271b4d0') in 0.0093849 seconds
[Worker2] Imported GUID: 40fb165a64f0a854b98735a60d428734 - Path: Assets/Free Pack/Textures/T_EggplantDish_Normal.png - Importer: PreviewImporter -> (ImportResultId: '3ba64e8bb42243f3ab517d4eece8f225') in 0.0114017 seconds
[Worker3] Imported GUID: 2f9164bc265ab4b4ca8db22a787d4e1e - Path: Assets/Free Pack/Textures/T_FC_RK_Batch_02_BaseOp.png - Importer: PreviewImporter -> (ImportResultId: '0417e4f37a487fcb99e755bab2d0965b') in 0.0088707 seconds
[Worker1] Imported GUID: 6f5785b58f1f7d049bb0a752de1d111a - Path: Assets/Free Pack/Textures/T_FC_RK_Batch_02_Normal.png - Importer: PreviewImporter -> (ImportResultId: 'eea145797deba3ef810b88bb88134b23') in 0.0121562 seconds
[Worker4] Imported GUID: 0b825b7a0b9fb964ba573b485074a006 - Path: Assets/Free Pack/Textures/T_Candle_stand_05_AO.png - Importer: PreviewImporter -> (ImportResultId: 'a806ba2da832dd80d96b1bec2f11e879') in 0.0074387 seconds
[Worker2] Imported GUID: f12924951948f5148af53343a2f030c1 - Path: Assets/Free Pack/Textures/T_Grapes_02_Metalness Smoothness.png - Importer: PreviewImporter -> (ImportResultId: 'c4e6812bd8bdd26b6c05fbcdc7018fba') in 0.0067593 seconds
[Worker3] Imported GUID: a72a6792ffe8ef64abcad7a4f80941c1 - Path: Assets/Free Pack/Textures/T_BottleBulk_01_AO.png - Importer: PreviewImporter -> (ImportResultId: 'ecc0fc958e752705f4d429143f2c2b39') in 0.0073884 seconds
[Worker1] Imported GUID: 4b3587cb1e8554c4eb82e2c7764cfb95 - Path: Assets/Free Pack/Textures/T_CerealBox_MetallicSmoothness.png - Importer: PreviewImporter -> (ImportResultId: '51b25b638d642ace593eca50b7d89e61') in 0.0069332 seconds
[Worker0] Imported GUID: 6679fce512dd98644818c3c96cac456f - Path: Assets/Free Pack/Textures/T_FC_RK_Batch_02_MetallicSmoothness.png - Importer: PreviewImporter -> (ImportResultId: '7f2eef347f91416bfbf7589d837b1f44') in 0.1171515 seconds
[Worker4] Imported GUID: 8cf38f344db136a4a97d7078a06a3b3f - Path: Assets/Free Pack/Textures/T_Candle_stand_05_MetallicSmoothness.png - Importer: PreviewImporter -> (ImportResultId: 'a2dc3c2aa3c53c3a0b1941e843faf45b') in 0.0090207 seconds
[Worker1] Imported GUID: dccf9b83895abb74e9e2d69f0fff05ef - Path: Assets/Free Pack/Textures/T_CerealBox_AO.png - Importer: PreviewImporter -> (ImportResultId: '1c50f4ee81edf272770190304c8275ba') in 0.0074796 seconds
[Worker2] Imported GUID: fc19d764a1b426a49a5c2bec89f83aba - Path: Assets/Free Pack/Textures/T_Demo_Batch_01_BaseOp.png - Importer: PreviewImporter -> (ImportResultId: 'ffd9e6a951f880745bafc6245258e759') in 0.0090739 seconds
[Worker3] Imported GUID: 30e36934e9562e449b11733eb49948fb - Path: Assets/Free Pack/Textures/T_HH_Basket_04_Normal.png - Importer: PreviewImporter -> (ImportResultId: '6397148a93f72493ec091a198b47c75f') in 0.0105346 seconds
[Worker0] Imported GUID: 34e9e7101151ff444b82fe0680266cba - Path: Assets/Free Pack/Textures/T_CS_Batch_01_AO.png - Importer: PreviewImporter -> (ImportResultId: '260715ee52ce41db257d5cf8730249b8') in 0.0111349 seconds
[Worker2] Imported GUID: 2dd55d893787ce74a821c49112c77943 - Path: Assets/Free Pack/Textures/T_Batch_Small_01_Emissive.png - Importer: PreviewImporter -> (ImportResultId: '4d680d175518a6f8c74f542389c3314d') in 0.0077972 seconds
[Worker1] Imported GUID: d11dbf2fc76b7df4f81b437651b5f5b6 - Path: Assets/Free Pack/Textures/T_Apple_V4_MetallicSmoothness.png - Importer: PreviewImporter -> (ImportResultId: 'c0770d57f8bdefd0b7edbbb0cee511e3') in 0.0086965 seconds
[Worker4] Imported GUID: 833d732be5af4614eaadb0b671d3b4ed - Path: Assets/Free Pack/Textures/T_Demo_Batch_01_Normal.png - Importer: PreviewImporter -> (ImportResultId: 'cdefce357777788b0f35e4e434014339') in 0.0129275 seconds
[Worker3] Imported GUID: dab73ed9e3c3f6d4c98dccad2e18f7c6 - Path: Assets/Free Pack/Textures/T_Cereal_Bowl_BaseOp.png - Importer: PreviewImporter -> (ImportResultId: '01312b24279bf51816ef16f261bcefba') in 0.0097049 seconds
[Worker0] Imported GUID: 0de22df6cdf5ea34c8010e2910352b1c - Path: Assets/Free Pack/Textures/T_Batch_Small_02_AO.png - Importer: PreviewImporter -> (ImportResultId: '71ae285922b93ce48e3e1b76600c8c98') in 0.0082909 seconds
[Worker2] Imported GUID: a97c00a5f54a41b4e9dfd9ecd91b8545 - Path: Assets/Free Pack/Textures/T_Batch_Small_01_Normal.png - Importer: PreviewImporter -> (ImportResultId: '4e98f0b8cc44db1a8849710fe694d75c') in 0.0114719 seconds
[Worker1] Imported GUID: 1b153ff6a672cb24c8272f451f838a78 - Path: Assets/Free Pack/Textures/T_Batch_Small_02_MetallicSmoothness.png - Importer: PreviewImporter -> (ImportResultId: '72114dc7597e025d128bdcd50f383378') in 0.0129712 seconds
[Worker4] Imported GUID: e38e251954c27a94084c1352db714d31 - Path: Assets/Free Pack/Textures/T_Candle_stand_04_AO.png - Importer: PreviewImporter -> (ImportResultId: 'b22bfeca83793cf43362deccc0953f77') in 0.0099099 seconds
[Worker3] Imported GUID: a7dd340d8ac282f448a1b93eb874df2b - Path: Assets/Free Pack/Textures/T_Bulk2_BaseOP.png - Importer: PreviewImporter -> (ImportResultId: '7e7e7f9544995b329bc46f5137fcf143') in 0.0106679 seconds
[Worker0] Imported GUID: 20bfc58edd876e94fa226e3095495b90 - Path: Assets/Free Pack/Textures/T_Candle_stand_04_MetallicSmoothness.png - Importer: PreviewImporter -> (ImportResultId: 'd508c0339d5f824c8acc25a3eebfe9c9') in 0.0104992 seconds
[Worker2] Imported GUID: 15251d7cecfe2b44baf1c122357b5cea - Path: Assets/Free Pack/Textures/T_Batch_Small_01_BaseOp.png - Importer: PreviewImporter -> (ImportResultId: '3a576f0c04bfa3e36a4c96c2900ebdcb') in 0.0089359 seconds
[Worker4] Imported GUID: 8d36a18cbb2269845bb3be4eeda6cbf6 - Path: Assets/Free Pack/Textures/T_Cereal_Bowl_AO.png - Importer: PreviewImporter -> (ImportResultId: 'e9981466d9d7bb8b4fc69b9f7f23a01d') in 0.0077045 seconds
[Worker0] Imported GUID: a33a2f163783c344d8be18706a399803 - Path: Assets/Free Pack/Textures/T_FC_RK_Batch_02_Emissive.png - Importer: PreviewImporter -> (ImportResultId: 'cbcf301fabea30f9a989a12a4e52e5e3') in 0.007986 seconds
[Worker1] Imported GUID: b56328890990dbc47b09b4ac2725f306 - Path: Assets/Free Pack/Textures/T_Bulk2_Normal.png - Importer: PreviewImporter -> (ImportResultId: '503ff1a6a6f1ca4be897a4640fac845e') in 0.0114775 seconds
[Worker3] Imported GUID: a904a5b25201c7a408a1fad6ebbdf8ad - Path: Assets/Free Pack/Textures/T_Chair_V2_AO.png - Importer: PreviewImporter -> (ImportResultId: '5da39075ac82f04141ebc1be442109b4') in 0.0095609 seconds
[Worker2] Imported GUID: af435e9f43dfed6479a0f6e1d2cb5c39 - Path: Assets/Free Pack/Textures/T_Cereal_Bowl_MetallicSmoothness.png - Importer: PreviewImporter -> (ImportResultId: '178c24cb2fae25e70540c73831364d15') in 0.0071653 seconds
[Worker4] Imported GUID: f4949426a1eb55647910afb267c459d0 - Path: Assets/Free Pack/Textures/T_EggplantDish_AO.png - Importer: PreviewImporter -> (ImportResultId: 'abd01e99f49980db6e97fd13e8f1cf4a') in 0.0084496 seconds
[Worker0] Imported GUID: e0db912f08c8bc941838a346964b3c3a - Path: Assets/Free Pack/Textures/T_Carpet_01_Normal.png - Importer: PreviewImporter -> (ImportResultId: '48cbbbdb22c712aeb17fdd93cb4fb477') in 0.0108431 seconds
[Worker3] Imported GUID: 75cb882384b7f18419f0531ee6221c87 - Path: Assets/Free Pack/Textures/T_Grapes_02_AO.png - Importer: PreviewImporter -> (ImportResultId: 'f23eb0351880f0852055369cf30f36ba') in 0.0094565 seconds
[Worker1] Imported GUID: 954c9f48ed2ebcc4e8382961a8eb8068 - Path: Assets/Free Pack/Textures/T_Carpet_01_MetallicSmoothness.png - Importer: PreviewImporter -> (ImportResultId: '1a6d5943dfc2020019ffe1198235388a') in 0.0096263 seconds
[Worker2] Imported GUID: 68f8b215339807e458b84da3a18b2eab - Path: Assets/Free Pack/Textures/T_HH_Basket_04_MetallicSmoothness.png - Importer: PreviewImporter -> (ImportResultId: '3959b0499c9dc3423c2674af29f09dca') in 0.0066622 seconds
Worker ready: AssetImportWorkerHW6 6
Worker ready: AssetImportWorkerHW5 5
[Worker4] Imported GUID: 2ea976573cca94646b0a7bd3936324b0 - Path: Assets/Free Pack/scenes/Demo.unity - Importer: PreviewImporter -> (ImportResultId: 'f3e8eacd8466ec72744e5f844cb1f3b9') in 0.0012466 seconds
Opening scene 'Assets/Free Pack/scenes/Demo.unity'
Unloading 120 Unused Serialized files (Serialized files now loaded: 0)
Loaded scene 'Assets/Free Pack/scenes/Demo.unity'
	Deserialize:            4.151 ms
	Integration:            35.655 ms
	Integration of assets:  0.001 ms
	Thread Wait Time:       0.007 ms
	Total Operation Time:   39.814 ms
Unloading 63 unused Assets / (17.1 MB). Loaded Objects now: 4032.
Memory consumption went from 481.2 MB to 464.1 MB.
Total: 9.011100 ms (FindLiveObjects: 0.207500 ms CreateObjectMapping: 0.102700 ms MarkObjects: 6.325000 ms  DeleteObjects: 2.374900 ms)

Launched and connected shader compiler UnityShaderCompiler.exe after 0.01 seconds
Launched and connected shader compiler UnityShaderCompiler.exe after 0.01 seconds
Launched and connected shader compiler UnityShaderCompiler.exe after 0.01 seconds
Launched and connected shader compiler UnityShaderCompiler.exe after 0.01 seconds
TrimDiskCacheJob: Current cache size 0mb
MonoPathRemapper: Attempts to remap: 5069; Successful remaps: 572
Serialized file version minimum: 23, current 23
[LAYOUT] About to save layout C:\Users\cgardner4864\Documents\GitHub\Holy-Guac\Holy guac map\UserSettings\Layouts\default-6000.dwlt
[LAYOUT] About to save layout C:/Users/cgardner4864/AppData/Roaming/Unity/Editor-5.x/Preferences\Layouts\current\default-6000.dwlt
[Physics::Module] Cleanup current backend.
[Physics::Module] Id: 0xf2b8ea05
Input System module state changed to: ShutdownInProgress.
Input Polling Thread exited.
Input System module state changed to: Shutdown.
[Licensing::IpcConnector] LicenseClient-cgardner4864-6000.5.7-notifications channel disconnected successfully.
[Licensing::IpcConnector] LicenseClient-cgardner4864-6000.5.7 channel disconnected successfully.
Shut down.
AcceleratorClientConnectionCallback - disconnected - :0
Cleanup mono
CodeReloadManager destroyed
abort_threads: Failed aborting id: 0000000000002DDC, mono_thread_manage will ignore it

abort_threads: Failed aborting id: 000000000000791C, mono_thread_manage will ignore it

abort_threads: Failed aborting id: 0000000000002DDC, mono_thread_manage will ignore it

abort_threads: Failed aborting id: 000000000000791C, mono_thread_manage will ignore it

debugger-agent: Unable to listen on 4716
Checking for leaked weakptr:
  Found no leaked weakptrs.
[Package Manager] Server process was shutdown
##utp:{"type":"MemoryLeaks","version":2,"phase":"Immediate","time":1791467588281,"processId":21828,"allocatedMemory":47250755,"memoryLabels":[{"Default":203458},{"Permanent":15516},{"NewDelete":73749},{"Thread":4197560},{"Manager":51589},{"VertexData":8},{"Geometry":816},{"Texture":24},{"Shader":847344},{"Material":24},{"GfxDevice":55328},{"Animation":952},{"Audio":1256},{"FreeType":8},{"FontEngine":736},{"Physics":2146},{"Physics2D":16},{"Serialization":82216},{"Input":42840},{"JobScheduler":256},{"TextLib":59431},{"Mono":48},{"ScriptingNativeRuntime":707732},{"BaseObject":1693553},{"Resource":1208},{"Renderer":3080},{"Transform":4685},{"File":72324},{"WebCam":616},{"Culling":32},{"Terrain":11442},{"Wind":24},{"STL":40},{"String":9667},{"StaticString":3808},{"Utility":2676151},{"PoolAlloc":2168},{"AI":80},{"TypeTree":14869},{"CodeReload":448},{"RuntimeInitializeOnLoadManager":64},{"Sprites":102},{"SpriteAtlas":120},{"GI":7816},{"Director":8296},{"CloudService":7064},{"WebRequest":7459},{"VR":47114},{"SceneManager":608},{"Video":208},{"LazyScriptCache":32},{"NativeArray":33061696},{"Camera":30201},{"Secure":265},{"Image":65536},{"SerializationCache":1576},{"APIUpdating":10320},{"Subsystems":336},{"VirtualTexturing":57888},{"StaticSafetyDebugInfo":278528},{"Analytics":552},{"Hierarchy":1176},{"UIElements":1410320},{"CoreStats":13688},{"Identifiers":6768},{"Gui":267687},{"EditorUtility":269652},{"VersionControl":8},{"Undo":931},{"AssetDatabase":809721},{"AssetImporter":40},{"EditorGi":328},{"UnityConnect":35345},{"Upm":1988},{"UpmDiagnostics":8},{"AssetCompliance":64},{"DrivenProperties":72},{"LocalIPC":218},{"ProfilerEditor":9746},{"CoreBusinessMetrics":3486},{"Windowing":456},{"Licensing":664},{"AssetReference":32},{"IPCStream":32}]}
